Customer ID,Recency,Frequency,Monetary,Monetary_log,Frequency_log,Recency_scaled,Frequency_scaled,Monetary_scaled
12346,326,12,77556.46,11.258774359980725,2.5649493574615367,0.5955835512607377,1.2544959545938104,3.186624925127968
12347,2,8,5633.32,8.63663174483544,2.1972245773362196,-0.9522790918878471,0.8001660338568091,1.297126898401073
12348,75,5,2019.4,7.6110507905938976,1.791759469228055,-0.6035322617957277,0.2992073267345332,0.5581002802090212
12349,19,4,4428.69,8.39608488316401,1.6094379124341003,-0.8710640766609151,0.07394609082159041,1.1237904757983177
12350,310,1,334.4,5.815323849389109,0.6931471805599453,0.5191458898706842,-1.058145946714099,-0.7358882665423826
12351,375,1,300.93,5.710195202428391,0.6931471805599453,0.8296738892677769,-1.058145946714099,-0.8116432502100952
12352,36,10,2849.84,7.9553689666784315,2.3978952727983707,-0.7898490614339833,1.0480979277381186,0.8062136019330891
12353,204,2,406.76,6.010678766031786,1.0986122886681098,0.012746383161579257,-0.5571872395918231,-0.5951168503060144
12354,232,1,1079.4,6.985086621918461,0.6931471805599453,0.146512290594173,-1.058145946714099,0.10703478335829149
12355,214,2,947.61,6.854997755239065,1.0986122886681098,0.06051992153036274,-0.5571872395918231,0.013293636149089459
12356,23,6,6373.68,8.76008917268833,1.9459101490553132,-0.8519546613134018,0.48966298795922886,1.386089476166847
12357,33,3,18287.66,9.814036474622236,1.3862943611198906,-0.8041811229446183,-0.20175138038774237,2.1455566904121377
12358,2,5,3887.07,8.265668169533484,1.791759469228055,-0.9522790918878471,0.2992073267345332,1.0298130843193911
12359,58,10,8935.94,9.097948527696552,2.3978952727983707,-0.6847472770226596,1.0480979277381186,1.629548615617157
12360,52,8,4252.89,8.355589137409874,2.1972245773362196,-0.7134114000439297,0.8001660338568091,1.09460951849595
12361,287,4,511.25,6.238812787119009,1.6094379124341003,0.40926675162248216,0.07394609082159041,-0.4307250356946276
12362,3,11,5356.23,8.586202329437555,2.4849066497880004,-0.9475017380509687,1.15560189306089,1.260787806723553
12363,110,2,552.0,6.315358001522335,1.0986122886681098,-0.4363248775049855,-0.5571872395918231,-0.3755670779485127
12364,8,4,1313.1,7.180907299649593,1.6094379124341003,-0.923614968866577,0.07394609082159041,0.2481418238480768
12365,291,2,641.38,6.465180028897591,1.0986122886681098,0.42837616696999553,-0.5571872395918231,-0.26760635016403844
12366,634,1,500.24,6.217085028297085,0.6931471805599453,2.067008533019269,-1.058145946714099,-0.4463819100317048
12367,4,1,168.9,5.135210028677887,0.6931471805599453,-0.9427243842140904,-1.058145946714099,-1.225973632136558
12368,628,1,917.6999999999999,6.822959627277421,0.6931471805599453,2.038344409997999,-1.058145946714099,-0.009792819642406811
12369,413,3,1791.15,7.491171295388921,1.3862943611198906,1.0112133350691541,-0.20175138038774237,0.4717159362276892
12370,51,7,4320.31,8.371313876010715,2.0794415416798357,-0.718188753880808,0.654643185938614,1.1059406575367758
12371,45,5,4067.38,8.31100016480189,1.791759469228055,-0.7468528769020781,0.2992073267345332,1.0624790099301915
12372,72,3,1298.04,7.169380809114136,1.3862943611198906,-0.6178643233063628,-0.20175138038774237,0.2398359136370775
12373,311,3,1127.65,7.028777507229587,1.3862943611198906,0.5239232437075625,-0.20175138038774237,0.13851813636300608
12374,25,4,2989.2200000000003,8.003102242273277,1.6094379124341003,-0.842399953639645,0.07394609082159041,0.8406098737166032
12375,11,2,457.5,6.127960291696519,1.0986122886681098,-0.909282907355942,-0.5571872395918231,-0.5106045853990369
12376,390,2,503.15,6.222873842839224,1.0986122886681098,0.9013341968209521,-0.5571872395918231,-0.4422105298820197
12377,315,4,3426.32,8.139533893646055,1.6094379124341003,0.5430326590550759,0.07394609082159041,0.938921588175991
12378,130,2,5416.32,8.597356507200939,1.0986122886681098,-0.34077780076741854,-0.5571872395918231,1.2688254308985092
12379,82,4,1620.22,7.390934231218893,1.6094379124341003,-0.5700907849375793,0.07394609082159041,0.3994857936487846
12380,22,11,9676.300000000001,9.177538215743802,2.4849066497880004,-0.8567320151502801,1.15560189306089,1.6869004002395795
12381,5,5,1845.31,7.520944331624911,1.791759469228055,-0.937947030377212,0.2992073267345332,0.49317018242034116
12383,185,5,1850.56,7.523783805985769,1.791759469228055,-0.07802333973910935,0.2992073267345332,0.49521628821595803
12384,29,2,585.27,6.373780434317173,1.0986122886681098,-0.8232905382921317,-0.5571872395918231,-0.33346827262616546
12385,379,1,1938.4,7.570133925870446,0.6931471805599453,0.8487833046152902,-1.058145946714099,0.5286158674588288
12386,338,2,660.8,6.4949633954875114,1.0986122886681098,0.652911797303278,-0.5571872395918231,-0.24614465998902862
12387,415,1,143.94,4.976319863681136,0.6931471805599453,1.0207680427429107,-1.058145946714099,-1.3404687978432628
12388,16,8,3901.11,8.269272711457157,2.1972245773362196,-0.8853961381715503,0.8001660338568091,1.032410492565875
12389,403,3,1433.33,7.268453120207762,1.3862943611198906,0.9634397967003706,-0.20175138038774237,0.31122674311883225
12390,80,1,549.84,6.311444385858925,0.6931471805599453,-0.5796454926113359,-1.058145946714099,-0.3783872026170448
12391,22,6,2773.42,7.928196995326099,1.9459101490553132,-0.8567320151502801,0.48966298795922886,0.7866336652980758
12392,591,1,234.75000000000003,5.462771921513567,0.6931471805599453,1.8615823180335,-1.058145946714099,-0.9899347734684332
12393,72,6,2399.4500000000003,7.783411498760109,1.9459101490553132,-0.6178643233063628,0.48966298795922886,0.682302227152804
12394,64,2,1272.48,7.149508589545504,1.0986122886681098,-0.6560831540013895,-0.5571872395918231,0.22551612818958255
12395,19,15,5067.27,8.53075481547577,2.772588722239781,-0.8710640766609151,1.5110377522649707,1.220832707556722
12396,674,1,931.43,6.837794081676172,0.6931471805599453,2.258102686494403,-1.058145946714099,0.000896786694072814
12397,36,2,2409.9,7.7877554007552545,1.0986122886681098,-0.7898490614339833,-0.5571872395918231,0.685432413207794
12398,46,1,1635.6599999999999,7.4004128587924045,0.6931471805599453,-0.7420755230651997,-1.058145946714099,0.4063160278217026
12399,119,7,1962.3,7.582382009904704,2.0794415416798357,-0.3933286929730804,0.654643185938614,0.5374417530076331
12400,414,1,205.25,5.32908902521479,0.6931471805599453,1.0159906889060324,-1.058145946714099,-1.0862657538295757
12401,303,1,84.3,4.446174454497633,0.6931471805599453,0.48570441301253575,-1.058145946714099,-1.7224879522343173
12402,323,6,1256.9,7.137198942844827,1.9459101490553132,0.5812514897501027,0.48966298795922886,0.2166458810045926
12403,50,2,1019.36,6.927910785185701,1.0986122886681098,-0.7229661077176863,-0.5571872395918231,0.06583426662857028
12404,682,1,63.24,4.162626069638506,0.6931471805599453,2.29632151718943,-1.058145946714099,-1.9268109782125342
12405,149,1,1710.39,7.445061184797548,0.6931471805599453,-0.2500080778667299,-1.058145946714099,0.4384893060393343
12406,22,5,6390.36,8.762702357276806,1.791759469228055,-0.8567320151502801,0.2992073267345332,1.3879725191008505
12407,50,5,1708.1200000000001,7.4437338971514055,1.791759469228055,-0.7229661077176863,0.2992073267345332,0.4375328716433562
12408,33,8,4340.7699999999995,8.37603737805411,2.1972245773362196,-0.8041811229446183,0.8001660338568091,1.1093443807891596
12409,79,7,23419.29,10.061358019654037,2.0794415416798357,-0.5844228464482143,0.654643185938614,2.3237749034892867
12410,309,3,1013.71,6.9223581363660704,1.3862943611198906,0.5143685360338058,-0.20175138038774237,0.0618330658825848
12411,410,1,346.9,5.8519150821578965,0.6931471805599453,0.996881273558519,-1.058145946714099,-0.7095208745810196
12412,75,6,2596.93,7.862470253064629,1.9459101490553132,-0.6035322617957277,0.48966298795922886,0.7392714245530759
12413,67,4,999.45,6.908205177762502,1.6094379124341003,-0.6417510924907545,0.07394609082159041,0.05163454075304758
12414,217,6,952.41,6.860045031492727,1.9459101490553132,0.07485198304099779,0.48966298795922886,0.016930668881998765
12415,24,28,144458.37,11.88075357052652,3.367295829986474,-0.8471773074765234,2.245808014503504,3.634818888417153
12416,657,1,202.56,5.315960801720632,0.6931471805599453,2.176887671267471,-1.058145946714099,-1.095725861850919
12417,3,20,6816.91,8.827308252258714,3.044522437723423,-0.9475017380509687,1.8470162614078611,1.4345270849654825
12418,113,4,2021.2,7.6119413066572985,1.6094379124341003,-0.42199281599435046,0.07394609082159041,0.5587419799910415
12419,386,2,503.01,6.222596109144375,1.0986122886681098,0.8822247814734386,-0.5571872395918231,-0.44241066288216335
12420,64,1,600.39,6.3992436425478765,0.6931471805599453,-0.6560831540013895,-1.058145946714099,-0.315119659004559
12421,16,6,1098.6,7.00270175629109,1.9459101490553132,-0.8853961381715503,0.48966298795922886,0.11972812865742527
12422,96,17,5231.8,8.562701786647002,2.8903717578961645,-0.5032078312212823,1.6565606001831652,1.2438534763887785
12423,1,10,2622.39,7.872222653526559,2.3978952727983707,-0.9570564457247255,1.0480979277381186,0.7462989375961246
12424,163,4,3340.03,8.114034421663943,1.6094379124341003,-0.18312512415043303,0.07394609082159041,0.9205468431432504
12425,78,2,1741.41,7.4630244913725114,1.0986122886681098,-0.5892002002850927,-0.5571872395918231,0.4514335418451367
12426,195,2,1345.21,7.205048515865767,1.0986122886681098,-0.030249801370325877,-0.5571872395918231,0.2655378190696108
12427,22,3,1129.3,7.030238363196686,1.3862943611198906,-0.8567320151502801,-0.20175138038774237,0.1395708191771376
12428,26,9,7956.46,8.981865132439246,2.302585092994046,-0.8376225998027668,0.9303406571479473,1.545899715283685
12429,9,8,7485.91,8.920911441322318,2.1972245773362196,-0.9188376150296986,0.8001660338568091,1.50197690253432
12430,43,1,256.4,5.5506312951620265,0.6931471805599453,-0.7564075845758348,-1.058145946714099,-0.9266239099862701
12431,36,27,10857.97,9.292746745527754,3.332204510175204,-0.7898490614339833,2.202452120611942,1.769918878499132
12432,43,5,5059.32,8.529185001388596,1.791759469228055,-0.7564075845758348,0.2992073267345332,1.2197015102667987
12433,1,10,20581.26,9.93218481871349,2.3978952727983707,-0.9570564457247255,1.0480979277381186,2.230693578746148
12434,85,3,1103.43,7.007084643758051,1.3862943611198906,-0.5557587234269442,-0.20175138038774237,0.12288640737665117
12435,80,6,13925.93,9.541579654832375,1.9459101490553132,-0.5796454926113359,0.48966298795922886,1.9492261703299174
12436,100,1,509.01,6.234430333369278,0.6931471805599453,-0.48409841587376895,-1.058145946714099,-0.4338830018801858
12437,2,39,12683.4,9.44812817095412,3.6888794541139363,-0.9522790918878471,2.6431297898006605,1.881885670479615
12438,14,2,2906.85,7.9751692554798295,1.0986122886681098,-0.8949508458453069,-0.5571872395918231,0.8204815545618942
12439,683,2,1158.18,7.055468137579511,1.0986122886681098,2.301098871026308,-0.5571872395918231,0.15775122196521063
12440,462,2,859.2,6.757164920349636,1.0986122886681098,1.245303673076193,-0.5571872395918231,-0.05720403526091208
12441,367,1,347.1,5.8524897948173935,0.6931471805599453,0.79145505857275,-1.058145946714099,-0.7091067405709995
12442,3,1,172.06,5.153638355178593,0.6931471805599453,-0.9475017380509687,-1.058145946714099,-1.212694306154117
12443,732,1,485.31,6.186846280636522,0.6931471805599453,2.535189209033347,-1.058145946714099,-0.4681717446903203
12444,21,5,5005.46,8.518484357502437,1.791759469228055,-0.8615093689871585,0.2992073267345332,1.2119906995005112
12445,22,2,434.98,6.077596370737269,1.0986122886681098,-0.8567320151502801,-0.5571872395918231,-0.5468964822322149
12446,58,1,1002.3100000000001,6.9110598129904375,0.6931471805599453,-0.6847472770226596,-1.058145946714099,0.05369157136574365
12447,243,1,476.49,6.168543217293113,0.6931471805599453,0.19906318279983484,-1.058145946714099,-0.48136080689871313
12448,44,1,449.45,6.110247083097449,0.6931471805599453,-0.7516302307389565,-1.058145946714099,-0.5233686023146806
12449,22,6,4835.89,8.484027231195778,1.9459101490553132,-0.8567320151502801,0.48966298795922886,1.1871611300533496
12450,156,5,688.2,6.5355315046537745,1.791759469228055,-0.21656660100858147,0.2992073267345332,-0.21691155810702126
12451,11,8,12669.88,9.447061726309741,2.1972245773362196,-0.909282907355942,0.8001660338568091,1.881117197765915
12452,17,2,430.57,6.067429722163682,1.0986122886681098,-0.8806187843346719,-0.5571872395918231,-0.5542224996300724
12453,134,1,707.09,6.562571204258897,0.6931471805599453,-0.3216683854199051,-1.058145946714099,-0.19742693558799163
12454,56,5,16679.78,9.72201243740933,1.791759469228055,-0.6943019846964162,0.2992073267345332,2.0792447988617253
12455,73,10,5879.95,8.679473592468364,2.3978952727983707,-0.6130869694694844,1.0480979277381186,1.327998440664329
12456,44,3,3181.04,8.065277779528966,1.3862943611198906,-0.7516302307389565,-0.20175138038774237,0.8854131404331999
12457,66,8,2995.91,8.005337036835723,2.1972245773362196,-0.6465284463276328,0.8001660338568091,0.8422202513869449
12458,71,4,1777.49,7.483519968656931,1.6094379124341003,-0.622641677143241,0.07394609082159041,0.46620244253804993
12459,605,1,454.36,6.121088314901487,0.6931471805599453,1.928465271749797,-1.058145946714099,-0.5155564848567276
12460,456,1,326.65,5.791945965485506,0.6931471805599453,1.216639550054923,-1.058145946714099,-0.7527342097225023
12461,94,2,826.88,6.718868216346018,1.0986122886681098,-0.5127625388950391,-0.5571872395918231,-0.08480037812457847
12462,19,2,1189.59,7.082204261557526,1.0986122886681098,-0.8710640766609151,-0.5571872395918231,0.17701708996453228
12463,53,4,1344.78,7.204729049594601,1.6094379124341003,-0.7086340462070513,0.07394609082159041,0.26530761386052454
12464,10,8,1212.05,7.100893128209941,2.1972245773362196,-0.9140602611928204,0.8001660338568091,0.19048415939757424
12465,17,2,742.1899999999999,6.610951732080795,1.0986122886681098,-0.8806187843346719,-0.5571872395918231,-0.16256425827842164
12466,682,1,56.73,4.055776969072842,0.6931471805599453,2.29632151718943,-1.058145946714099,-2.0038057089759405
12467,423,1,132.8,4.896346147694128,0.6931471805599453,1.0589868734379375,-1.058145946714099,-1.3980973103714018
12468,188,5,3670.74,8.208420943133293,1.791759469228055,-0.06369127822847431,0.2992073267345332,0.9885611246837952
12469,523,2,3070.54,8.029934343472139,1.0986122886681098,1.5367222571257724,-0.5571872395918231,0.8599449022445523
12470,690,1,211.95,5.3610573963692225,0.6931471805599453,2.3345403478844564,-1.058145946714099,-1.063229564316052
12471,2,79,39963.79,10.595754095448541,4.382026634673881,-0.9522790918878471,3.499524356127016,2.708857059155471
12472,32,19,17880.59,9.791526970948304,2.995732273553991,-0.8089584767814967,1.7867352234743035,2.1293364960837144
12473,29,5,3938.5499999999997,8.278821782571185,1.791759469228055,-0.8232905382921317,0.2992073267345332,1.0392914878720863
12474,17,31,12424.45,9.427502067612823,3.4657359027997265,-0.8806187843346719,2.3674323185913275,1.8670226415439106
12475,54,2,1149.64,7.048073588295634,1.0986122886681098,-0.703856692370173,-0.5571872395918231,0.1524227603477079
12476,16,23,14115.41,9.555093229428618,3.1780538303479458,-0.8853961381715503,2.0119964593872464,1.9589639597186963
12477,23,9,20276.37,9.917260764877222,2.302585092994046,-0.8519546613134018,0.9303406571479473,2.2199394076680687
12478,4,1,680.99,6.525014994979364,0.6931471805599453,-0.9427243842140904,-1.058145946714099,-0.2244896830202428
12479,11,1,527.2,6.269474999863032,0.6931471805599453,-0.909282907355942,-1.058145946714099,-0.4086300549943878
12480,28,7,5464.85,8.606274923740443,2.0794415416798357,-0.82806789212901,0.654643185938614,1.2752519808335092
12481,23,15,12361.39,9.422414078014738,2.772588722239781,-0.8519546613134018,1.5110377522649707,1.8633562710535871
12482,576,29,23691.4,10.072909600590481,3.4011973816621555,1.7899220104803248,2.2876939305965793,2.332098893671559
12483,17,19,5120.58,8.541218264178296,2.995732273553991,-0.8806187843346719,1.7867352234743035,1.2283725970966677
12484,33,12,6370.15,8.759535266023915,2.5649493574615367,-0.8041811229446183,1.2544959545938104,1.3856903348145204
12485,529,1,708.1,6.563996560309951,0.6931471805599453,1.5653863801470425,-1.058145946714099,-0.19639983377045753
12486,432,1,1037.28,6.945320776868279,0.6931471805599453,1.1019830579698426,-1.058145946714099,0.07837978750892079
12487,731,1,285.29999999999995,5.657040212104069,0.6931471805599453,2.5304118551964687,-1.058145946714099,-0.8499463725301332
12488,10,3,1298.66,7.169857970780942,1.3862943611198906,-0.9140602611928204,-0.20175138038774237,0.24017975306924744
12489,336,1,334.93,5.816902804925467,0.6931471805599453,0.6433570896295212,-1.058145946714099,-0.7347504819867268
12490,5,21,9823.64,9.192648794844782,3.091042453358316,-0.937947030377212,1.9044924940644754,1.69778898014713
12491,39,1,460.40000000000003,6.134265345739653,0.6931471805599453,-0.7755169999233482,-1.058145946714099,-0.506061206597252
12492,63,3,715.21,6.573973420047142,1.3862943611198906,-0.6608605078382679,-0.20175138038774237,-0.18921057690949597
12493,166,2,433.74,6.0747481512447195,1.0986122886681098,-0.16879306263979799,-0.5571872395918231,-0.5489488897098911
12494,16,9,1872.8700000000001,7.535761090061292,2.302585092994046,-0.8853961381715503,0.9303406571479473,0.5038470371674197
12495,641,1,357.4,5.881649681100775,0.6931471805599453,2.1004500098774175,-1.058145946714099,-0.6880943260387802
12496,620,2,54.09,4.008968211484625,1.0986122886681098,2.000125579302972,-0.5571872395918231,-2.0375357794098
12497,82,3,6248.5,8.740256739530276,1.3862943611198906,-0.5700907849375793,-0.20175138038774237,1.3717983605345798
12498,21,3,403.70000000000005,6.00314605188182,1.3862943611198906,-0.8615093689871585,-0.20175138038774237,-0.6005448725806419
12499,560,1,393.72,5.9781766527810465,0.6931471805599453,1.7134843490902711,-1.058145946714099,-0.6185376507220602
12500,23,19,5955.21,8.692189651745124,2.995732273553991,-0.8519546613134018,1.7867352234743035,1.3371615459708077
12501,337,1,2169.39,7.682662153888476,0.6931471805599453,0.6481344434663996,-1.058145946714099,0.6097029386055521
12502,96,5,3723.87,8.222787230875806,1.791759469228055,-0.5032078312212823,0.2992073267345332,0.998913373331173
12503,584,1,1126.0,7.027314514039777,0.6931471805599453,1.8281408411753517,-1.058145946714099,0.13746391348081222
12504,18,4,779.05,6.659358020193259,1.6094379124341003,-0.8758414304977935,0.07394609082159041,-0.12768301827973227
12505,409,1,955.2,6.862967096192003,0.6931471805599453,0.9921039197216407,-1.058145946714099,0.019036288710363617
12506,233,1,73.5,4.310799125385514,0.6931471805599453,0.15128964443105136,-1.058145946714099,-1.8200384881004534
12507,134,4,1844.06,7.520267076271057,1.6094379124341003,-0.3216683854199051,0.07394609082159041,0.49268215684640543
12508,26,2,398.27,5.989637879766574,1.0986122886681098,-0.8376225998027668,-0.5571872395918231,-0.6102787689785804
12509,284,1,176.5,5.178970608915471,0.6931471805599453,0.3949346901118471,-1.058145946714099,-1.1944400574447185
12510,143,9,5178.02,8.552371128165808,2.302585092994046,-0.278672200888,0.9303406571479473,1.2364092745737199
12511,429,1,3084.02,8.034313419300645,0.6931471805599453,1.0876509964592076,-1.058145946714099,0.8631004343231886
12512,66,2,138.03,4.9346897371814515,1.0986122886681098,-0.6465284463276328,-0.5571872395918231,-1.3704671821489867
12513,113,1,612.29,6.418837907265026,0.6931471805599453,-0.42199281599435046,-1.058145946714099,-0.30100016592116446
12514,267,2,1597.76,7.3769836077601205,1.0986122886681098,0.3137196748849152,-0.5571872395918231,0.38943306984012965
12515,353,1,383.7,5.95246380975825,0.6931471805599453,0.7245721048564532,-1.058145946714099,-0.6370661494667486
12516,78,4,2648.62,7.882171512471631,1.6094379124341003,-0.5892002002850927,0.07394609082159041,0.753468017277878
12517,28,5,2502.84,7.825580832414862,1.791759469228055,-0.82806789212901,0.2992073267345332,0.712689160445
12518,1,5,2056.89,7.629436465014086,1.791759469228055,-0.9570564457247255,0.2992073267345332,0.5713488713940832
12519,64,2,726.54,6.589668980352017,1.0986122886681098,-0.6560831540013895,-0.5571872395918231,-0.1779004635490936
12520,79,5,2634.26,7.876737127834484,1.791759469228055,-0.5844228464482143,0.2992073267345332,0.7495520368925794
12521,143,1,599.68,6.39806234681208,0.6931471805599453,-0.278672200888,-1.058145946714099,-0.3159708926288769
12522,39,2,192.72,5.266413817535028,1.0986122886681098,-0.7755169999233482,-0.5571872395918231,-1.1314290796348148
12523,19,23,4372.15,8.383238852219565,3.1780538303479458,-0.8710640766609151,2.0119964593872464,1.1145337137974238
12524,9,17,11126.11,9.317139751972052,2.8903717578961645,-0.9188376150296986,1.6565606001831652,1.7874963120362026
12525,498,3,973.73,6.882160509570649,1.3862943611198906,1.4172884112038135,-0.20175138038774237,0.03286693106201732
12526,1,3,1316.66,7.183612715167257,1.3862943611198906,-0.9570564457247255,-0.20175138038774237,0.25009132775857257
12527,82,5,735.51,6.601922813543027,1.791759469228055,-0.5700907849375793,0.2992073267345332,-0.1690704351972716
12528,9,6,1933.48,7.567593835498341,1.9459101490553132,-0.9188376150296986,0.48966298795922886,0.5267854957170025
12529,528,1,316.48,5.760414824222675,0.6931471805599453,1.5606090263101642,-1.058145946714099,-0.7754553343678393
12530,60,9,3759.26,8.232243382929433,2.302585092994046,-0.6751925693489029,0.9303406571479473,1.0057274117982482
12531,15,2,1933.2,7.567449083282863,1.0986122886681098,-0.8901734920084285,-0.5571872395918231,0.5266811882609814
12532,30,1,349.83000000000004,5.860301775655642,0.6931471805599453,-0.8185131844552533,-1.058145946714099,-0.7034774806316502
12533,628,2,1367.89,7.221755471439273,1.0986122886681098,2.038344409997999,-0.5571872395918231,0.2775767369402186
12534,131,1,1089.18,6.9940980992041535,0.6931471805599453,-0.33600044693054015,-1.058145946714099,0.11352839223023588
12535,92,2,716.35,6.575563866544399,1.0986122886681098,-0.5223172465687957,-0.5571872395918231,-0.18806451204604246
12536,43,3,12601.830000000002,9.441676670894656,1.3862943611198906,-0.7564075845758348,-0.20175138038774237,1.8772367636805045
12537,409,1,732.94,6.598427281404094,0.6931471805599453,0.9921039197216407,-1.058145946714099,-0.17158929173876
12538,29,2,640.45,6.463731238695349,1.0986122886681098,-0.8232905382921317,-0.5571872395918231,-0.2686503384705731
12539,22,7,11214.75,9.325074319439649,2.0794415416798357,-0.8567320151502801,0.654643185938614,1.793213907061874
12540,20,33,22254.49,10.010343998731724,3.5263605246161616,-0.8662867228240368,2.442335020593583,2.287014549070969
12541,30,3,981.18,6.889774590946187,1.3862943611198906,-0.8185131844552533,-0.20175138038774237,0.03835358600264531
12542,484,2,481.88,6.179768175579484,1.0986122886681098,1.3504054574875168,-0.5571872395918231,-0.47327217876320055
12543,448,1,980.25,6.888827269096618,0.6931471805599453,1.1784207193598963,-1.058145946714099,0.037670952359800065
12544,36,1,372.7,5.923453336491439,0.6931471805599453,-0.7898490614339833,-1.058145946714099,-0.6579708980015706
12545,75,2,1000.39,6.9091443138264115,1.0986122886681098,-0.6035322617957277,-0.5571872395918231,0.05231127577475666
12546,47,2,1161.5,7.058328137461511,1.0986122886681098,-0.7372981692283215,-0.5571872395918231,0.15981211831091882
12547,198,3,383.58,5.952151829722441,1.3862943611198906,-0.015917739859690833,-0.20175138038774237,-0.6372909601458605
12548,166,1,95.19999999999999,4.566429357671661,0.6931471805599453,-0.16879306263979799,-1.058145946714099,-1.6358330918391786
12549,576,6,1575.68,7.363076649441731,1.9459101490553132,1.7899220104803248,0.48966298795922886,0.3794118108328601
12550,79,1,964.83,6.872987835288763,0.6931471805599453,-0.5844228464482143,-1.058145946714099,0.026257164737590474
12551,358,1,168.0,5.1298987149230735,0.6931471805599453,0.7484588740408449,-1.058145946714099,-1.2298009284861466
12552,39,2,437.82,6.084089306213804,1.0986122886681098,-0.7755169999233482,-0.5571872395918231,-0.5422177173550808
12553,8,12,4608.75,8.435928904585275,2.5649493574615367,-0.923614968866577,1.2544959545938104,1.1525018050057771
12554,449,1,468.5,6.1516682986483175,0.6931471805599453,1.1831980731967746,-1.058145946714099,-0.49352075780922117
12555,682,1,129.23,4.869302117979612,0.6931471805599453,2.29632151718943,-1.058145946714099,-1.4175850531376322
12556,50,2,603.71,6.404749004268278,1.0986122886681098,-0.7229661077176863,-0.5571872395918231,-0.31115253301872087
12557,16,8,18716.14,9.837194960582092,2.1972245773362196,-0.8853961381715503,0.8001660338568091,2.162244536935202
12558,8,1,269.96,5.601971208509516,0.6931471805599453,-0.923614968866577,-1.058145946714099,-0.8896287197162562
12559,311,2,561.71,6.33276439774036,1.0986122886681098,0.5239232437075625,-0.5571872395918231,-0.3630241479353173
12560,5,3,2134.01,7.666226609492505,1.3862943611198906,-0.937947030377212,-0.20175138038774237,0.5978595977723733
12561,303,1,238.85,5.480013727948073,0.6931471805599453,0.48570441301253575,-1.058145946714099,-0.9775104457270524
12562,8,9,4966.92,8.510756520424078,2.302585092994046,-0.923614968866577,0.9303406571479473,1.2064220729787922
12563,409,1,249.24,5.522420457356946,0.6931471805599453,0.9921039197216407,-1.058145946714099,-0.9469524466787939
12564,261,1,456.9,6.12665081966305,0.6931471805599453,0.2850555518636451,-1.058145946714099,-0.5115481819864242
12565,289,1,145.92,4.989888220951467,0.6931471805599453,0.4188214592962389,-1.058145946714099,-1.3306915324343807
12566,86,1,351.65,5.865476063654188,0.6931471805599453,-0.5509813695900658,-1.058145946714099,-0.6997489241044423
12567,23,15,13709.86,9.525943498524859,2.772588722239781,-0.8519546613134018,1.5110377522649707,1.9379588630835456
12568,645,1,70.0,4.2626798770413155,0.6931471805599453,2.119559425224931,-1.058145946714099,-1.8547128892061715
12569,2,32,4124.69,8.324988557507531,3.4965075614664802,-0.9522790918878471,2.4054512011867506,1.0725589499997084
12570,682,1,77.52,4.3633533694082605,0.6931471805599453,2.29632151718943,-1.058145946714099,-1.7821682594547847
12571,40,2,519.61,6.255001200981438,1.0986122886681098,-0.7707396460864698,-0.5571872395918231,-0.4190597754329534
12572,9,2,1020.42,6.928949094989139,1.0986122886681098,-0.9188376150296986,-0.5571872395918231,0.06658246556839703
12573,227,5,717.41,6.577040436712936,1.791759469228055,0.12262552140978127,0.2992073267345332,-0.187000505685877
12574,316,1,218.45,5.391124416134243,0.6931471805599453,0.5478100128919543,-1.058145946714099,-1.0415634756039331
12575,457,2,622.8199999999999,6.435861865217934,1.0986122886681098,1.2214169038918015,-0.5571872395918231,-0.2887328183050169
12576,36,8,2142.72,7.670297916647234,2.1972245773362196,-0.7898490614339833,0.8001660338568091,0.6007933538505618
12577,35,8,1653.75,7.4114052189990325,2.1972245773362196,-0.7946264152708616,0.8001660338568091,0.41423704737248096
12578,21,4,4642.45,8.443212903418239,1.6094379124341003,-0.8615093689871585,0.07394609082159041,1.1577506047247825
12579,78,1,440.42,6.0899968031722285,0.6931471805599453,-0.5892002002850927,-1.058145946714099,-0.5379608154682934
12580,247,2,1052.9,6.960252847939891,1.0986122886681098,0.21817259814734824,-0.5571872395918231,0.08913973575193213
12581,40,1,197.71,5.291846475417725,0.6931471805599453,-0.7707396460864698,-1.058145946714099,-1.1131024803849439
12582,239,4,1980.4,7.59155894453893,1.6094379124341003,0.17995376745232144,0.07394609082159041,0.5440545893128053
12583,3,27,14447.44,9.578341729235134,3.332204510175204,-0.9475017380509687,2.202452120611942,1.9757166696037534
12584,4,9,2338.15,7.757542894498013,2.302585092994046,-0.9427243842140904,0.9303406571479473,0.6636614879248577
12585,234,2,2040.1,7.621244157199997,1.0986122886681098,0.15606699826792972,-0.5571872395918231,0.5654455504382919
12586,17,4,2062.67,7.632241230097758,1.6094379124341003,-0.8806187843346719,0.07394609082159041,0.5733699659220548
12587,8,1,144.0,4.976733742420574,0.6931471805599453,-0.923614968866577,-1.058145946714099,-1.3401705596555469
12588,39,4,958.78,6.866704091532522,1.6094379124341003,-0.7755169999233482,0.07394609082159041,0.021729141982727518
12589,29,8,4695.66,8.454606896777193,2.1972245773362196,-0.8232905382921317,0.8001660338568091,1.1659610383769927
12590,211,2,9864.26,9.196774773912752,1.0986122886681098,0.046187860019727696,-0.5571872395918231,1.7007621324319129
12591,317,3,1352.15,7.210190486770758,1.3862943611198906,0.5525873667288326,-0.20175138038774237,0.2692430881203293
12592,92,5,2582.66,7.856962277297855,1.791759469228055,-0.5223172465687957,0.2992073267345332,0.7353024149033083
12593,109,3,418.09999999999997,6.038109554931026,1.3862943611198906,-0.4411022313418638,-0.20175138038774237,-0.5753504115176329
12594,38,15,5090.110000000001,8.535251160425936,2.772588722239781,-0.7802943537602266,1.5110377522649707,1.224072742962024
12595,505,1,299.02,5.703849139100744,0.6931471805599453,1.4507298880619621,-1.058145946714099,-0.8162161800216983
12596,51,2,618.27,6.428541364981557,1.0986122886681098,-0.718188753880808,-0.5571872395918231,-0.29400792068556425
12597,19,4,3811.22,8.245966975595675,1.6094379124341003,-0.8710640766609151,0.07394609082159041,1.0156165387712415
12598,10,11,4534.09,8.419600207997298,2.4849066497880004,-0.9140602611928204,1.15560189306089,1.1407354579719435
12599,29,13,2296.72,7.739672605902305,2.6390573296152584,-0.8232905382921317,1.3460575542855853,0.6507842802384404
12600,29,21,5043.92,8.526137075377541,3.091042453358316,-0.8232905382921317,1.9044924940644754,1.2175051956383593
12601,190,6,681.26,6.525410816864686,1.9459101490553132,-0.05413657055471762,0.48966298795922886,-0.22420445647805134
12602,59,1,153.12,5.037731519757957,0.6931471805599453,-0.6799699231857812,-1.058145946714099,-1.2962159786773781
12603,22,1,739.1999999999999,6.606920419952056,0.6931471805599453,-0.8567320151502801,-1.058145946714099,-0.1654691942145438
12604,79,2,254.18,5.541969178493598,1.0986122886681098,-0.5844228464482143,-0.5571872395918231,-0.9328657719878788
12605,376,4,1232.95,7.117975685005857,1.6094379124341003,0.8344512431046551,0.07394609082159041,0.20279373293903685
12606,682,1,21.0,3.091042453358316,0.6931471805599453,2.29632151718943,-1.058145946714099,-2.698986799901052
12607,60,1,1579.51,7.3655028587473295,0.6931471805599453,-0.6751925693489029,-1.058145946714099,0.3811601206573814
12608,405,1,415.79,6.03258249782888,0.6931471805599453,0.9729945043741273,-1.058145946714099,-0.5793331710471076
12609,78,9,3435.86,8.14231354282266,2.302585092994046,-0.5892002002850927,0.9303406571479473,0.9409245843531826
12610,23,5,2099.54,7.6499497335130995,1.791759469228055,-0.8519546613134018,0.2992073267345332,0.5861305923144983
12611,52,1,1193.32,7.085332264745334,0.6931471805599453,-0.7134114000439297,-1.058145946714099,0.17927110765862025
12612,74,1,704.0400000000001,6.558254538791405,0.6931471805599453,-0.608309615632606,-1.058145946714099,-0.20053749518751757
12613,57,10,6835.07,8.829968284089432,2.3978952727983707,-0.689524630859538,1.0480979277381186,1.4364438857016981
12614,278,1,315.6,5.757639147446912,0.6931471805599453,0.36627056709057704,-1.058145946714099,-0.7774554680601654
12615,2,8,5740.98,8.655559377568013,2.1972245773362196,-0.9522790918878471,0.8001660338568091,1.3107660210377432
12616,95,3,1131.1,7.031829594084064,1.3862943611198906,-0.5079851850581607,-0.20175138038774237,0.14071744926674506
12617,29,1,355.53,5.876418387786464,0.6931471805599453,-0.8232905382921317,-1.058145946714099,-0.6918639602064749
12618,22,1,177.31,5.183523608545955,0.6931471805599453,-0.8567320151502801,-1.058145946714099,-1.1911591970644329
12619,16,10,3781.38,8.238108720109691,2.3978952727983707,-0.8853961381715503,1.0480979277381186,1.0099539336373637
12620,15,3,1339.41,7.20073081629489,1.3862943611198906,-0.8901734920084285,-0.20175138038774237,0.26242651430226194
12621,2,35,24775.81,10.117663414047277,3.58351893845611,-0.9522790918878471,2.5129551665095216,2.364348185425064
12622,232,1,180.1,5.199049364889368,0.6931471805599453,0.146512290594173,-1.058145946714099,-1.1799714432767938
12623,276,7,3747.84,8.229201737777698,2.0794415416798357,0.3567158594168203,0.654643185938614,1.003535623114059
12624,106,2,641.13,6.464790775403018,1.0986122886681098,-0.45543429285249887,-0.5571872395918231,-0.2678868435688
12625,212,4,5164.88,8.549830744582277,1.6094379124341003,0.050965213856606045,0.07394609082159041,1.2345786915457464
12626,23,9,6620.48,8.798074188898816,2.302585092994046,-0.8519546613134018,0.9303406571479473,1.413461218939475
12627,11,7,4478.53,8.407273409191232,2.0794415416798357,-0.909282907355942,0.654643185938614,1.1318528510971715
12628,4,3,786.46,6.668812575758953,1.3862943611198906,-0.9427243842140904,-0.20175138038774237,-0.12087013023093712
12629,386,2,1558.22,7.3519409752019005,1.0986122886681098,0.8822247814734386,-0.5571872395918231,0.3713875201703678
12630,10,2,1270.88,7.1482513998271635,1.0986122886681098,-0.9140602611928204,-0.5571872395918231,0.2246102058807405
12631,57,6,3481.57,8.155525805954461,1.9459101490553132,-0.689524630859538,0.48966298795922886,0.950445250762379
12632,521,2,804.88,6.691934848047708,1.0986122886681098,1.5271675494520156,-0.5571872395918231,-0.10420837903148004
12633,59,7,5678.16,8.644558613454844,2.0794415416798357,-0.6799699231857812,0.654643185938614,1.3028389456894147
12634,536,2,490.0,6.19644412779452,1.0986122886681098,1.5988278570051908,-0.5571872395918231,-0.46125560170056945
12635,90,4,2930.41,7.983238814926674,1.6094379124341003,-0.5318719542425524,0.07394609082159041,0.8262964238841423
12636,739,1,141.0,4.955827057601261,0.6931471805599453,2.568630685891496,-1.058145946714099,-1.3552357736844585
12637,67,12,8340.31,9.028975557358438,2.5649493574615367,-0.6417510924907545,1.2544959545938104,1.579847165132116
12638,33,2,921.49,6.827076535747527,1.0986122886681098,-0.8041811229446183,-0.5571872395918231,-0.006826203568380036
12639,239,3,1312.37,7.180351632015873,1.3862943611198906,0.17995376745232144,-0.20175138038774237,0.2477414135533185
12640,24,3,1174.58,7.06951692181073,1.3862943611198906,-0.8471773074765234,-0.20175138038774237,0.16787467975483591
12641,115,1,185.9,5.230573714461517,0.6931471805599453,-0.41243810832059374,-1.058145946714099,-1.1572552126772906
12642,25,3,1013.26,6.9219145615400475,1.3862943611198906,-0.842399953639645,-0.20175138038774237,0.061513428898068725
12643,128,12,8350.42,9.030186863266598,2.5649493574615367,-0.3503325084411752,1.2544959545938104,1.5807200238812977
12644,130,4,1918.49,7.559814804737258,1.6094379124341003,-0.34077780076741854,0.07394609082159041,0.5211799793778008
12645,34,8,3539.3,8.171966748299813,2.1972245773362196,-0.7994037691077399,0.8001660338568091,0.9622924813209467
12646,5,2,1346.97,7.206355036031724,1.0986122886681098,-0.937947030377212,-0.5571872395918231,0.2664792885614668
12647,22,36,17924.35,9.793971191079148,3.6109179126442243,-0.8567320151502801,2.5468070428147276,2.1310977843856707
12648,155,4,1112.0,7.014814351275545,1.6094379124341003,-0.2213439548454598,0.07394609082159041,0.1284563817240119
12649,107,8,2294.65,7.738771306795058,2.1972245773362196,-0.45065693901562054,0.8001660338568091,0.6501348102688064
12650,3,1,314.44,5.753968489569372,0.6931471805599453,-0.9475017380509687,-1.058145946714099,-0.7801005190106136
12651,335,4,377.75,5.9368763568235785,1.6094379124341003,0.6385797357926429,0.07394609082159041,-0.6482983613958955
12652,331,2,1017.03,6.925624666224383,1.0986122886681098,0.6194703204451295,-0.5571872395918231,0.06418690494758336
12653,149,3,4160.83,8.333710160372133,1.3862943611198906,-0.2500080778667299,-0.20175138038774237,1.0788436773472514
12654,11,5,601.98,6.401884028681278,1.791759469228055,-0.909282907355942,0.2992073267345332,-0.3132170148234063
12655,424,1,261.35,5.569679490132721,0.6931471805599453,1.0637642272748158,-1.058145946714099,-0.9128979110257436
12656,17,8,6407.83,8.765432005953489,2.1972245773362196,-0.8806187843346719,0.8001660338568091,1.3899394852599218
12657,11,4,1643.18,7.4049970586737315,1.6094379124341003,-0.909282907355942,0.07394609082159041,0.40961937088926076
12658,19,1,686.05,6.532407069777784,0.6931471805599453,-0.8710640766609151,-1.058145946714099,-0.2191630045000293
12659,30,1,91.68,4.529152699564175,0.6931471805599453,-0.8185131844552533,-1.058145946714099,-1.6626943966096532
12660,11,1,245.1,5.50573795739701,0.6931471805599453,-0.909282907355942,-1.058145946714099,-0.9589737420015977
12661,436,1,162.0,5.093750200806762,0.6931471805599453,1.121092473317356,-1.058145946714099,-1.2558493004157927
12662,1,20,6988.02,8.852095625112755,3.044522437723423,-0.9570564457247255,1.8470162614078611,1.4523886962390016
12663,625,2,239.4,5.4823042026610525,1.0986122886681098,2.0240123484873638,-0.5571872395918231,-0.975859945321222
12664,8,11,6070.04,8.711285203809107,2.4849066497880004,-0.923614968866577,1.15560189306089,1.350921670128721
12665,325,3,313.6,5.751301990624177,1.3862943611198906,0.5908061974238594,-0.20175138038774237,-0.7820219799052706
12666,394,1,1248.42,7.130434722615036,0.6931471805599453,0.9204436121684655,-1.058145946714099,0.2117716301905014
12667,58,1,620.13,6.431540399799522,0.6931471805599453,-0.6847472770226596,-1.058145946714099,-0.29184683671633216
12668,12,10,11444.68,9.345367645213216,2.3978952727983707,-0.9045055535190636,1.0480979277381186,1.8078371387592684
12669,151,3,2744.0299999999997,7.917547282845659,1.3862943611198906,-0.2404533701929732,-0.20175138038774237,0.7789595553542561
12670,10,7,3760.29,8.232517262650086,2.0794415416798357,-0.9140602611928204,0.654643185938614,1.0059247676509568
12671,606,1,2622.481,7.872257340866884,0.6931471805599453,1.9332426255866753,-1.058145946714099,0.7463239330562185
12672,330,2,437.05,6.082333059112373,1.0986122886681098,0.6146929666082511,-0.5571872395918231,-0.5434832569994282
12673,5,3,1230.02,7.115598373006169,1.3862943611198906,-0.937947030377212,-0.20175138038774237,0.20108065817858
12674,39,4,1970.6,7.586600674831223,1.6094379124341003,-0.7755169999233482,0.07394609082159041,0.5404816940878927
12675,554,2,958.5,6.8664123154477545,1.0986122886681098,1.684820226069001,-0.5571872395918231,0.0215188901324923
12676,25,11,2843.09,7.952998435992042,2.4849066497880004,-0.842399953639645,1.15560189306089,0.804505413740594
12677,555,2,395.1,5.981666704627871,1.0986122886681098,1.6895975799058796,-0.5571872395918231,-0.6160227432415666
12678,42,21,34281.18,10.44238096462203,3.091042453358316,-0.7611849384127132,1.9044924940644754,2.5983374305220903
12679,59,4,1113.02,7.015730373647435,1.6094379124341003,-0.6799699231857812,0.07394609082159041,0.12911646117740516
12680,1,4,880.81,6.781976613299544,1.6094379124341003,-0.9570564457247255,0.07394609082159041,-0.039324899092718996
12681,15,45,30868.28,10.337516793609044,3.828641396489095,-0.8901734920084285,2.8158079328937515,2.522773026412663
12682,4,52,24033.91,10.087262635781837,3.970291913552122,-0.9427243842140904,2.990819440597063,2.342441592621252
12683,4,21,12696.78,9.449182454017226,3.091042453358316,-0.9427243842140904,1.9044924940644754,1.882645379641063
12684,8,7,2283.63,7.733959364615189,2.0794415416798357,-0.923614968866577,0.654643185938614,0.646667357659223
12685,28,6,2863.08,7.960002460651312,1.9459101490553132,-0.82806789212901,0.48966298795922886,0.8095524659857308
12686,372,1,178.28,5.188948829492672,0.6931471805599453,0.8153418277571418,-1.058145946714099,-1.1872498199717567
12687,481,2,2138.91,7.668519051056749,1.0986122886681098,1.3360733959768818,-0.5571872395918231,0.5995115154777667
12688,114,1,4873.8099999999995,8.491836408313453,0.6931471805599453,-0.4172154621574721,-1.058145946714099,1.1927883696508383
12689,26,2,1247.61,7.1297862115656185,1.0986122886681098,-0.8376225998027668,-0.5571872395918231,0.21130431756566243
12690,206,1,389.01,5.966172379820607,0.6931471805599453,0.022301090835335952,-1.058145946714099,-0.6271878476793239
12691,28,7,1170.4,7.065954893655682,2.0794415416798357,-0.82806789212901,0.654643185938614,0.1653079066391275
12692,637,1,110.95,4.718052343044764,0.6931471805599453,2.081340594529904,-1.058145946714099,-1.5265746060443293
12693,127,7,1703.02,7.4407454444095835,2.0794415416798357,-0.3551098622780536,0.654643185938614,0.4353794130457862
12694,70,3,1843.35,7.519882190878127,1.3862943611198906,-0.6274190309801194,-0.20175138038774237,0.4924048110657996
12695,7,7,1407.1200000000001,7.2500107603590775,2.0794415416798357,-0.9283923227034554,0.654643185938614,0.29793730480186037
12696,435,2,851.91,6.748654031960281,1.0986122886681098,1.1163151194804777,-0.5571872395918231,-0.06333692319938468
12697,29,3,957.59,6.865463454791294,1.3862943611198906,-0.8232905382921317,-0.20175138038774237,0.020835147635930043
12698,590,1,339.75,5.831149070576642,0.6931471805599453,1.8568049641966218,-1.058145946714099,-0.7244847204371283
12699,418,1,638.11,6.460076583537422,0.6931471805599453,1.0351001042535457,-1.058145946714099,-0.2712838579707655
12700,8,4,4939.99,8.505320994961897,1.6094379124341003,-0.923614968866577,0.07394609082159041,1.2025052705227806
12701,80,6,2446.41,7.802785601512003,1.9459101490553132,-0.5796454926113359,0.48966298795922886,0.6962630730304717
12702,20,1,219.0,5.393627546352362,0.6931471805599453,-0.8662867228240368,-1.058145946714099,-1.039759737096173
12703,71,4,1006.53,6.915257070052459,1.6094379124341003,-0.622641677143241,0.07394609082159041,0.05671608608532785
12704,7,8,2340.84,7.758692224146705,2.1972245773362196,-0.9283923227034554,0.8001660338568091,0.6644896870055323
12705,15,14,11762.1,9.372722792156985,2.70805020110221,-0.8901734920084285,1.4312993642702228,1.82754907047211
12707,292,1,603.42,6.404269320519532,0.6931471805599453,0.4331535208068739,-1.058145946714099,-0.31149818984587946
12708,30,18,5314.1,8.5783071052745,2.9444389791664403,-0.8185131844552533,1.7233615276208618,1.2550985622139326
12709,15,34,31093.34,10.344781088035354,3.5553480614894135,-0.8901734920084285,2.478149591821275,2.5280076272710588
12710,97,3,1149.02,7.047534612510416,1.3862943611198906,-0.498430477384404,-0.20175138038774237,0.1520343780847676
12711,612,2,1339.05,7.200462205681664,1.0986122886681098,1.9619067486079453,-0.5571872395918231,0.2622329553323118
12712,29,21,7193.66,8.881094363166692,3.091042453358316,-0.8232905382921317,1.9044924940644754,1.473284988459724
12713,1,1,848.55,6.744706797531768,0.6931471805599453,-0.9570564457247255,-1.058145946714099,-0.06618127332001718
12714,9,12,14093.71,9.553554828664682,2.5649493574615367,-0.9188376150296986,1.2544959545938104,1.9578553986545564
12715,106,1,353.86,5.871723345495433,0.6931471805599453,-0.45543429285249887,-1.058145946714099,-0.6952471755560378
12716,4,2,1053.49,6.960812516706486,1.0986122886681098,-0.9427243842140904,-0.5571872395918231,0.08954302923566328
12717,151,3,1308.91,7.17771371154501,1.3862943611198906,-0.2404533701929732,-0.20175138038774237,0.24584054611171974
12718,71,1,238.25,5.477509030333064,0.6931471805599453,-0.622641677143241,-1.058145946714099,-0.9793153136902869
12719,5,2,644.95,6.47072210140631,1.0986122886681098,-0.937947030377212,-0.5571872395918231,-0.2636127706353285
12720,3,30,8260.67,9.019382025256323,3.4339872044851463,-0.9475017380509687,2.3282062876889484,1.57293413154211
12721,32,8,4013.08,8.297563459401823,2.1972245773362196,-0.8089584767814967,0.8001660338568091,1.0527966119582075
12722,85,4,997.63,6.906384339674138,1.6094379124341003,-0.5557587234269442,0.07394609082159041,0.050322457285473444
12723,4,5,725.07,6.587646428909591,1.791759469228055,-0.9427243842140904,0.2992073267345332,-0.1793579002794013
12724,5,7,2317.52,7.748684330061293,2.0794415416798357,-0.937947030377212,0.654643185938614,0.657278067005592
12725,371,4,2694.56,7.899361253965079,1.6094379124341003,0.8105644739202634,0.07394609082159041,0.7658548273789816
12726,28,11,4014.6,8.297942054817371,2.4849066497880004,-0.82806789212901,1.15560189306089,1.0530694252241501
12727,11,10,5679.53,8.644799817221259,2.3978952727983707,-0.909282907355942,1.0480979277381186,1.3030127554730804
12728,71,5,1070.17,6.97650678801018,1.791759469228055,-0.622641677143241,0.2992073267345332,0.10085221375063422
12729,114,1,453.01,6.118119224230488,0.6931471805599453,-0.4172154621574721,-1.058145946714099,-0.517695991278546
12730,522,1,829.25,6.721726860256856,0.6931471805599453,1.531944903288894,-1.058145946714099,-0.08274045888241154
12731,24,17,25775.71,10.157226650040503,2.8903717578961645,-0.8471773074765234,1.6565606001831652,2.3928571825743243
12732,180,1,236.26000000000002,5.469156586232957,0.6931471805599453,-0.10191010892350111,-1.058145946714099,-0.9853340277580659
12733,234,4,2424.87,7.793945501918165,1.6094379124341003,0.15606699826792972,0.07394609082159041,0.6898929577506432
12734,353,3,639.65,6.462483285955585,1.3862943611198906,0.7245721048564532,-0.20175138038774237,-0.2695496046758559
12735,315,2,779.5699999999999,6.660024422032584,1.0986122886681098,0.5430326590550759,-0.5571872395918231,-0.12720281367410202
12736,333,1,234.0,5.459585514144159,0.6931471805599453,0.6290250281188862,-1.058145946714099,-0.992230876816157
12737,499,2,3710.5,8.219191386557602,1.0986122886681098,1.422065765040692,-0.5571872395918231,0.9963222325196782
12738,372,1,310.7,5.7420411867732915,0.6931471805599453,0.8153418277571418,-1.058145946714099,-0.788695251794101
12739,78,4,2726.73,7.911225040458104,1.6094379124341003,-0.5892002002850927,0.07394609082159041,0.7744037907490913
12740,64,1,427.6,6.060524083039477,0.6931471805599453,-0.6560831540013895,-1.058145946714099,-0.5591986559318347
12741,529,2,406.07,6.008985160825971,1.0986122886681098,1.5653863801470425,-0.5571872395918231,-0.5963372506290014
12742,626,1,1201.52,7.092174633858238,0.6931471805599453,2.028789702324242,-1.058145946714099,0.18420167202315693
12743,134,2,546.43,6.305234599635373,1.0986122886681098,-0.3216683854199051,-0.5571872395918231,-0.38286193207989955
12744,52,11,25317.06,10.139273254049405,2.4849066497880004,-0.7134114000439297,1.15560189306089,2.3799200882674434
12745,487,3,925.41,6.8313169012337,1.3862943611198906,1.3647375189981519,-0.20175138038774237,-0.00377062521331752
12746,541,1,254.55,5.543418085214289,0.6931471805599453,1.6227146261895826,-1.058145946714099,-0.931821699718947
12747,2,26,9276.539999999999,9.135351704431791,3.295836866004329,-0.9522790918878471,2.1575193073054413,1.6565010888451002
12748,1,336,56599.39,10.9437711546269,5.820082930352362,-0.9570564457247255,5.276266197153594,2.9596357707277137
12749,4,9,6897.36,8.839038981175287,2.302585092994046,-0.9427243842140904,0.9303406571479473,1.4429801679564338
12750,129,1,275.88,5.623584199327089,0.6931471805599453,-0.34555515460429687,-1.058145946714099,-0.8740545464178263
12751,445,1,268.27,5.595714593686387,0.6931471805599453,1.1640886578492613,-1.058145946714099,-0.894137193547546
12752,81,1,4366.78,8.38201014985595,0.6931471805599453,-0.5748681387744575,-1.058145946714099,1.1136483192814748
12753,23,6,21429.39,9.972565287088774,1.9459101490553132,-0.8519546613134018,0.48966298795922886,2.259791467958089
12754,236,3,3010.74,8.010273263812737,1.3862943611198906,0.1656217059416864,-0.20175138038774237,0.8457772627709451
12755,281,11,9030.66,9.108491461188263,2.4849066497880004,0.3806026286012121,1.15560189306089,1.6371457813523238
12756,87,1,112.07999999999998,4.72809553282539,0.6931471805599453,-0.5462040157531874,-1.058145946714099,-1.5193375522079253
12757,16,13,7857.1,8.969300125921881,2.6390573296152584,-0.8853961381715503,1.3460575542855853,1.5368454575620638
12758,117,7,9903.24,9.200718227264051,2.0794415416798357,-0.40288340064683703,0.654643185938614,1.7036037579341767
12759,52,8,5020.74,8.521531766174993,2.1972245773362196,-0.7134114000439297,0.8001660338568091,1.214186641338368
12760,456,1,347.8,5.8544986920348245,0.6931471805599453,1.216639550054923,-1.058145946714099,-0.7076591429817957
12761,458,2,782.95,6.664345242806459,1.0986122886681098,1.2261942577286797,-0.5571872395918231,-0.12408925978922844
12762,8,2,1898.52,7.549356501658852,1.0986122886681098,-0.923614968866577,-0.5571872395918231,0.5136437977393866
12763,138,2,814.16,6.703384412991211,1.0986122886681098,-0.30255897007239174,-0.5571872395918231,-0.09595790087568733
12764,317,1,1693.88,7.435367220848186,0.6931471805599453,0.5525873667288326,-1.058145946714099,0.43150390194739646
12765,472,6,1404.58,7.248205307972568,1.9459101490553132,1.2930772114449767,0.48966298795922886,0.2966363081657677
12766,4,9,10068.28,9.217244483652921,2.302585092994046,-0.9427243842140904,0.9303406571479473,1.7155124652087512
12767,376,1,949.82,6.857324770182772,0.6931471805599453,0.8344512431046551,-1.058145946714099,0.014970467195159232
12768,451,1,168.69000000000003,5.133973242984735,0.6931471805599453,1.1927527808705314,-1.058145946714099,-1.2268648514444616
12769,239,1,1143.6,7.042810509975002,0.6931471805599453,0.17995376745232144,-1.058145946714099,0.14863022212194393
12770,211,2,3246.45,8.085625351967414,1.0986122886681098,0.046187860019727696,-0.5571872395918231,0.90007546190613
12771,486,1,282.3,5.646506406836471,0.6931471805599453,1.3599601651612734,-1.058145946714099,-0.8575369605294626
12772,60,1,892.47,6.795112758210396,0.6931471805599453,-0.6751925693489029,-1.058145946714099,-0.029859082952707464
12773,564,1,124.25,4.830311739964974,0.6931471805599453,1.7325937644377847,-1.058145946714099,-1.4456812527472453
12774,536,1,98.7,4.602165676967792,0.6931471805599453,1.5988278570051908,-1.058145946714099,-1.6100817446765523
12775,17,7,1686.12,7.430778212203509,2.0794415416798357,-0.8806187843346719,0.654643185938614,0.4281970937178716
12776,668,1,55.5,4.034240638152395,0.6931471805599453,2.229438563473133,-1.058145946714099,-2.0193246416770387
12777,458,1,519.45,6.254693821961477,0.6931471805599453,1.2261942577286797,-1.058145946714099,-0.41928127065152704
12778,20,9,1775.68,7.482501733154052,2.302585092994046,-0.8662867228240368,0.9303406571479473,0.4654687090018494
12779,38,14,6722.2699999999995,8.81332992230519,2.70805020110221,-0.7802943537602266,1.4312993642702228,1.4244543960462883
12780,599,1,337.4,5.824228627732068,0.6931471805599453,1.899801148728527,-1.058145946714099,-0.7294715441984954
12781,64,2,826.74,6.718699095412067,1.0986122886681098,-0.6560831540013895,-0.5571872395918231,-0.08492224551239087
12782,5,11,4618.24,8.437985468379317,2.4849066497880004,-0.937947030377212,1.15560189306089,1.1539837508039332
12783,2,6,2225.91,7.708370253328926,1.9459101490553132,-0.9522790918878471,0.48966298795922886,0.6282280191572591
12784,9,3,1804.75,7.4987312969309565,1.3862943611198906,-0.9188376150296986,-0.20175138038774237,0.4771636216103308
12785,364,3,1100.4,7.004337376828381,1.3862943611198906,0.777122997062115,-0.20175138038774237,0.12090674562502847
12786,610,1,728.5,6.592359367962841,0.6931471805599453,1.9523520409341886,-1.058145946714099,-0.17596178864544032
12787,10,4,862.18,6.760623244074023,1.6094379124341003,-0.9140602611928204,0.07394609082159041,-0.054711990848350614
12788,463,4,444.9,6.100094711633431,1.6094379124341003,1.2500810269130715,0.07394609082159041,-0.5306843317250728
12789,65,3,273.35,5.614404663504985,1.3862943611198906,-0.6513058001645111,-0.20175138038774237,-0.8806692571211853
12790,192,2,591.85,6.38494141590408,1.0986122886681098,-0.04458186288096092,-0.5571872395918231,-0.3254257456625334
12791,374,6,1056.1100000000001,6.96329404857284,1.9459101490553132,0.8248965354308985,0.48966298795922886,0.09133120411892609
12792,257,2,827.01,6.719025231607016,1.0986122886681098,0.2659461365161317,-0.5571872395918231,-0.08468723400186476
12793,335,3,1017.33,6.925919309609807,1.3862943611198906,0.6385797357926429,-0.20175138038774237,0.06439922295505178
12794,53,2,860.41,6.758570581561217,1.0986122886681098,-0.7086340462070513,-0.5571872395918231,-0.05619112540994231
12795,19,1,430.48,6.067221159507229,0.6931471805599453,-0.8710640766609151,-1.058145946714099,-0.5543727884532439
12796,628,1,381.0,5.945420608606575,0.6931471805599453,2.038344409997999,-1.058145946714099,-0.6421414320242504
12797,366,2,806.11,6.69345996629198,1.0986122886681098,0.7866777047358717,-0.5571872395918231,-0.10310938926012618
12798,10,4,8510.93,9.049223987863401,1.6094379124341003,-0.9140602611928204,0.07394609082159041,1.594438045606146
12799,529,1,219.35,5.395217191287996,0.6931471805599453,1.5653863801470425,-1.058145946714099,-1.0386142498325408
12800,470,3,584.25,6.3720391063710204,1.3862943611198906,1.28352250377122,-0.20175138038774237,-0.33472306162930215
12801,501,1,1071.82,6.978045974597571,0.6931471805599453,1.4316204727144486,-1.058145946714099,0.10196134107377898
12802,187,7,2416.42,7.7904561347426675,2.0794415416798357,-0.06846863206535267,0.654643185938614,0.6873785436396235
12803,393,1,1092.81,6.997422293310083,0.6931471805599453,0.9156662583315871,-1.058145946714099,0.11592378375750535
12804,466,2,327.02,5.793074582134963,1.0986122886681098,1.2644130884237066,-0.5571872395918231,-0.7519209362873491
12805,382,4,1434.95,7.269581930060472,1.6094379124341003,0.8631153661259252,0.07394609082159041,0.3120401557749272
12806,435,4,2878.96,7.9655316841446515,1.6094379124341003,1.1163151194804777,0.07394609082159041,0.8135367866018763
12807,383,1,330.35,5.803175218534236,0.6931471805599453,0.8678927199628036,-1.058145946714099,-0.7446424868106208
12808,37,5,906.1,6.810252697620898,1.791759469228055,-0.7850717075971049,0.2992073267345332,-0.01894934620701067
12809,178,3,1755.94,7.471328938486188,1.3862943611198906,-0.1114648165972578,-0.20175138038774237,0.4574176696129089
12810,535,2,534.99,6.284115504180345,1.0986122886681098,1.5940505031683125,-0.5571872395918231,-0.3980802077595084
12811,261,5,1033.9,6.942060082674128,1.791759469228055,0.2850555518636451,0.2992073267345332,0.0760301535835872
12812,45,1,229.64000000000001,5.440858053330147,0.6931471805599453,-0.7468528769020781,-1.058145946714099,-1.0057257569379692
12813,502,3,1687.8,7.4317734965341105,1.3862943611198906,1.436397826551327,-0.20175138038774237,0.42891428879637017
12814,102,1,125.92,4.843556966714995,0.6931471805599453,-0.4745437082000123,-1.058145946714099,-1.4361368329803106
12815,148,2,1063.46,6.970222907300612,1.0986122886681098,-0.25478543170360823,-0.5571872395918231,0.09632409230814035
12816,96,2,572.2,6.351234695954017,1.0986122886681098,-0.5032078312212823,-0.5571872395918231,-0.3497145774237116
12817,281,3,690.98,6.539557053465902,1.3862943611198906,0.3806026286012121,-0.20175138038774237,-0.2140107751774144
12818,262,1,1542.08,7.341535698070348,0.6931471805599453,0.28983290570052345,-1.058145946714099,0.3638895486664318
12819,458,1,540.52,6.294380000200352,0.6931471805599453,1.2261942577286797,-1.058145946714099,-0.39068368216127203
12820,3,11,2689.52,7.897489762464381,2.4849066497880004,-0.9475017380509687,1.15560189306089,0.7645062434090705
12821,214,2,220.8,5.401776074916267,1.0986122886681098,0.06051992153036274,-0.5571872395918231,-1.0338879631685094
12822,71,2,948.88,6.856335660826602,1.0986122886681098,-0.622641677143241,-0.5571872395918231,0.014257721760984278
12823,75,18,6501.5,8.779941997322807,2.9444389791664403,-0.6035322617957277,1.7233615276208618,1.4003952857574973
12824,60,1,397.12,5.986753467377863,0.6931471805599453,-0.6751925693489029,-1.058145946714099,-0.6123572568095846
12825,521,2,518.63,6.253117019850299,1.0986122886681098,1.5271675494520156,-0.5571872395918231,-0.4204175034637325
12826,3,12,2955.75,7.991845971131227,2.5649493574615367,-0.9475017380509687,1.2544959545938104,0.8324986817515434
12827,6,3,430.15000000000003,6.066456057398334,1.3862943611198906,-0.9331696765403337,-0.20175138038774237,-0.5549241157977796
12828,3,6,1018.71,6.927273552128017,1.9459101490553132,-0.9475017380509687,0.48966298795922886,0.06537508084740587
12829,337,3,385.3,5.956614269672236,1.3862943611198906,0.6481344434663996,-0.20175138038774237,-0.6340753564518342
12830,38,6,6814.64,8.826975250212882,1.9459101490553132,-0.7802943537602266,0.48966298795922886,1.4342871259697894
12831,262,3,451.11,6.113925513056159,1.3862943611198906,0.28983290570052345,-0.20175138038774237,-0.5207179508557206
12832,32,2,383.03,5.950720674536128,1.0986122886681098,-0.8089584767814967,-0.5571872395918231,-0.6383222407805823
12833,145,1,417.38,6.0363901104609745,0.6931471805599453,-0.2691174932142433,-1.058145946714099,-0.5765894314376263
12834,283,1,312.38,5.7474165116762626,0.6931471805599453,0.3901573362749688,-1.058145946714099,-0.7848218294491394
12835,428,41,6043.31,8.706872612613385,3.7376696182833684,1.0828736426223293,2.703410827734218,1.3477419871057947
12836,59,15,6585.62,8.792795597588407,2.772588722239781,-0.6799699231857812,1.5110377522649707,1.4096575021594235
12837,173,2,688.41,6.535836159344549,1.0986122886681098,-0.13535158578164955,-0.5571872395918231,-0.2166920260214183
12838,34,10,3398.48,8.131377757731087,2.3978952727983707,-0.7994037691077399,1.0480979277381186,0.933044332443204
12839,3,26,10071.73,9.217587051255036,3.295836866004329,-0.9475017380509687,2.1575193073054413,1.7157593170788505
12840,144,7,4041.97,8.30473484938074,2.0794415416798357,-0.27389484705112166,0.654643185938614,1.0579642665075009
12841,5,40,7540.68,8.928200247854255,3.713572066704308,-0.937947030377212,2.6736379125253507,1.507229166648309
12842,70,4,1917.99,7.559554284946702,1.6094379124341003,-0.6274190309801194,0.07394609082159041,0.5209922505993064
12843,66,30,6588.41,8.793219093898252,3.4339872044851463,-0.6465284463276328,2.3282062876889484,1.4099626707025665
12844,29,4,648.6,6.476356788847468,1.6094379124341003,-0.8232905382921317,0.07394609082159041,-0.2595524534200115
12845,267,4,354.09,5.8723712784711255,1.6094379124341003,0.3137196748849152,0.07394609082159041,-0.6947802794871701
12846,682,1,15.58,2.8081971497071487,0.6931471805599453,2.29632151718943,-1.058145946714099,-2.9028031903715754
12847,22,2,1636.8999999999999,7.401170212488334,1.0986122886681098,-0.8567320151502801,-0.5571872395918231,0.4068617717128731
12848,676,1,208.0,5.342334251964811,0.6931471805599453,2.2676573941681597,-1.058145946714099,-1.0767213340626407
12849,31,6,3090.56,8.036431096864632,1.9459101490553132,-0.813735830618375,0.48966298795922886,0.8646264182858023
12850,446,1,330.0,5.802118375377063,0.6931471805599453,1.1688660116861396,-1.058145946714099,-0.7454040407583367
12851,97,2,284.13,5.652945216619142,1.0986122886681098,-0.498430477384404,-0.5571872395918231,-0.8528971982569772
12852,295,1,311.55,5.744764456377822,0.6931471805599453,0.44748558231750896,-1.058145946714099,-0.7867328823507745
12853,135,11,3907.5,8.270908947660384,2.4849066497880004,-0.3168910315830268,1.15560189306089,1.033589553178139
12854,79,7,2994.02,8.004706188323581,2.0794415416798357,-0.5844228464482143,0.654643185938614,0.8417656662656131
12855,373,4,650.9399999999999,6.479952533152257,1.6094379124341003,0.8201191815940201,0.07394609082159041,-0.25696138467749874
12856,8,6,2179.93,7.687506670317465,1.9459101490553132,-0.923614968866577,0.48966298795922886,0.6131938639961656
12857,211,6,3688.0,8.213110697596676,1.9459101490553132,0.046187860019727696,0.48966298795922886,0.9919405296609365
12858,383,1,177.92,5.186938778564647,0.6931471805599453,0.8678927199628036,-1.058145946714099,-1.1886982489169204
12859,459,1,575.1,6.356281256738337,0.6931471805599453,1.230971611565558,-1.058145946714099,-0.3460780602531143
12860,693,1,55.47,4.033709523684745,0.6931471805599453,2.3488724093950917,-1.058145946714099,-2.01970735912833
12861,620,1,68.25,4.237723145067448,0.6931471805599453,2.000125579302972,-1.058145946714099,-1.8726965395026152
12862,426,2,1008.3199999999999,6.917032115762346,1.0986122886681098,1.0733189349485726,-0.5571872395918231,0.057995171878300784
12863,52,6,2792.5499999999997,7.935068467432419,1.9459101490553132,-0.7134114000439297,0.48966298795922886,0.7915852010805344
12864,138,2,299.57,5.705680671939281,1.0986122886681098,-0.30255897007239174,-0.5571872395918231,-0.8148963899903275
12865,26,4,3323.47,8.109065541888423,1.6094379124341003,-0.8376225998027668,0.07394609082159041,0.9169663023760704
12866,283,3,1227.35,7.113427084384307,1.3862943611198906,0.3901573362749688,-0.20175138038774237,0.19951604245448992
12867,26,13,7913.29,8.976425265196161,2.6390573296152584,-0.8376225998027668,1.3460575542855853,1.5419797841700618
12868,186,8,2247.06,7.717822901048859,2.1972245773362196,-0.07324598590223101,0.8001660338568091,0.6350395324254522
12869,682,1,337.66999999999996,5.825026181941565,0.6931471805599453,2.29632151718943,-1.058145946714099,-0.7288968320923159
12870,375,3,1676.95,7.42532808920537,1.3862943611198906,0.8296738892677769,-0.20175138038774237,0.42426977237733016
12871,84,3,744.02,6.613411063656805,1.3862943611198906,-0.5605360772638225,-0.20175138038774237,-0.16079208077247734
12872,327,12,3685.4900000000002,8.212430064825998,2.5649493574615367,0.6003609050976161,1.2544959545938104,0.9914500703435474
12873,282,3,2027.3,7.614953282764742,1.3862943611198906,0.3853799824380904,-0.20175138038774237,0.5609123893649222
12874,385,2,948.42,6.855851271831715,1.0986122886681098,0.8774474276365603,-0.5571872395918231,0.013908674365651541
12875,143,5,1356.99,7.213760944321279,1.791759469228055,-0.278672200888,0.2992073267345332,0.27181593540073845
12876,58,4,4081.79,8.314535857226844,1.6094379124341003,-0.6847472770226596,0.07394609082159041,1.065026805698994
12877,4,20,2955.17,7.991649790563297,3.044522437723423,-0.9427243842140904,1.8470162614078611,0.8323573153766394
12878,236,2,854.99,6.752258693830513,1.0986122886681098,0.1656217059416864,-0.5571872395918231,-0.06073942852023095
12879,45,3,573.22,6.353012598149689,1.3862943611198906,-0.7468528769020781,-0.20175138038774237,-0.3484334332666267
12880,382,2,640.13,6.463232244470209,1.0986122886681098,0.8631153661259252,-0.5571872395918231,-0.2690099102948912
12881,276,1,298.0,5.700443573390687,0.6931471805599453,0.3567158594168203,-1.058145946714099,-0.8186702073701252
12882,9,2,1463.04,7.288955016552379,1.0986122886681098,-0.9188376150296986,-0.5571872395918231,0.3260002693426018
12883,25,4,703.47,6.5574457470395595,1.6094379124341003,-0.842399953639645,0.07394609082159041,-0.20112030498982136
12884,88,1,309.05,5.736733574795887,0.6931471805599453,-0.5414266619163092,-1.058145946714099,-0.7925198806682179
12885,63,3,1175.22,7.0700611857921905,1.3862943611198906,-0.6608605078382679,-0.20175138038774237,0.16826687265580476
12886,68,2,1378.4,7.229403900997191,1.0986122886681098,-0.6369737386538761,-0.5571872395918231,0.2830881429460451
12887,384,1,222.4,5.4089638866351,0.6931471805599453,0.872670073799682,-1.058145946714099,-1.0287084752257958
12888,214,2,354.12,5.87245576052578,1.0986122886681098,0.06051992153036274,-0.5571872395918231,-0.6947194022966463
12889,381,4,385.46000000000004,5.957028369786855,1.6094379124341003,0.8583380122890469,0.07394609082159041,-0.6337769587426781
12890,24,2,717.27,6.576845542929431,1.0986122886681098,-0.8471773074765234,-0.5571872395918231,-0.18714094481272994
12891,186,11,840.5,6.735186013630861,2.4849066497880004,-0.07324598590223101,1.15560189306089,-0.07304188505400569
12892,397,1,263.38,5.577387462151254,0.6931471805599453,0.9347756736791005,-1.058145946714099,-0.907343599130211
12893,31,1,188.14,5.242487481587366,0.6931471805599453,-0.813735830618375,-1.058145946714099,-1.1486702336051557
12894,575,1,157.35,5.064807772984649,0.6931471805599453,1.7851446566434466,-1.058145946714099,-1.2767050158687598
12895,42,2,372.8,5.923720895021463,1.0986122886681098,-0.7611849384127132,-0.5571872395918231,-0.6577780971555776
12897,205,4,514.25,6.244652219770568,1.6094379124341003,0.017523736998457606,0.07394609082159041,-0.42651718048164416
12898,464,2,310.96000000000004,5.742874974462297,1.0986122886681098,1.2548583807499498,-0.5571872395918231,-0.7880944300905118
12899,414,1,366.4,5.906451172781026,0.6931471805599453,1.0159906889060324,-1.058145946714099,-0.6702225408357011
12900,422,1,340.33,5.832849751258659,0.6931471805599453,1.0542095196010592,-1.058145946714099,-0.7232592215744031
12901,9,28,17654.54,9.778804894130932,3.367295829986474,-0.9188376150296986,2.245808014503504,2.120169054578646
12902,265,1,138.68,4.939354092091292,0.6931471805599453,0.3041649672111585,-1.058145946714099,-1.3671060799163346
12903,429,1,833.53,6.726868692126177,0.6931471805599453,1.0876509964592076,-1.058145946714099,-0.07903529001984558
12904,18,2,509.58,6.235547334435847,1.0986122886681098,-0.8758414304977935,-0.5571872395918231,-0.43307809855458296
12905,577,2,1018.42,6.926989117097435,1.0986122886681098,1.7946993643172031,-0.5571872395918231,0.06517011891058656
12906,12,5,2919.81,7.979616254055095,1.791759469228055,-0.9045055535190636,0.2992073267345332,0.8236860313070907
12907,396,2,508.91,6.23423423955737,1.0986122886681098,0.9299983198422221,-0.5571872395918231,-0.4340243057392941
12908,176,5,1776.0,7.482681828154651,1.791759469228055,-0.12101952427101449,0.2992073267345332,0.465598484226999
12909,40,8,3103.19,8.040508090769977,2.1972245773362196,-0.7707396460864698,0.8001660338568091,0.8675642721975738
12910,23,13,5796.52,8.665185518886565,2.6390573296152584,-0.8519546613134018,1.3460575542855853,1.3177025526059893
12911,552,1,1680.47,7.4274236898079655,0.6931471805599453,1.6752655183952445,-1.058145946714099,0.4257798478326246
12912,3,5,1662.3,7.416558859796489,1.791759469228055,-0.9475017380509687,0.2992073267345332,0.4179507256678601
12913,5,13,6700.860000000001,8.810140378792292,2.6390573296152584,-0.937947030377212,1.3460575542855853,1.4221560328150245
12914,401,1,223.98,5.4160115093646795,0.6931471805599453,0.9538850890266138,-1.058145946714099,-1.02363000650951
12915,149,4,1174.75,7.069661520825157,1.6094379124341003,-0.2500080778667299,0.07394609082159041,0.16797887681522788
12916,139,7,4654.0199999999995,8.445701486157361,2.0794415416798357,-0.29778161623551336,0.654643185938614,1.1595438604187174
12917,128,6,4359.2,8.380273206850646,1.9459101490553132,-0.3503325084411752,0.48966298795922886,1.1123966900367108
12918,626,1,10953.5,9.301505609728274,0.6931471805599453,2.028789702324242,-1.058145946714099,1.77623045611038
12919,8,6,1335.19,7.197577559553778,1.9459101490553132,-0.923614968866577,0.48966298795922886,0.2601542990704583
12920,17,4,488.09000000000003,6.192546521619673,1.6094379124341003,-0.8806187843346719,0.07394609082159041,-0.46406419004118676
12921,9,74,35921.04,10.489106313676533,4.31748811353631,-0.9188376150296986,3.419785968132268,2.6320073973372695
12922,161,1,405.38,6.007288682454868,0.6931471805599453,-0.1926798318241897,-1.058145946714099,-0.5975597213352362
12923,64,3,789.87,6.673133605335479,1.3862943611198906,-0.6560831540013895,-0.20175138038774237,-0.11775642588430278
12924,88,12,2469.4,7.8121353598304575,2.5649493574615367,-0.5414266619163092,1.2544959545938104,0.7030004448999704
12925,5,3,729.3299999999999,6.593496486790971,1.3862943611198906,-0.937947030377212,-0.20175138038774237,-0.17514238859851064
12926,411,4,1548.46,7.345661762115635,1.6094379124341003,1.0016586273953973,0.07394609082159041,0.3668627621852883
12927,395,1,197.31,5.289831462897738,0.6931471805599453,0.9252209660053438,-1.058145946714099,-1.114554484619326
12928,35,12,4304.89,8.367739131847895,2.5649493574615367,-0.7946264152708616,1.2544959545938104,1.1033647213528743
12929,312,1,117.85,4.777862193806203,0.6931471805599453,0.5287005975444409,-1.058145946714099,-1.4834760368285176
12930,78,2,415.8,6.032606490439157,1.0986122886681098,-0.5892002002850927,-0.5571872395918231,-0.5793158821363088
12931,22,57,92347.34,11.433323010371083,4.060443010546419,-0.8567320151502801,3.10220258082986,3.3124034882676967
12932,539,8,1698.56,7.438124673014305,2.1972245773362196,1.6131599185158259,0.8001660338568091,0.43349090311071276
12933,24,8,1687.03,7.431317447509821,2.1972245773362196,-0.8471773074765234,0.8001660338568091,0.42858566298993683
12934,737,1,181.65,5.207571753241291,0.6931471805599453,2.559075978217739,-1.058145946714099,-1.173830268543982
12935,2,15,4243.86,8.353464118225153,2.772588722239781,-0.9522790918878471,1.5110377522649707,1.09307824421167
12936,17,4,1063.9,6.970636177021338,1.6094379124341003,-0.8806187843346719,0.07394609082159041,0.09662189164113888
12937,15,9,3097.61,8.03870890282091,2.302585092994046,-0.8901734920084285,0.9303406571479473,0.8662677896722377
12938,26,1,114.14,4.7461487792476635,0.6931471805599453,-0.8376225998027668,-1.058145946714099,-1.5063285063635554
12939,64,20,25264.8,10.13720698158251,3.044522437723423,-0.6560831540013895,1.8470162614078611,2.3784311464660606
12940,55,2,913.54,6.818421206622862,1.0986122886681098,-0.6990793385332946,-0.5571872395918231,-0.013063174512395956
12941,724,1,377.49,5.936189652449227,0.6931471805599453,2.4969703783383204,-1.058145946714099,-0.6487931958693478
12942,131,3,942.65,6.849755334684148,1.3862943611198906,-0.33600044693054015,-0.20175138038774237,0.00951598376795095
12943,558,2,496.5,6.209595556598647,1.0986122886681098,1.7039296414165146,-0.5571872395918231,-0.4517787720916428
12944,36,2,604.51,6.406071078133402,1.0986122886681098,-0.7898490614339833,-0.5571872395918231,-0.3101998556376699
12945,288,2,900.11,6.803627336726857,1.0986122886681098,0.4140441054593605,-0.5571872395918231,-0.023723535933892172
12946,437,1,324.45,5.785208840018396,0.6931471805599453,1.1258698271542344,-1.058145946714099,-0.757588936235999
12947,144,6,1908.03,7.554350538636317,1.9459101490553132,-0.27389484705112166,0.48966298795922886,0.5172424666141532
12948,16,9,2317.43,7.748645511441289,2.302585092994046,-0.8853961381715503,0.9303406571479473,0.6572500945736298
12949,31,22,15526.7,9.650380804724037,3.1354942159291497,-0.813735830618375,1.9594133665673954,2.0276275344809367
12950,2,3,1843.0,7.519692404116539,1.3862943611198906,-0.9522790918878471,-0.20175138038774237,0.49226805202399665
12951,9,15,3213.7200000000003,8.075495541121626,2.772588722239781,-0.9188376150296986,1.5110377522649707,0.8927759895228659
12952,6,4,1387.79,7.236188143419333,1.6094379124341003,-0.9331696765403337,0.07394609082159041,0.2879768216149447
12953,10,2,828.8100000000001,6.721196758922804,1.0986122886681098,-0.9140602611928204,-0.5571872395918231,-0.08312244627656486
12954,639,1,162.45,5.09650713317022,0.6931471805599453,2.090895302203661,-1.058145946714099,-1.2538626738187175
12955,1,11,4757.16,8.46761631787212,2.4849066497880004,-0.9570564457247255,1.15560189306089,1.1753355382023427
12956,306,4,521.89,6.259371116895707,1.6094379124341003,0.5000364745231708,0.07394609082159041,-0.4159108439258405
12957,10,13,8706.97,9.071993977240556,2.6390573296152584,-0.9140602611928204,1.3460575542855853,1.6108459441499643
12958,400,2,539.49,6.2924761355205066,1.0986122886681098,0.9491077351897356,-0.5571872395918231,-0.3920555940225663
12959,484,1,150.95,5.023551519362802,0.6931471805599453,1.3504054574875168,-1.058145946714099,-1.3064339899369017
12960,414,4,1322.07,7.187710072768178,1.6094379124341003,1.0159906889060324,0.07394609082159041,0.2530438556100395
12961,379,1,211.99,5.361245216250509,0.6931471805599453,0.8487833046152902,-1.058145946714099,-1.0630942225947353
12962,7,2,266.39,5.588708266810736,1.0986122886681098,-0.9283923227034554,-0.5571872395918231,-0.8991859047540544
12963,8,12,3601.59,8.189408310212553,2.5649493574615367,-0.923614968866577,1.2544959545938104,0.9748607514931362
12964,437,1,132.24,4.892152013325479,0.6931471805599453,1.1258698271542344,-1.058145946714099,-1.4011195748995087
12965,89,1,771.91,6.65016261231351,0.6931471805599453,-0.5366493080794308,-1.058145946714099,-0.13430916627922676
12966,10,1,160.18,5.0825217528963655,0.6931471805599453,-0.9140602611928204,-1.058145946714099,-1.2639404431505006
12967,358,3,4306.92,8.368210468001717,1.3862943611198906,0.7484588740408449,-0.20175138038774237,1.1037043629602485
12968,112,1,135.95,4.919615895709087,0.6931471805599453,-0.4267701698312288,-1.058145946714099,-1.3813292891727302
12969,603,1,122.45,4.8158362157911885,0.6931471805599453,1.9189105640760402,-1.058145946714099,-1.4561122164195586
12970,7,10,1524.97,7.330385552411315,2.3978952727983707,-0.9283923227034554,1.0480979277381186,0.35585482999828144
12971,4,116,15972.79,9.67870453302808,4.762173934797756,-0.9427243842140904,3.9692025014910746,2.0480374192945714
12972,414,4,1161.2,7.058070039641005,1.6094379124341003,1.0159906889060324,0.07394609082159041,0.15962613478747054
12973,414,1,385.55,5.957261225766484,0.6931471805599453,1.0159906889060324,-1.058145946714099,-0.633609164317051
12974,198,2,408.95,6.016035201042187,1.0986122886681098,-0.015917739859690833,-0.5571872395918231,-0.5912570398883866
12975,437,6,2100.09,7.650211536671941,1.9459101490553132,1.1258698271542344,0.48966298795922886,0.5863192458793979
12976,212,8,3156.38,8.057497848751854,2.1972245773362196,0.050965213856606045,0.8001660338568091,0.8798069755486062
12977,156,4,517.63,6.251190719483879,1.6094379124341003,-0.21656660100858147,0.07394609082159041,-0.42180558232725834
12978,385,5,2502.82,7.825572844652115,1.791759469228055,0.8774474276365603,0.2992073267345332,0.7126834045178198
12979,729,1,517.7,6.251325681357355,0.6931471805599453,2.520857147522712,-1.058145946714099,-0.4217083297246945
12980,158,21,16245.78,9.695650014276662,3.091042453358316,-0.20701189333482475,1.9044924940644754,2.060248217134551
12981,30,2,372.21999999999997,5.922168058105325,1.0986122886681098,-0.8185131844552533,-0.5571872395918231,-0.6588970608122161
12982,243,8,2744.81,7.917831392382723,2.1972245773362196,0.19906318279983484,0.8001660338568091,0.7791642827426738
12983,598,1,490.08000000000004,6.196607047312639,0.6931471805599453,1.8950237948916484,-1.058145946714099,-0.4611382030105733
12984,19,1,97.5,4.590056548178043,0.6931471805599453,-0.8710640766609151,-1.058145946714099,-1.6188075000269513
12985,1,2,1239.38,7.123173063265281,1.0986122886681098,-0.9570564457247255,-0.5571872395918231,0.20653892815024083
12986,429,10,2729.84,7.912364533159128,2.3978952727983707,1.0876509964592076,1.0480979277381186,0.7752249013925846
12987,74,5,1312.21,7.180229800584737,1.791759469228055,-0.608309615632606,0.2992073267345332,0.2476536226576609
12988,292,1,535.32,6.284730997853663,0.6931471805599453,0.4331535208068739,-1.058145946714099,-0.3976366872299689
12989,3,33,13551.75,9.51434475774539,3.5263605246161616,-0.9475017380509687,2.442335020593583,1.9296008898410761
12990,31,7,955.5,6.863280788880307,2.0794415416798357,-0.813735830618375,0.654643185938614,0.019262333515145048
12991,23,3,764.82,6.640947155181664,1.3862943611198906,-0.8519546613134018,-0.20175138038774237,-0.14094976163259781
12992,725,1,93.35000000000001,4.54701127181456,0.6931471805599453,2.5017477321751986,-1.058145946714099,-1.6498256316415085
12993,23,8,1259.6299999999999,7.139366874987175,2.1972245773362196,-0.8519546613134018,0.8001660338568091,0.21820807807251136
12994,4,3,974.4200000000001,6.882868147474188,1.3862943611198906,-0.9427243842140904,-0.20175138038774237,0.03337685009336651
12995,85,1,211.32,5.358094570583897,0.6931471805599453,-0.5557587234269442,-1.058145946714099,-1.0653645563041205
12996,376,1,355.5,5.8763342398543505,0.6931471805599453,0.8344512431046551,-1.058145946714099,-0.6919245966305824
12997,22,8,2110.91,7.655348030281802,2.1972245773362196,-0.8567320151502801,0.8001660338568091,0.5900205680287233
12998,493,3,920.08,6.825546894589419,1.3862943611198906,1.393401642019422,-0.20175138038774237,-0.007928452520497427
12999,196,3,455.88,6.124420774356607,1.3862943611198906,-0.025472447533447528,-0.20175138038774237,-0.5131551373753865
13000,107,4,1032.5,6.940706379121823,1.6094379124341003,-0.45065693901562054,0.07394609082159041,0.07505468406637691
13001,4,33,24172.100000000002,10.092995723644439,3.5263605246161616,-0.9427243842140904,2.442335020593583,2.3465728165069666
13002,318,3,414.13,6.0285917241892655,1.3862943611198906,0.557364720565711,-0.20175138038774237,-0.582208895225347
13003,106,3,149.05,5.010968571886377,1.3862943611198906,-0.45543429285249887,-0.20175138038774237,-1.315501175790863
13004,12,36,11650.85,9.363220244669996,3.6109179126442243,-0.9045055535190636,2.5468070428147276,1.8207015997732103
13005,174,4,999.68,6.908435047886894,1.6094379124341003,-0.1305742319447712,0.07394609082159041,0.05180018359182137
13006,56,1,81.57,4.413646418429337,0.6931471805599453,-0.6943019846964162,-1.058145946714099,-1.7459274324553202
13007,580,1,175.25,5.171903441692378,0.6931471805599453,1.8090314258278382,-1.058145946714099,-1.1995326097892989
13008,323,3,612.13,6.4185769852303105,1.3862943611198906,0.5812514897501027,-0.20175138038774237,-0.3011881845540475
13009,673,1,234.0,5.459585514144159,0.6931471805599453,2.2533253326575244,-1.058145946714099,-0.992230876816157
13010,374,2,330.12,5.802480847440477,1.0986122886681098,0.8248965354308985,-0.5571872395918231,-0.745142845869619
13011,372,1,101.10000000000001,4.62595272517062,0.6931471805599453,0.8153418277571418,-1.058145946714099,-1.5929409605020766
13012,9,11,2972.83,7.997605963315002,2.4849066497880004,-0.9188376150296986,1.15560189306089,0.8366492927070055
13013,1,29,12625.77,9.443574442336539,3.4011973816621555,-0.9570564457247255,2.2876939305965793,1.878604284796215
13014,11,11,5381.08,8.590830195539068,2.4849066497880004,-0.909282907355942,1.15560189306089,1.2641226153705956
13015,53,11,6586.42,8.792917048563352,2.4849066497880004,-0.7086340462070513,1.15560189306089,1.4097450189009526
13016,73,3,789.89,6.673158893621945,1.3862943611198906,-0.6130869694694844,-0.20175138038774237,-0.11773820331810748
13017,7,1,204.0,5.3230099791384085,0.6931471805599453,-0.9283923227034554,-1.058145946714099,-1.0906462728369555
13018,16,35,9763.16,9.186473818105341,3.58351893845611,-0.8853961381715503,2.5129551665095216,1.6933393341603453
13019,379,6,1229.95,7.115541507975305,1.9459101490553132,0.8487833046152902,0.48966298795922886,0.20103968162643227
13020,563,2,618.96,6.42965495982885,1.0986122886681098,1.7278164106009062,-0.5571872395918231,-0.2932054718582653
13021,4,17,4887.24,8.494587599482408,2.8903717578961645,-0.9427243842140904,1.6565606001831652,1.1947708591824382
13022,430,1,65.3,4.194189897191817,0.6931471805599453,1.0924283502960859,-1.058145946714099,-1.90406630004993
13023,64,3,1449.03,7.279339524855764,1.3862943611198906,-0.6560831540013895,-0.20175138038774237,0.31907141181905524
13024,471,2,555.87,6.32233181950912,1.0986122886681098,1.2882998576080982,-0.5571872395918231,-0.3705417924248825
13025,732,1,323.39,5.781946495625555,0.6931471805599453,2.535189209033347,-1.058145946714099,-0.7599397592832171
13026,1,9,1733.08,7.458232292377749,2.302585092994046,-0.9570564457247255,0.9303406571479473,0.44798031603965016
13027,114,19,17335.2,9.760552079836312,2.995732273553991,-0.4172154621574721,1.7867352234743035,2.1070162014909863
13028,23,2,661.3199999999999,6.49574882283055,1.0986122886681098,-0.8519546613134018,-0.5571872395918231,-0.2455786864198424
13029,31,5,1927.3,7.564394064725559,1.791759469228055,-0.813735830618375,0.2992073267345332,0.5244797627922451
13030,11,2,1227.22,7.113321245755551,1.0986122886681098,-0.909282907355942,-0.5571872395918231,0.19943977586279832
13031,407,5,3419.27,8.137474774308892,1.791759469228055,0.9825492120478839,0.2992073267345332,0.9374378008709479
13032,52,9,2843.55,7.953160161817899,2.302585092994046,-0.7134114000439297,0.9303406571479473,0.8046219522641143
13033,357,2,220.55,5.400648297645499,1.0986122886681098,0.7436815202039665,-0.5571872395918231,-1.0347006317531224
13034,55,3,922.68,6.828365691312624,1.3862943611198906,-0.6990793385332946,-0.20175138038774237,-0.005897246889088507
13035,74,3,1364.2,7.219056217032552,1.3862943611198906,-0.608309615632606,-0.20175138038774237,0.27563167268411176
13036,685,1,307.1,5.730424405602622,0.6931471805599453,2.3106535787000646,-1.058145946714099,-0.7970662248190301
13037,138,12,3914.9500000000003,8.272813235438143,2.5649493574615367,-0.30255897007239174,1.2544959545938104,1.0349617699208944
13038,80,3,908.46,6.812851016782114,1.3862943611198906,-0.5796454926113359,-0.20175138038774237,-0.017077015198175956
13039,584,4,1010.73,6.919417015831408,1.6094379124341003,1.8281408411753517,0.07394609082159041,0.05971371454962838
13040,9,2,676.99,6.519132538569087,1.0986122886681098,-0.9188376150296986,-0.5571872395918231,-0.22872854085937297
13041,451,4,799.13,6.684774214466232,1.6094379124341003,1.1927527808705314,0.07394609082159041,-0.10936828259437745
13042,598,3,1556.54,7.350862932514812,1.3862943611198906,1.8950237948916484,-0.20175138038774237,0.3706106899864506
13043,273,1,516.42,6.248854923817375,0.6931471805599453,0.3423837979061853,-1.058145946714099,-0.4234887407020943
13044,291,11,4853.9,8.487743783190949,2.4849066497880004,0.42837616696999553,1.15560189306089,1.1898392519909364
13045,99,3,808.92,6.696935477356759,1.3862943611198906,-0.48887576971064733,-0.20175138038774237,-0.10060495976768039
13046,31,3,949.25,6.856725107869358,1.3862943611198906,-0.813735830618375,-0.20175138038774237,0.014538354635242005
13047,32,24,8795.16,9.082070541595616,3.2188758248682006,-0.8089584767814967,2.062432694683636,1.618107047476344
13048,14,9,4084.21,8.315128413561517,2.302585092994046,-0.8949508458453069,0.9303406571479473,1.0654537977392526
13049,64,4,1408.24,7.250805830963473,1.6094379124341003,-0.6560831540013895,0.07394609082159041,0.2985102272391971
13050,15,35,12344.53,9.421049333218992,3.58351893845611,-0.8901734920084285,2.5129551665095216,1.8623728452919015
13051,579,2,155.8,5.054971107916307,1.0986122886681098,1.8042540719909599,-0.5571872395918231,-1.2837932494106168
13052,212,7,3168.53,8.06133859089476,2.0794415416798357,0.050965213856606045,0.654643185938614,0.8825745880568926
13053,622,1,127.65,4.857095538727753,0.6931471805599453,2.009680286976729,-1.058145946714099,-1.4263810306242324
13055,78,4,2321.11,7.7502315340901236,1.6094379124341003,-0.5892002002850927,0.07394609082159041,0.6583929716421797
13056,551,1,209.48,5.349390636732037,0.6931471805599453,1.670488164558366,-1.058145946714099,-1.0716365514819797
13057,530,3,722.09,6.583533695739408,1.3862943611198906,1.5701637339839207,-0.20175138038774237,-0.1823215076608722
13058,25,3,271.40000000000003,5.607271574275358,1.3862943611198906,-0.842399953639645,-0.20175138038774237,-0.8858093124126096
13059,250,10,2303.17,7.7424758038160455,2.3978952727983707,0.23250465965798328,1.0480979277381186,0.6528042454744825
13060,254,1,307.53,5.731819083350057,0.6931471805599453,0.25161407500549665,-1.058145946714099,-0.7960612295771703
13061,72,1,248.61,5.519899699795292,0.6931471805599453,-0.6178643233063628,-1.058145946714099,-0.9487688873296926
13062,191,1,346.98,5.85214500685857,0.6931471805599453,-0.04935921671783927,-1.058145946714099,-0.7093551924149509
13063,481,1,188.4,5.243861180751978,0.6931471805599453,1.3360733959768818,-1.058145946714099,-1.147680355386535
13064,13,6,1680.74,7.427584250701029,1.9459101490553132,-0.8997281996821853,0.48966298795922886,0.4258955469135446
13065,373,5,1260.91,7.140381725185672,1.791759469228055,0.8201191815940201,0.2992073267345332,0.218939372181538
13066,24,2,470.8,6.1565551669735745,1.0986122886681098,-0.8471773074765234,-0.5571872395918231,-0.4899993139319454
13067,82,3,508.51,6.233449479555548,1.3862943611198906,-0.5700907849375793,-0.20175138038774237,-0.43458979842696566
13068,10,2,344.0,5.84354441703136,1.0986122886681098,-0.9140602611928204,-0.5571872395918231,-0.7155527185957684
13069,1,38,9683.13,9.17824374217272,3.6635616461296463,-0.9570564457247255,2.611849228042442,1.6874087977567644
13070,192,4,751.7,6.623666742040486,1.6094379124341003,-0.04458186288096092,0.07394609082159041,-0.15340190910264365
13071,612,1,129.22,4.869225327808716,0.6931471805599453,1.9619067486079453,-1.058145946714099,-1.4176403876093506
13072,267,1,177.15,5.182625892051845,0.6931471805599453,0.3137196748849152,-1.058145946714099,-1.191806085427554
13073,411,2,418.08,6.038061832484764,1.0986122886681098,1.0016586273953973,-0.5571872395918231,-0.5753847999858734
13074,511,4,1378.74,7.229650354603547,1.6094379124341003,1.4793940110832322,0.07394609082159041,0.2832657357284511
13075,130,1,919.61,6.825036493805135,0.6931471805599453,-0.34077780076741854,-1.058145946714099,-0.008296243833286024
13076,458,1,135.4,4.915591745409362,0.6931471805599453,1.2261942577286797,-1.058145946714099,-1.3842290643438688
13077,1,11,3064.67,8.028021421545077,2.4849066497880004,-0.9570564457247255,1.15560189306089,0.8585664637928874
13078,3,57,29532.45,10.29327879825586,4.060443010546419,-0.9475017380509687,3.10220258082986,2.490895429655187
13079,4,6,419.18,6.040683190895481,1.9459101490553132,-0.9427243842140904,0.48966298795922886,-0.5734958670514912
13080,179,4,280.73,5.640949165484632,1.6094379124341003,-0.10668746276037945,0.07394609082159041,-0.8615414706227331
13081,12,28,59205.15,10.988780700611546,3.367295829986474,-0.9045055535190636,2.245808014503504,2.992069341590964
13082,126,21,7335.75,8.900651244261311,3.091042453358316,-0.3598872161149319,1.9044924940644754,1.4873775431605172
13083,4,3,395.43,5.982499480722332,1.3862943611198906,-0.9427243842140904,-0.20175138038774237,-0.6154226504860848
13084,492,1,122.39999999999999,4.8154311114712876,0.6931471805599453,1.3886242881825435,-1.058145946714099,-1.4564041318205936
13085,158,8,2433.28,7.7974063039073975,2.1972245773362196,-0.20701189333482475,0.8001660338568091,0.6923867879838953
13086,383,1,439.33000000000004,6.087524445802853,0.6931471805599453,0.8678927199628036,-1.058145946714099,-0.5397423792718093
13087,726,1,313.64,5.751429128123554,0.6931471805599453,2.506525086012077,-1.058145946714099,-0.7819303654931449
13088,417,1,236.11,5.468524168478886,0.6931471805599453,1.0303227504166674,-1.058145946714099,-0.9857897436643946
13089,3,203,116737.86,11.667694753419712,5.318119993844216,-0.9475017380509687,4.656082860368571,3.4812901626434876
13090,9,24,14103.09,9.55422010522581,3.2188758248682006,-0.9188376150296986,2.062432694683636,1.9583347923924168
13091,28,3,2321.82,7.7505372437587425,1.3862943611198906,-0.82806789212901,-0.20175138038774237,0.6586132639375989
13092,71,12,2140.28,7.669159060048065,2.5649493574615367,-0.622641677143241,1.2544959545938104,0.5999727015777119
13093,276,55,54943.65,10.914081593854366,4.02535169073515,0.3567158594168203,3.058846686938299,2.9382416763828556
13094,21,13,2433.1200000000003,7.797340573893407,2.6390573296152584,-0.8615093689871585,1.3460575542855853,0.6923394233855645
13095,71,1,74.39999999999999,4.32280727501391,0.6931471805599453,-0.622641677143241,-1.058145946714099,-1.8113854976427854
13096,394,1,419.70000000000005,6.041919990596475,0.6931471805599453,0.9204436121684655,-1.058145946714099,-0.5726046376496325
13097,33,28,13389.22,9.502279868722015,3.367295829986474,-0.8041811229446183,2.245808014503504,1.9209070133636206
13098,1,28,28882.44,10.271023699486712,3.367295829986474,-0.9570564457247255,2.245808014503504,2.474858557760411
13099,99,1,207.35999999999999,5.33926735287699,0.6931471805599453,-0.48887576971064733,-1.058145946714099,-1.078931320560376
13101,234,4,695.4,6.545924207894034,1.6094379124341003,0.15606699826792972,0.07394609082159041,-0.20942264726311577
13102,1,37,11696.92,9.367166327203728,3.6375861597263857,-0.9570564457247255,2.579756093947218,1.8235451198463453
13103,40,3,709.64,6.566165972461445,1.3862943611198906,-0.7707396460864698,-0.20175138038774237,-0.19483657021807474
13104,3,9,1709.1,7.444307127319008,2.302585092994046,-0.9475017380509687,0.9303406571479473,0.4379459373798608
13105,436,1,72.0,4.290459441148391,0.6931471805599453,1.121092473317356,-1.058145946714099,-1.834695125389483
13106,133,2,603.46,6.4043354974767395,1.0986122886681098,-0.3264457392567835,-0.5571872395918231,-0.3114505031833249
13107,44,9,5253.07,8.56675829333907,2.302585092994046,-0.7516302307389565,0.9303406571479473,1.246776567354844
13108,373,2,1098.52,7.002628999915781,1.0986122886681098,0.8201191815940201,-0.5571872395918231,0.11967570091120554
13109,60,3,1134.03,7.034414361284253,1.3862943611198906,-0.6751925693489029,-0.20175138038774237,0.1425800148251922
13110,31,12,2957.4700000000003,7.992427521791549,2.5649493574615367,-0.813735830618375,1.2544959545938104,0.8329177431781698
13111,719,1,321.88000000000005,5.777280737165245,0.6931471805599453,2.4730836091539286,-1.058145946714099,-0.7633018729047346
13112,541,1,20.6,3.0726933146901194,0.6931471805599453,1.6227146261895826,-1.058145946714099,-2.712209063673221
13113,1,37,18625.73,9.832352924840173,3.6375861597263857,-0.9570564457247255,2.579756093947218,2.1587553991107167
13114,731,1,234.38,5.461201229449516,0.6931471805599453,2.5304118551964687,-1.058145946714099,-0.9910666034224858
13115,12,10,5494.7,8.611721247259522,2.3978952727983707,-0.9045055535190636,1.0480979277381186,1.2791765642954374
13116,138,1,501.14,6.218878965272838,0.6931471805599453,-0.30255897007239174,-1.058145946714099,-0.4450892113218102
13117,22,18,2643.81,7.880354508063847,2.9444389791664403,-0.8567320151502801,1.7233615276208618,0.7521586963342983
13118,20,9,2415.41,7.790038246643707,2.302585092994046,-0.8662867228240368,0.9303406571479473,0.68707741633487
13119,669,1,134.9,4.911919321157098,0.6931471805599453,2.2342159173100113,-1.058145946714099,-1.3868753881318567
13120,239,1,30.599999999999998,3.4531571205928664,0.6931471805599453,0.17995376745232144,-1.058145946714099,-2.438049448424981
13121,269,1,283.73,5.6515413628105104,0.6931471805599453,0.3232743825586719,-1.058145946714099,-0.8539088057057488
13122,94,2,922.39,6.828051680471256,1.0986122886681098,-0.5127625388950391,-0.5571872395918231,-0.006123520952790851
13123,473,2,506.75,6.229989200460494,1.0986122886681098,1.297854565281855,-0.5571872395918231,-0.43708325186625047
13124,90,4,4782.45,8.472917322466122,1.6094379124341003,-0.5318719542425524,0.07394609082159041,1.179155405841191
13125,524,1,158.57,5.072482697422336,0.6931471805599453,1.5414996109626506,-1.058145946714099,-1.2711745178338603
13126,5,13,3998.25,8.293862122521706,2.6390573296152584,-0.937947030377212,1.3460575542855853,1.0501294539284194
13127,78,1,259.17,5.561335263505108,0.6931471805599453,-0.5892002002850927,-1.058145946714099,-0.9189107036390709
13128,631,1,263.5,5.577841251298354,0.6931471805599453,2.052676471508634,-1.058145946714099,-0.9070166017758173
13129,452,2,233.25,5.456388921118531,1.0986122886681098,1.1975301347074097,-0.5571872395918231,-0.9945343198780584
13130,94,1,64.0,4.174387269895637,0.6931471805599453,-0.5127625388950391,-1.058145946714099,-1.9183359377820741
13131,23,7,3313.77,8.106143518614155,2.0794415416798357,-0.8519546613134018,0.654643185938614,0.914860712398283
13132,262,1,77.3,4.360547602996758,0.6931471805599453,0.28983290570052345,-1.058145946714099,-1.7841900755327393
13133,274,3,200.45000000000002,5.305541211637356,1.3862943611198906,0.3471611517430636,-0.20175138038774237,-1.1032341471699312
13134,86,6,2475.23,7.814492521251219,1.9459101490553132,-0.5509813695900658,0.48966298795922886,0.7046989992911311
13135,197,2,3371.45,8.12339476217512,1.0986122886681098,-0.020695093696569182,-0.5571872395918231,0.9272918404684175
13136,56,13,6274.56,8.74441800304595,2.6390573296152584,-0.6943019846964162,1.3460575542855853,1.3747969385509484
13137,11,16,7712.7,8.950753247682654,2.833213344056216,-0.909282907355942,1.5859404542672264,1.5234807040080232
13138,22,7,1467.24,7.291819683550217,2.0794415416798357,-0.8567320151502801,0.654643185938614,0.32806452878004844
13139,16,8,8202.98,9.012374681354098,2.1972245773362196,-0.8853961381715503,0.8001660338568091,1.567884687473211
13140,108,5,1215.68,7.103881116752489,1.791759469228055,-0.44587958517874215,0.2992073267345332,0.19263728349632386
13141,85,17,7668.58,8.945017134061462,2.8903717578961645,-0.5557587234269442,1.6565606001831652,1.5193472997813724
13142,19,1,307.09,5.7303919480814,0.6931471805599453,-0.8710640766609151,-1.058145946714099,-0.7970896134867352
13143,585,1,405.1,6.006599434692252,0.6931471805599453,1.83291819501223,-1.058145946714099,-0.5980563885568684
13144,333,2,135.35,4.9152251092915975,1.0986122886681098,0.6290250281188862,-0.5571872395918231,-1.3844932598216593
13145,40,7,1423.52,7.261590193853443,2.0794415416798357,-0.7707396460864698,0.654643185938614,0.3062813653467922
13146,26,1,228.91,5.437687927995845,0.6931471805599453,-0.8376225998027668,-1.058145946714099,-1.0080101275626039
13147,10,4,712.8000000000001,6.57060281105606,1.6094379124341003,-0.9140602611928204,0.07394609082159041,-0.19163941468541695
13148,29,26,8621.81,9.062166296614707,3.295836866004329,-0.8232905382921317,2.1575193073054413,1.603764184735893
13149,14,4,1676.06,7.424797539358498,1.6094379124341003,-0.8949508458453069,0.07394609082159041,0.4238874617879085
13150,484,3,449.96999999999997,6.111400818443195,1.3862943611198906,1.3504054574875168,-0.20175138038774237,-0.5225372285188542
13151,296,3,2580.7400000000002,7.856218869202286,1.3862943611198906,0.4522629361543873,-0.20175138038774237,0.7347667201163365
13152,417,7,2146.38,7.672003773368138,2.0794415416798357,1.0303227504166674,0.654643185938614,0.6020225825314919
13153,6,1,486.22,6.188715766456242,0.6931471805599453,-0.9331696765403337,-1.058145946714099,-0.46682460600039877
13154,399,3,1624.84,7.3937798842820515,1.3862943611198906,0.9443303813528572,-0.20175138038774237,0.40153635177500235
13155,33,6,1750.18,7.468045125403372,1.9459101490553132,-0.8041811229446183,0.48966298795922886,0.45505137637459214
13156,385,3,1586.54,7.369940927299805,1.3862943611198906,0.8774474276365603,-0.20175138038774237,0.3843581624892579
13157,49,9,5687.36,8.646177260619517,2.302585092994046,-0.7277434615545647,0.9303406571479473,1.3040053317608475
13158,95,5,1508.18,7.319321735948278,1.791759469228055,-0.5079851850581607,0.2992073267345332,0.3478823195580672
13159,9,4,1437.85,7.271599462399201,1.6094379124341003,-0.9188376150296986,0.07394609082159041,0.3134939757734535
13160,22,1,91.8,4.530446639792155,0.6931471805599453,-0.8567320151502801,-1.058145946714099,-1.6617619921350268
13161,313,2,478.88,6.173536072646727,1.0986122886681098,0.5334779513813193,-0.5571872395918231,-0.47776298949400864
13162,122,16,9275.49,9.135238521473575,2.833213344056216,-0.3789966314624453,1.5859404542672264,1.6564195299798523
13163,610,1,17.65,2.9258461460898246,0.6931471805599453,1.9523520409341886,-1.058145946714099,-2.8180261285796298
13164,569,2,372.2,5.922114468973189,1.0986122886681098,1.7564805336221765,-0.5571872395918231,-0.6589356767741552
13165,46,3,1451.16,7.280807382151422,1.3862943611198906,-0.7420755230651997,-0.20175138038774237,0.3201291397426403
13166,283,2,884.18,6.785791014157531,1.0986122886681098,0.3901573362749688,-0.5571872395918231,-0.03657626793410732
13167,19,5,1125.15,7.026560014747387,1.791759469228055,-0.8710640766609151,0.2992073267345332,0.1369202264533019
13168,36,5,1875.31,7.537062361117244,1.791759469228055,-0.7898490614339833,0.2992073267345332,0.504784724186523
13169,64,3,840.08,6.734686780300234,1.3862943611198906,-0.6560831540013895,-0.20175138038774237,-0.0734016291761013
13170,27,1,116.00999999999999,4.7622594012308666,0.6931471805599453,-0.8328452459658884,-1.058145946714099,-1.494719302397768
13171,22,3,468.41,6.151476586982076,1.3862943611198906,-0.8567320151502801,-0.20175138038774237,-0.493658903924147
13172,400,1,69.6,4.257030144499196,0.6931471805599453,0.9491077351897356,-1.058145946714099,-1.8587840478182966
13173,4,11,2639.35,7.878666763110549,2.4849066497880004,-0.9427243842140904,1.15560189306089,0.750942518869177
13174,16,12,9494.84,9.15860908694789,2.5649493574615367,-0.8853961381715503,1.2544959545938104,1.6732601995499037
13175,582,2,831.45,6.724373159990861,1.0986122886681098,1.818586133501595,-0.5571872395918231,-0.08083355340112691
13176,46,1,492.84,6.202211578085641,0.6931471805599453,-0.7420755230651997,-1.058145946714099,-0.4570996164839859
13177,65,2,512.2,6.240665632741481,1.0986122886681098,-0.6513058001645111,-0.5571872395918231,-0.4293898878169839
13178,26,21,14059.19,9.551102678786863,3.091042453358316,-0.8376225998027668,1.9044924940644754,1.956088396231189
13179,619,1,572.3100000000001,6.3514265826367975,0.6931471805599453,1.9953482254660937,-1.058145946714099,-0.3495763051930652
13180,607,1,86.10000000000001,4.467056883858457,0.6931471805599453,1.9380199794235535,-1.058145946714099,-1.7074402165228277
13181,381,1,359.69,5.888018863654928,0.6931471805599453,0.8583380122890469,-1.058145946714099,-0.6835047366707482
13182,45,1,121.18,4.805495367221621,0.6931471805599453,-0.7468528769020781,-1.058145946714099,-1.463563761142574
13183,8,15,7036.18,8.858962800721406,2.772588722239781,-0.923614968866577,1.5110377522649707,1.4573371359946379
13184,15,10,1701.29,7.439729682398054,2.3978952727983707,-0.8901734920084285,1.0480979277381186,0.4346474618905275
13185,268,1,71.4,4.282206299391671,0.6931471805599453,0.31849702872179353,-1.058145946714099,-1.840642282868084
13186,40,3,1575.89,7.363209831835215,1.3862943611198906,-0.7707396460864698,-0.20175138038774237,0.3795077811543177
13187,337,4,367.01,5.90811011171277,1.6094379124341003,0.6481344434663996,0.07394609082159041,-0.6690271207926084
13188,11,1,114.60000000000001,4.750135956238277,0.6931471805599453,-0.909282907355942,-1.058145946714099,-1.5034553739059764
13189,19,2,260.68,5.567122383230129,1.0986122886681098,-0.8710640766609151,-0.5571872395918231,-0.9147405447630049
13190,544,3,570.66,6.348544409056351,1.3862943611198906,1.6370466877002177,-0.20175138038774237,-0.35165317975415245
13191,658,1,164.69,5.1101185725812055,0.6931471805599453,2.1816650251043495,-1.058145946714099,-1.2440543637140646
13192,95,6,2558.58,7.847598461513884,1.9459101490553132,-0.5079851850581607,0.48966298795922886,0.728554913320345
13193,61,1,117.88,4.778114580969449,0.6931471805599453,-0.6704152155120245,-1.058145946714099,-1.4832941683656162
13194,136,2,472.78,6.160743078929981,1.0986122886681098,-0.3121136777461484,-0.5571872395918231,-0.4869815332315248
13195,414,1,172.38,5.155485717440494,0.6931471805599453,1.0159906889060324,-1.058145946714099,-1.2113631095485815
13196,11,7,3068.84,8.029380721959248,2.0794415416798357,-0.909282907355942,0.654643185938614,0.8595459663704625
13197,610,1,373.01000000000005,5.924282535024993,0.6931471805599453,1.9523520409341886,-1.058145946714099,-0.6573733832119988
13198,10,8,4974.2300000000005,8.512226879679845,2.1972245773362196,-0.9140602611928204,0.8001660338568091,1.2074816037977134
13199,4,67,16432.89,9.707100945028303,4.219507705176107,-0.9427243842140904,3.2987295869199396,2.0684996794823425
13200,19,4,870.09,6.769745301020691,1.6094379124341003,-0.8710640766609151,0.07394609082159041,-0.04813869902933748
13201,502,4,1240.6100000000001,7.124164203520231,1.6094379124341003,1.436397826551327,0.07394609082159041,0.20725313703618028
13202,394,7,1580.3,7.366002572529271,2.0794415416798357,0.9204436121684655,0.654643185938614,0.3815202109894073
13203,10,10,2648.25,7.882031860054945,2.3978952727983707,-0.9140602611928204,1.0480979277381186,0.7533673847019718
13204,731,1,966.6600000000001,6.874880785908055,0.6931471805599453,2.5304118551964687,-1.058145946714099,0.027621212001528582
13205,443,1,2803.2,7.938873572287031,0.6931471805599453,1.1545339501755045,-1.058145946714099,0.794327133602721
13206,400,13,8377.32,9.033402696050894,2.6390573296152584,0.9491077351897356,1.3460575542855853,1.5830373309816492
13207,15,4,535.86,6.285737352883712,1.6094379124341003,-0.8901734920084285,0.07394609082159041,-0.39691151468119906
13208,59,9,1988.5,7.595638629866984,2.302585092994046,-0.6799699231857812,0.9303406571479473,0.5469943826453648
13209,30,13,8509.51,9.049057149266432,2.6390573296152584,-0.8185131844552533,1.3460575542855853,1.5943178228547459
13210,94,1,353.48,5.8706519268912345,0.6931471805599453,-0.5127625388950391,-1.058145946714099,-0.6960192324711495
13211,10,10,2729.32,7.912174097426949,2.3978952727983707,-0.9140602611928204,1.0480979277381186,0.7750876747070142
13212,20,3,788.08,6.670867709875668,1.3862943611198906,-0.8662867228240368,-0.20175138038774237,-0.11938921464848087
13213,57,11,3851.52,8.25648275861493,2.4849066497880004,-0.689524630859538,1.15560189306089,1.02319414006173
13214,418,7,3264.23,8.091085483333597,2.0794415416798357,1.0351001042535457,0.654643185938614,0.9040099952082025
13215,402,1,81.6,4.414009680526933,0.6931471805599453,0.9586624428634922,-1.058145946714099,-1.7456656682733773
13216,268,1,333.74,5.813354111085492,0.6931471805599453,0.31849702872179353,-1.058145946714099,-0.7373076464862326
13217,122,4,666.48,6.503509427278702,1.6094379124341003,-0.3789966314624453,0.07394609082159041,-0.23998644795565838
13218,127,1,62.63999999999999,4.153242203469586,0.6931471805599453,-0.3551098622780536,-1.058145946714099,-1.9335729279656988
13219,618,1,76.23,4.346787982581173,0.6931471805599453,1.9905708716292154,-1.058145946714099,-1.7941051638553929
13220,78,5,1336.0900000000001,7.198250889720467,1.791759469228055,-0.5892002002850927,0.2992073267345332,0.2606394961813802
13221,240,2,847.41,6.743364009514037,1.0986122886681098,0.1847311212891998,-0.5571872395918231,-0.06714887717770189
13222,577,1,88.5,4.4942386252808095,0.6931471805599453,1.7946993643172031,-1.058145946714099,-1.687853239642209
13223,200,6,969.1200000000001,6.877419775186018,1.9459101490553132,-0.0063630321859341355,0.48966298795922886,0.029450790302450285
13224,60,2,2155.95,7.676450465777419,1.0986122886681098,-0.6751925693489029,-0.5571872395918231,0.6052268386555752
13225,3,16,16260.07,9.696529186594761,2.833213344056216,-0.9475017380509687,1.5859404542672264,2.0608817426913246
13226,273,2,312.46,5.747671760225922,1.0986122886681098,0.3423837979061853,-0.5571872395918231,-0.7846378990907675
13227,202,1,257.7,5.5556690891919835,0.6931471805599453,0.0031916754878225607,-1.058145946714099,-0.9229937100788813
13228,81,1,358.0,5.883322388488279,0.6931471805599453,-0.5748681387744575,-1.058145946714099,-0.6868889845406771
13229,226,1,160.95,5.087287645617338,0.6931471805599453,0.11784816757290292,-1.058145946714099,-1.2605061734659087
13230,4,30,6360.78,8.758063491390523,3.4339872044851463,-0.9427243842140904,2.3282062876889484,1.3846297840841675
13232,13,7,1357.6,7.214210036757201,2.0794415416798357,-0.8997281996821853,0.654643185938614,0.2721395483371945
13233,74,4,1176.46,7.071114855037561,1.6094379124341003,-0.608309615632606,0.07394609082159041,0.1690261395043933
13234,673,2,356.95,5.880393311842194,1.0986122886681098,2.2533253326575244,-0.5571872395918231,-0.6889996571299339
13235,212,1,1031.07,6.939321773198559,0.6931471805599453,0.050965213856606045,-1.058145946714099,0.07405694651209928
13236,25,2,744.85,6.614524507599939,1.0986122886681098,-0.842399953639645,-0.5571872395918231,-0.15998974068568309
13237,388,1,643.0,6.467698726104354,0.6931471805599453,0.8917794891471953,-1.058145946714099,-0.2657913941907772
13238,17,6,1006.63,6.915356317754957,1.9459101490553132,-0.8806187843346719,0.48966298795922886,0.05678760330065495
13239,262,5,1594.69,7.375061523554606,1.791759469228055,0.28983290570052345,0.2992073267345332,0.3880480291133038
13240,96,8,1738.52,7.461364492082669,2.1972245773362196,-0.5032078312212823,0.8001660338568091,0.45023735771525447
13241,412,1,115.58,4.758577732617404,0.6931471805599453,1.0064359812322756,-1.058145946714099,-1.4973722876091824
13242,112,7,699.4,6.551651600411697,2.0794415416798357,-0.4267701698312288,0.654643185938614,-0.20529552740399432
13243,203,5,1278.04,7.153865075522958,1.791759469228055,0.00796902932470091,0.2992073267345332,0.22865538217611953
13244,93,1,121.74000000000001,4.810068296960951,0.6931471805599453,-0.5175398927319174,-1.058145946714099,-1.4602685392622237
13245,51,2,989.22,6.897927140663157,1.0986122886681098,-0.718188753880808,-0.5571872395918231,0.04422825754569316
13246,18,11,3387.43,8.12812196625448,2.4849066497880004,-0.8758414304977935,1.15560189306089,0.9306982313825856
13247,18,4,501.12,6.218839134950008,1.6094379124341003,-0.8758414304977935,0.07394609082159041,-0.44511791277990664
13248,125,2,465.68,6.145643797955656,1.0986122886681098,-0.36466456995181024,-0.5571872395918231,-0.49786197178631375
13249,92,9,1608.93,7.383945978772432,2.302585092994046,-0.5223172465687957,0.9303406571479473,0.3944501067522786
13250,461,2,256.04,5.549231714807603,1.0986122886681098,1.2405263192393148,-0.5571872395918231,-0.9276324380131798
13251,402,1,252.68,5.536073630230092,0.6931471805599453,0.9586624428634922,-1.058145946714099,-0.9371140637268656
13252,394,2,399.3,5.992214265998528,1.0986122886681098,0.9204436121684655,-0.5571872395918231,-0.6084222426884981
13253,157,4,2951.11,7.990275447898748,1.6094379124341003,-0.2117892471717031,0.07394609082159041,0.8313669734563663
13254,376,1,51.410000000000004,3.959097412814075,0.6931471805599453,0.8344512431046551,-1.058145946714099,-2.07347233569588
13255,9,3,904.46,6.808443101858514,1.3862943611198906,-0.9188376150296986,-0.20175138038774237,-0.020253328531407832
13257,436,1,149.75,5.015622835607295,0.6931471805599453,1.121092473317356,-1.058145946714099,-1.3121473451999
13258,12,5,1035.18,6.943296152901229,1.791759469228055,-0.9045055535190636,0.2992073267345332,0.07692085733155014
13259,62,9,1433.38,7.268487979081614,2.302585092994046,-0.6656378616751462,0.9303406571479473,0.31125186218481193
13260,61,1,557.62,6.325469456665338,0.6931471805599453,-0.6704152155120245,-1.058145946714099,-0.368280832559078
13261,269,2,944.1,6.8512907420010105,1.0986122886681098,0.3232743825586719,-0.5571872395918231,0.010622387774612134
13262,263,3,573.45,6.353413061299374,1.3862943611198906,0.29461025953740183,-0.20175138038774237,-0.34814486226109265
13263,1,39,8704.69,9.071732113851352,3.6888794541139363,-0.9570564457247255,2.6431297898006605,1.610657247183478
13264,443,1,722.5600000000001,6.584183472833434,0.6931471805599453,1.1545339501755045,-1.058145946714099,-0.18185328273295162
13265,53,5,2107.66,7.653807953637001,1.791759469228055,-0.7086340462070513,0.2992073267345332,0.588910799336299
13266,11,19,6135.04,8.721934861930668,2.995732273553991,-0.909282907355942,1.7867352234743035,1.3585957409019052
13267,3,36,9758.26,9.18597185686055,3.6109179126442243,-0.9475017380509687,2.5468070428147276,1.6929776243219687
13268,18,11,3214.69,8.075797232617925,2.4849066497880004,-0.8758414304977935,1.15560189306089,0.892993386350805
13269,1,28,8891.7,9.092985994432782,3.367295829986474,-0.9570564457247255,2.245808014503504,1.6259726481029186
13270,366,1,1180.0,7.074116816197362,0.6931471805599453,0.7866777047358717,-1.058145946714099,0.17118933217552887
13271,37,1,217.38,5.38623666458592,0.6931471805599453,-0.7850717075971049,-1.058145946714099,-1.045085555925707
13272,31,2,276.56,5.626037126031348,1.0986122886681098,-0.813735830618375,-0.5571872395918231,-0.8722869842186413
13273,113,1,138.98,4.941499555261394,0.6931471805599453,-0.42199281599435046,-1.058145946714099,-1.365560073836075
13274,409,1,360.85,5.891229761312137,0.6931471805599453,0.9921039197216407,-1.058145946714099,-0.6811909857892071
13275,384,2,241.66,5.491661286623727,1.0986122886681098,0.872670073799682,-0.5571872395918231,-0.9691172946426234
13276,64,5,1939.26,7.57057726369597,1.791759469228055,-0.6560831540013895,0.2992073267345332,0.5289353336624069
13277,16,7,523.3,6.262064039578487,2.0794415416798357,-0.8853961381715503,0.654643185938614,-0.4139703422666817
13278,41,4,1435.85,7.27020849649701,1.6094379124341003,-0.7659622922495916,0.07394609082159041,0.31249165526187883
13279,78,1,137.75,4.932673752626544,0.6931471805599453,-0.5892002002850927,-1.058145946714099,-1.371919886825082
13280,122,7,2322.63,7.750885897035204,2.0794415416798357,-0.3789966314624453,0.654643185938614,0.6588645011029919
13281,439,1,350.85,5.863204948412558,0.6931471805599453,1.135424534827991,-1.058145946714099,-0.7013854742076836
13282,18,4,1313.19,7.1809757852429135,1.6094379124341003,-0.8758414304977935,0.07394609082159041,0.24819117409801802
13283,60,4,373.36,5.925217901289056,1.6094379124341003,-0.6751925693489029,0.07394609082159041,-0.6566993646822646
13284,331,1,201.19,5.309207849379209,0.6931471805599453,0.6194703204451295,-1.058145946714099,-1.1005919931017514
13285,23,6,3364.59,8.121358561033485,1.9459101490553132,-0.8519546613134018,0.48966298795922886,0.9258245678582564
13286,600,1,734.91,6.601107828643053,0.6931471805599453,1.9045785025654052,-1.058145946714099,-0.16965770773974084
13287,603,3,781.59,6.662608931774919,1.3862943611198906,1.9189105640760402,-0.20175138038774237,-0.12534043363802297
13288,443,5,927.61,6.833688844427256,1.791759469228055,1.1545339501755045,0.2992073267345332,-0.0020614191778239614
13289,724,1,307.95,5.733179451506989,0.6931471805599453,2.4969703783383204,-1.058145946714099,-0.7950809575914675
13290,438,1,208.63,5.345344071975791,0.6931471805599453,1.1306471809911127,-1.058145946714099,-1.0745524783571185
13291,156,11,3320.84,8.108274125256557,2.4849066497880004,-0.21656660100858147,1.15560189306089,0.916396012966336
13292,39,5,994.51,6.903255168657213,1.791759469228055,-0.7755169999233482,0.2992073267345332,0.048067598061715185
13293,392,6,1192.94,7.085014041433629,1.9459101490553132,0.9108889044947087,0.48966298795922886,0.17904179811761647
13294,190,3,1689.53,7.432797368219404,1.3862943611198906,-0.05413657055471762,-0.20175138038774237,0.42965208372705394
13295,360,4,1101.97,7.005761820334205,1.6094379124341003,0.7580135817146015,0.07394609082159041,0.12193318986871346
13296,137,6,792.51,6.676466142281509,1.9459101490553132,-0.30733632390927007,0.48966298795922886,-0.1153550225635419
13297,8,7,4368.62,8.382431327786959,2.0794415416798357,-0.923614968866577,0.654643185938614,1.113951817216693
13298,1,1,360.0,5.8888779583328805,0.6931471805599453,-0.9570564457247255,-1.058145946714099,-0.6828856789240842
13299,268,3,1218.7,7.106360205849192,1.3862943611198906,0.31849702872179353,-0.20175138038774237,0.19442369813649088
13300,169,3,1285.51,7.1596884047191836,1.3862943611198906,-0.15446100112916294,-0.20175138038774237,0.23285163334937584
13301,104,4,618.09,6.428250657915328,1.6094379124341003,-0.4649890005262556,0.07394609082159041,-0.29421740220835524
13302,155,2,159.2,5.076423034634259,1.0986122886681098,-0.2213439548454598,-0.5571872395918231,-1.268335137800309
13303,400,1,61.72,4.138680376042152,0.6931471805599453,0.9491077351897356,-1.058145946714099,-1.9440660811720698
13304,351,4,1217.99,7.105777926002176,1.6094379124341003,0.7150173971826964,0.07394609082159041,0.19400411126292214
13305,4,16,3754.71,8.231032627549666,2.833213344056216,-0.9427243842140904,1.5859404542672264,1.0048549497560604
13306,430,1,53.65,4.000949214622548,0.6931471805599453,1.0924283502960859,-1.058145946714099,-2.043314213679434
13307,120,3,273.34,5.614368213050261,1.3862943611198906,-0.388551339136202,-0.20175138038774237,-0.8806955230694508
13308,23,4,1670.3700000000001,7.421398928381481,1.6094379124341003,-0.8519546613134018,0.07394609082159041,0.4214384459725232
13309,7,6,1706.3700000000001,7.442709453846698,1.9459101490553132,-0.9283923227034554,0.48966298795922886,0.4367946648076339
13310,28,5,1541.2,7.34096524739886,1.791759469228055,-0.82806789212901,0.2992073267345332,0.36347848581580927
13311,4,2,598.57,6.396212731621162,1.0986122886681098,-0.9427243842140904,-0.5571872395918231,-0.3173037126796466
13312,451,1,124.75,4.8342958089798485,0.6931471805599453,1.1927527808705314,-1.058145946714099,-1.4428103598757176
13313,22,12,3445.32,8.145062274064983,2.5649493574615367,-0.8567320151502801,1.2544959545938104,0.9429053012784845
13314,2,3,775.94,6.655363127308804,1.3862943611198906,-0.9522790918878471,-0.20175138038774237,-0.1305617107576182
13315,689,1,310.26,5.740628575776864,0.6931471805599453,2.329762994047578,-1.058145946714099,-0.7897131696124785
13316,37,10,13191.57,9.487409071310847,2.3978952727983707,-0.7850717075971049,1.0480979277381186,1.9101912185010665
13317,66,19,6486.091,8.777569481170776,2.995732273553991,-0.6465284463276328,1.7867352234743035,1.3986856668520469
13318,1,3,640.76,6.464214402021743,1.3862943611198906,-0.9570564457247255,-0.20175138038774237,-0.2683021742835699
13319,5,58,22082.5,10.00258600232169,4.07753744390572,-0.937947030377212,3.1233230300705346,2.281424189941208
13320,78,6,2228.1,7.709353195546886,1.9459101490553132,-0.5892002002850927,0.48966298795922886,0.628936320593838
13321,72,2,567.36,6.342755020769874,1.0986122886681098,-0.6178643233063628,-0.5571872395918231,-0.3558249733400813
13322,17,1,199.48000000000002,5.300714491147758,0.6931471805599453,-0.8806187843346719,-1.058145946714099,-1.1067122489283867
13323,3,5,787.85,6.670576188703463,1.791759469228055,-0.9475017380509687,0.2992073267345332,-0.11959928281046736
13324,36,18,10513.47,9.260507682681968,2.9444389791664403,-0.7898490614339833,1.7233615276208618,1.7466876304049999
13325,82,1,675.3,6.516636764580894,0.6931471805599453,-0.5700907849375793,-1.058145946714099,-0.23052697851818282
13326,432,1,281.76,5.644598481302753,0.6931471805599453,1.1019830579698426,-1.058145946714099,-0.8589117986142709
13327,39,20,9879.48,9.19831637255775,3.044522437723423,-0.7755169999233482,1.8470162614078611,1.701872997867265
13328,316,1,1308.48,7.17738539082617,0.6931471805599453,0.5478100128919543,-1.058145946714099,0.24560396044822475
13329,32,8,5112.97,8.539731289584415,2.1972245773362196,-0.8089584767814967,0.8001660338568091,1.227301093378791
13330,93,6,2806.18,7.93993569970672,1.9459101490553132,-0.5175398927319174,0.48966298795922886,0.7950924953538491
13331,402,1,262.4,5.573673789309181,0.6931471805599453,0.9586624428634922,-1.058145946714099,-0.9100196463697763
13332,14,1,350.9,5.863347044327539,0.6931471805599453,-0.8949508458453069,-1.058145946714099,-0.7012830808636251
13333,411,3,1015.74,6.924356709479563,1.3862943611198906,1.0016586273953973,-0.20175138038774237,0.06327322399313198
13334,82,5,6263.75,8.742693962304125,1.791759469228055,-0.5700907849375793,0.2992073267345332,1.3735546065889643
13336,77,1,795.12,6.679749928251019,0.6931471805599453,-0.593977554121971,-1.058145946714099,-0.11298874886288744
13337,546,1,1575.26,7.362810231430298,0.6931471805599453,1.6466013953739744,-1.058145946714099,0.3792198318367596
13338,158,4,2445.62,7.8024627591890665,1.6094379124341003,-0.20701189333482475,0.07394609082159041,0.6960304350615799
13339,201,1,860.12,6.758233867538541,0.6931471805599453,-0.0015856783490557876,-1.058145946714099,-0.056433759230750516
13340,45,12,22100.56,10.003403473249906,2.5649493574615367,-0.7468528769020781,1.2544959545938104,2.2820132538986173
13341,261,1,775.85,6.65524728153801,0.6931471805599453,0.2850555518636451,-1.058145946714099,-0.13064518842738929
13343,178,1,353.43,5.870510865261174,0.6931471805599453,-0.1114648165972578,-1.058145946714099,-0.6961208805165711
13344,68,3,2543.72,7.841775903285653,1.3862943611198906,-0.6369737386538761,-0.20175138038774237,0.7243592177013501
13345,288,1,389.5,5.967427969279741,0.6931471805599453,0.4140441054593605,-1.058145946714099,-0.6262830785063167
13346,463,6,299.4,5.705114919889979,1.9459101490553132,1.2500810269130715,0.48966298795922886,-0.815304067045953
13347,70,1,341.36,5.835862815013409,0.6931471805599453,-0.6274190309801194,-1.058145946714099,-0.7210880284493156
13348,64,1,233.76,5.458563715690134,0.6931471805599453,-0.6560831540013895,-1.058145946714099,-0.9929671777905745
13349,11,1,247.32,5.514718236994854,0.6931471805599453,-0.909282907355942,-1.058145946714099,-0.9525026139700503
13350,16,2,979.12,6.887675013147945,1.0986122886681098,-0.8853961381715503,-0.5571872395918231,0.03684064460738147
13351,66,1,373.94,5.926766013169045,0.6931471805599453,-0.6465284463276328,-1.058145946714099,-0.6555838058543438
13352,60,1,397.97999999999996,5.988911290320265,0.6931471805599453,-0.6751925693489029,-1.058145946714099,-0.6108023443619761
13354,71,1,743.53,6.612753146812557,0.6931471805599453,-0.622641677143241,-1.058145946714099,-0.1612661711487127
13355,122,1,674.7,6.515749190558129,0.6931471805599453,-0.3789966314624453,-1.058145946714099,-0.2311665582858514
13356,80,1,768.24,6.645403014442647,0.6931471805599453,-0.5796454926113359,-1.058145946714099,-0.13773889993790148
13357,257,5,3838.36,8.253060965024673,1.791759469228055,0.2659461365161317,0.2992073267345332,1.0207284190138695
13358,269,1,439.03,6.086842906406214,0.6931471805599453,0.3232743825586719,-1.058145946714099,-0.5402334918976625
13359,64,2,1043.31,6.951111659232052,1.0986122886681098,-0.6560831540013895,-0.5571872395918231,0.08255265771672643
13360,432,4,1553.65,7.349005718893091,1.6094379124341003,1.1019830579698426,0.07394609082159041,0.3692723945584353
13361,472,2,1450.5,7.280352783464685,1.0986122886681098,1.2930772114449767,-0.5571872395918231,0.3198015590395233
13362,9,7,5394.07,8.593240852584891,2.0794415416798357,-0.9188376150296986,0.654643185938614,1.265859718343138
13363,18,3,1723.86,7.452901166751566,1.3862943611198906,-0.8758414304977935,-0.20175138038774237,0.44413874339111276
13364,71,1,134.95999999999998,4.9123607248279155,0.6931471805599453,-0.622641677143241,-1.058145946714099,-1.3865573156669262
13365,34,2,2225.37,7.708127735453272,1.0986122886681098,-0.7994037691077399,-0.5571872395918231,0.6280532624354667
13366,50,1,56.160000000000004,4.045854353061666,0.6931471805599453,-0.7229661077176863,-1.058145946714099,-2.010955878179093
13367,432,1,510.20000000000005,6.236760903063325,0.6931471805599453,1.1019830579698426,-1.058145946714099,-0.43220360930534385
13368,257,4,1121.5,7.02331361961641,1.6094379124341003,0.2659461365161317,0.07394609082159041,0.13458089633505121
13369,366,1,616.5600000000001,6.425776229773726,0.6931471805599453,0.7866777047358717,-1.058145946714099,-0.29600045819616794
13370,372,1,1509.74,7.320354875990901,0.6931471805599453,0.8153418277571418,-1.058145946714099,0.3486267932036249
13371,505,2,2297.66,7.740081623439195,1.0986122886681098,1.4507298880619621,-0.5571872395918231,0.6510790154768623
13372,90,1,378.64,5.939223435262291,0.6931471805599453,-0.5318719542425524,-1.058145946714099,-0.646607072732607
13373,61,6,7587.1900000000005,8.934348370277531,1.9459101490553132,-0.6704152155120245,0.48966298795922886,1.5116594615986136
13374,415,2,422.8,6.049261645834199,1.0986122886681098,1.0207680427429107,-0.5571872395918231,-0.5673142911198653
13375,89,2,1792.23,7.491773742009734,1.0986122886681098,-0.5366493080794308,-0.5571872395918231,0.4721500551404667
13376,99,3,1019.76,6.928302726869797,1.3862943611198906,-0.48887576971064733,-0.20175138038774237,0.06611669712430808
13377,397,2,1552.88,7.348510307868749,1.0986122886681098,0.9347756736791005,-0.5571872395918231,0.3689154047640948
13379,26,3,572.56,6.351862551846838,1.3862943611198906,-0.8376225998027668,-0.20175138038774237,-0.34926214876338535
13380,433,1,62.4,4.14946386144318,0.6931471805599453,1.106760411806721,-1.058145946714099,-1.9362955753770021
13381,32,12,8224.37,9.014978559424218,2.5649493574615367,-0.8089584767814967,1.2544959545938104,1.5697610241937663
13382,281,5,1387.58,7.236036921219625,1.791759469228055,0.3806026286012121,0.2992073267345332,0.2878678519325583
13383,544,1,305.28000000000003,5.724499716244923,0.6931471805599453,1.6370466877002177,-1.058145946714099,-0.8013355154310978
13384,31,11,6680.83,8.807147181108476,2.4849066497880004,-0.813735830618375,1.15560189306089,1.4199991550447204
13385,330,1,534.57,6.283331600299074,0.6931471805599453,0.6146929666082511,-1.058145946714099,-0.3986450835325692
13386,414,2,835.46,6.729178700993051,1.0986122886681098,1.0159906889060324,-0.5571872395918231,-0.07737071343637927
13387,417,1,189.44,5.249337184326318,0.6931471805599453,1.0303227504166674,-1.058145946714099,-1.143734384679868
13388,131,3,1185.65,7.0788894901355155,1.3862943611198906,-0.33600044693054015,-0.20175138038774237,0.1746284883588213
13389,11,3,797.96,6.683310881934879,1.3862943611198906,-0.909282907355942,-0.20175138038774237,-0.11042275000376485
13390,75,1,544.08,6.30093257288162,0.6931471805599453,-0.6035322617957277,-1.058145946714099,-0.3859619431224691
13391,204,1,59.8,4.107589788972121,0.6931471805599453,0.012746383161579257,-1.058145946714099,-1.9664697454805227
13392,677,1,91.14,4.523309159507771,0.6931471805599453,2.272434748005038,-1.058145946714099,-1.666905211590464
13393,584,4,1131.45,7.032138706272169,1.6094379124341003,1.8281408411753517,0.07394609082159041,0.14094019339442496
13394,2,19,6621.7,8.798258420765713,2.995732273553991,-0.9522790918878471,1.7867352234743035,1.4135939751621724
13395,185,3,1180.23,7.074311547447687,1.3862943611198906,-0.07802333973910935,-0.20175138038774237,0.17132965418208393
13396,29,2,1360.99,7.216702144538598,1.0986122886681098,-0.8232905382921317,-0.5571872395918231,0.2739353441524722
13397,73,10,3191.87,8.068675477823932,2.3978952727983707,-0.6130869694694844,1.0480979277381186,0.8878614985761443
13398,192,2,670.34,6.509275715047685,1.0986122886681098,-0.04458186288096092,-0.5571872395918231,-0.2358313004445731
13399,464,3,275.4,5.621849091893515,1.3862943611198906,1.2548583807499498,-0.20175138038774237,-0.8753048529621619
13400,583,1,310.83,5.742458167518031,0.6931471805599453,1.8233634873384732,-1.058145946714099,-0.7883947783225908
13402,127,4,1535.13,7.3370215455429095,1.6094379124341003,-0.3551098622780536,0.07394609082159041,0.36063668124279397
13403,18,3,229.5,5.440250862436703,1.3862943611198906,-0.8758414304977935,-0.20175138038774237,-1.0061632945411423
13404,1,2,252.49,5.5353243745214,1.0986122886681098,-0.9570564457247255,-0.5571872395918231,-0.9376539722638425
13405,74,6,1213.811,7.1023437881190725,1.9459101490553132,-0.608309615632606,0.48966298795922886,0.19152949500210037
13406,427,2,568.92,6.3454960001012966,1.0986122886681098,1.0780962887854508,-0.5571872395918231,-0.3538498423887334
13407,579,3,2244.7,7.7167725555844955,1.3862943611198906,1.8042540719909599,-0.20175138038774237,0.6342826606707153
13408,2,106,51733.462,10.853879414835468,4.672828834461906,-0.9522790918878471,3.858815183182004,2.8948603981091856
13410,24,9,2201.96,7.697557189578945,2.302585092994046,-0.8471773074765234,0.9303406571479473,0.6204361994063226
13411,107,1,213.55,5.368542811437534,0.6931471805599453,-0.45065693901562054,-1.058145946714099,-1.0578356254360257
13412,620,1,487.34999999999997,6.191032361893486,0.6931471805599453,2.000125579302972,-1.058145946714099,-0.4651552831793918
13413,640,6,429.44,6.064807941332192,1.9459101490553132,2.095672656040539,0.48966298795922886,-0.5561117369579732
13414,134,6,2494.14,7.822100118835836,1.9459101490553132,-0.3216683854199051,0.48966298795922886,0.7101809820563861
13415,473,4,800.67,6.686697051867266,1.6094379124341003,1.297854565281855,0.07394609082159041,-0.10798269912001407
13416,44,3,940.8000000000001,6.847792937809454,1.3862943611198906,-0.7516302307389565,-0.20175138038774237,0.008101894007549605
13417,5,6,1669.49,7.420872275547227,1.9459101490553132,-0.937947030377212,0.48966298795922886,0.42105894354372875
13418,12,31,12233.6,9.412023282248757,3.4657359027997265,-0.9045055535190636,2.3674323185913275,1.8558687347225953
13419,64,1,221.06,5.40294761562612,0.6931471805599453,-0.6560831540013895,-1.058145946714099,-1.0330437589491386
13420,150,2,159.85,5.080472253685035,1.0986122886681098,-0.24523072402985155,-0.5571872395918231,-1.2654172982586933
13421,40,8,4103.12,8.319746626189215,2.1972245773362196,-0.7707396460864698,0.8001660338568091,1.0687816501591165
13422,64,1,2626.3,7.8737119818711125,0.6931471805599453,-0.6560831540013895,-1.058145946714099,0.7473721374106308
13423,429,1,217.03,5.3846326679999565,0.6931471805599453,1.0876509964592076,-1.058145946714099,-1.046241384890367
13424,450,1,572.77,6.352228619155015,0.6931471805599453,1.1879754270336529,-1.058145946714099,-0.34899836316589206
13425,108,5,3403.63,8.132891548949473,1.791759469228055,-0.44587958517874215,0.2992073267345332,0.934135160037209
13426,1,22,8167.38,9.00802588177899,3.1354942159291497,-0.9570564457247255,1.9594133665673954,1.564750972255611
13427,19,6,1006.53,6.915257070052459,1.9459101490553132,-0.8710640766609151,0.48966298795922886,0.05671608608532785
13428,10,3,499.98,6.216566180128353,1.3862943611198906,-0.9140602611928204,-0.20175138038774237,-0.4467557884719262
13429,11,4,1006.8,6.915525016246498,1.6094379124341003,-0.909282907355942,0.07394609082159041,0.05690916627935728
13430,19,2,679.45,6.5227543440063265,1.0986122886681098,-0.8710640766609151,-0.5571872395918231,-0.22611869264313722
13431,67,8,3316.24,8.106888390866821,2.1972245773362196,-0.6417510924907545,0.8001660338568091,0.9153974622468406
13432,571,2,439.1,6.0870019738170456,1.0986122886681098,1.766035241295933,-0.5571872395918231,-0.54011886900982
13433,501,4,658.3199999999999,6.491209000863155,1.6094379124341003,1.4316204727144486,0.07394609082159041,-0.24885005106627248
13434,74,5,1666.8600000000001,7.419296646542416,1.791759469228055,-0.608309615632606,0.2992073267345332,0.41992355606394494
13435,5,9,4475.2300000000005,8.40653645327697,2.302585092994046,-0.937947030377212,0.9303406571479473,1.1313218057079015
13436,2,1,196.89,5.287711320760812,0.6931471805599453,-0.9522790918878471,-1.058145946714099,-1.1160822445363359
13437,14,7,3408.06,8.134191872452362,2.0794415416798357,-0.8949508458453069,0.654643185938614,0.9350721642560581
13438,547,1,46.5,3.8607297110405954,0.6931471805599453,1.6513787492108527,-1.058145946714099,-2.1443554285227555
13439,255,3,986.61,6.895287882976667,1.3862943611198906,0.25639142884237504,-0.20175138038774237,0.04232642651566327
13440,423,7,1295.25,7.167230759543737,2.0794415416798357,1.0589868734379375,0.654643185938614,0.23828660262814585
13441,92,2,720.9,6.581886625145115,1.0986122886681098,-0.5223172465687957,-0.5571872395918231,-0.18350837546120524
13442,667,3,419.87,6.042323997398791,1.3862943611198906,2.2246612096362544,-0.20175138038774237,-0.5723135131122598
13443,449,6,1280.16,7.155521196517061,1.9459101490553132,1.1831980731967746,0.48966298795922886,0.22984877163262857
13444,374,2,631.6800000000001,6.449964765095288,1.0986122886681098,0.8248965354308985,-0.5571872395918231,-0.2785703651510677
13445,626,1,241.89999999999998,5.492649836008127,0.6931471805599453,2.028789702324242,-1.058145946714099,-0.9684049527202745
13446,430,11,3881.89,8.264335000718507,2.4849066497880004,1.0924283502960859,1.15560189306089,1.0288524119933922
13447,23,3,1129.14,7.030096797837492,1.3862943611198906,-0.8519546613134018,-0.20175138038774237,0.13946880814794954
13448,17,13,9240.87,9.131499525111849,2.6390573296152584,-0.8806187843346719,1.3460575542855853,1.6537252347852989
13449,24,1,291.88,5.679762968811981,0.6931471805599453,-0.8471773074765234,-1.058145946714099,-0.8335725095245863
13450,27,13,4120.04,8.323860837673656,2.6390573296152584,-0.8328452459658884,1.3460575542855853,1.0717463228037276
13451,26,11,7190.92,8.880713452619068,2.4849066497880004,-0.8376225998027668,1.15560189306089,1.4730105069254478
13452,259,3,729.8,6.594139824503851,1.3862943611198906,0.2755008441898884,-0.20175138038774237,-0.1746788038445828
13453,166,3,781.6899999999999,6.662736704441964,1.3862943611198906,-0.16879306263979799,-0.20175138038774237,-0.12524836152842195
13454,641,1,219.87,5.397574293145378,0.6931471805599453,2.1004500098774175,-1.058145946714099,-1.0369157383623435
13455,25,6,2905.93,7.974852820461591,1.9459101490553132,-0.842399953639645,0.48966298795922886,0.8202535336529265
13456,18,6,1766.72,7.477445859614847,1.9459101490553132,-0.8758414304977935,0.48966298795922886,0.46182548112380384
13457,689,2,148.22,5.005421727043368,1.0986122886681098,2.329762994047578,-0.5571872395918231,-1.3194981942310078
13458,7,16,11959.27,9.389345602500642,2.833213344056216,-0.9283923227034554,1.5859404542672264,1.8395273538658434
13459,625,2,1160.4099999999999,7.057390063198797,1.0986122886681098,2.0240123484873638,-0.5571872395918231,0.1591361484158859
13460,29,2,183.44,5.217324207338505,1.0986122886681098,-0.8232905382921317,-0.5571872395918231,-1.1668027168517148
13461,39,6,4160.0,8.333510708982942,1.9459101490553132,-0.7755169999233482,0.48966298795922886,1.0786999540409261
13462,253,5,1153.85,7.051725744392169,1.791759469228055,0.24683672116861832,0.2992073267345332,0.1550544790413604
13464,58,6,3097.64,8.038718584534573,1.9459101490553132,-0.6847472770226596,0.48966298795922886,0.8662747662488577
13465,446,2,931.12,6.8374615617621375,1.0986122886681098,1.1688660116861396,-0.5571872395918231,0.0006571751192534275
13466,184,5,1013.35,6.9220032922473385,1.791759469228055,-0.08280069357598771,0.2992073267345332,0.06157736763861168
13467,11,2,1083.71,6.989067949142608,1.0986122886681098,-0.909282907355942,-0.5571872395918231,0.10990370051418177
13468,2,72,13390.51,9.502376203051499,4.290459441148391,-0.9522790918878471,3.3863916056978276,1.920976431222289
13469,653,1,82.4,4.423648309364701,0.6931471805599453,2.1577782559199576,-1.058145946714099,-1.7387201382842286
13470,99,2,165.0,5.111987788356544,1.0986122886681098,-0.48887576971064733,-0.5571872395918231,-1.2427074196162766
13471,1,4,2531.58,7.836993824962504,1.6094379124341003,-0.9570564457247255,0.07394609082159041,0.7209132847825788
13472,464,2,592.24,6.385599038873762,1.0986122886681098,1.2548583807499498,-0.5571872395918231,-0.3249518670502992
13473,61,8,2657.7599999999998,7.8856151276733355,2.1972245773362196,-0.6704152155120245,0.8001660338568091,0.7559494628296362
13474,236,3,663.79,6.4994712013101745,1.3862943611198906,0.1656217059416864,-0.20175138038774237,-0.24289636595742503
13475,191,4,1431.78,7.2673718919667785,1.6094379124341003,-0.04935921671783927,0.07394609082159041,0.3104476174465749
13476,179,5,2061.4700000000003,7.631659572648505,1.791759469228055,-0.10668746276037945,0.2992073267345332,0.5729508275440551
13477,38,11,2834.17,7.949857179090672,2.4849066497880004,-0.7802943537602266,1.15560189306089,0.8022418455112009
13478,469,5,2215.78,7.703810971494357,1.791759469228055,1.2787451499343416,0.2992073267345332,0.6249426318636951
13479,201,4,851.37,6.748020704860861,1.6094379124341003,-0.0015856783490557876,0.07394609082159041,-0.06379329437374989
13480,417,2,627.82,6.443845047224953,1.0986122886681098,1.0303227504166674,-0.5571872395918231,-0.2829801919748776
13481,46,11,3830.84,8.251100384565598,2.4849066497880004,-0.7420755230651997,1.15560189306089,1.0193156381501343
13482,232,2,336.09,5.82034995701211,1.0986122886681098,0.146512290594173,-0.5571872395918231,-0.7322664877798832
13483,66,1,140.34,4.951168335262708,0.6931471805599453,-0.6465284463276328,-1.058145946714099,-1.358592817124781
13484,241,3,790.72,6.674207793952535,1.3862943611198906,0.18950847512607816,-0.20175138038774237,-0.11698237291687952
13485,233,11,3019.2200000000003,8.01308495539777,2.4849066497880004,0.15128964443105136,1.15560189306089,0.8478033484884041
13486,78,3,1122.41,7.024123981607583,1.3862943611198906,-0.5892002002850927,-0.20175138038774237,0.13516483764107048
13487,58,5,846.87,6.742727322153176,1.791759469228055,-0.6847472770226596,0.2992073267345332,-0.06760766973346963
13488,17,23,15587.88,9.65431311854747,3.1780538303479458,-0.8806187843346719,2.0119964593872464,2.030461132915642
13489,105,4,449.52,6.110402471179496,1.6094379124341003,-0.4602116466893772,0.07394609082159041,-0.5232566307259849
13490,654,1,154.25,5.045036720813588,0.6931471805599453,2.162555609756836,-1.058145946714099,-1.2909519007817927
13491,52,27,4566.56,8.42673442445488,3.332204510175204,-0.7134114000439297,2.202452120611942,1.145876325536119
13492,136,3,1269.84,7.147433378135437,1.3862943611198906,-0.3121136777461484,-0.20175138038774237,0.2240207450469135
13493,275,2,618.63,6.429122525704993,1.0986122886681098,0.351938505579942,-0.5571872395918231,-0.29358914024479016
13494,312,1,316.26000000000005,5.759721626980309,0.6931471805599453,0.5287005975444409,-1.058145946714099,-0.7759548475575556
13495,8,10,5374.26,8.589562223918994,2.3978952727983707,-0.923614968866577,1.0480979277381186,1.2632089236971387
13496,11,2,653.33,6.483611811351871,1.0986122886681098,-0.909282907355942,-0.5571872395918231,-0.2543245338450999
13497,283,6,1320.33,7.186394084074248,1.9459101490553132,0.3901573362749688,0.48966298795922886,0.2520955631617135
13498,730,1,327.38,5.794171474383882,0.6931471805599453,2.5256345013595904,-1.058145946714099,-0.751130523238153
13499,18,5,1159.11,7.056270107190766,1.791759469228055,-0.8758414304977935,0.2992073267345332,0.15832911577968492
13500,23,4,1466.3,7.291179256213421,1.6094379124341003,-0.8519546613134018,0.07394609082159041,0.3276030412232129
13501,288,3,2885.11,7.967664853645572,1.3862943611198906,0.4140441054593605,-0.20175138038774237,0.8150739339482421
13502,17,5,780.5,6.6612151498615315,1.791759469228055,-0.8806187843346719,0.2992073267345332,-0.12634478334799767
13503,71,6,1905.39,7.552966680281895,1.9459101490553132,-0.622641677143241,0.48966298795922886,0.5162452677528682
13504,64,1,295.93,5.693496420787701,0.6931471805599453,-0.6560831540013895,-1.058145946714099,-0.8236762780006445
13505,73,4,4393.63,8.388138619999735,1.6094379124341003,-0.6130869694694844,0.07394609082159041,1.1180644529336468
13506,316,5,1639.2,7.402573464602311,1.791759469228055,0.5478100128919543,0.2992073267345332,0.4078729455845933
13507,3,4,2479.16,7.816078353206984,1.6094379124341003,-0.9475017380509687,0.07394609082159041,0.7058417389475601
13508,244,2,287.05,5.663134076178392,1.0986122886681098,0.2038405366367132,-0.5571872395918231,-0.8455551757748273
13509,9,8,1114.72,7.017255215404227,2.1972245773362196,-0.9188376150296986,0.8001660338568091,0.1302152517137734
13510,1,11,4558.29,8.42492218863127,2.4849066497880004,-0.9570564457247255,1.15560189306089,1.1445704408016664
13511,677,1,282.76,5.648128810465367,0.6931471805599453,2.272434748005038,-1.058145946714099,-0.8563678675756137
13512,261,4,713.39,6.571429031703961,1.6094379124341003,0.2850555518636451,0.07394609082159041,-0.19104404573987055
13513,127,3,824.59,6.716098282250842,1.3862943611198906,-0.3551098622780536,-0.20175138038774237,-0.08679637368056727
13514,74,4,815.9000000000001,6.705516688347823,1.6094379124341003,-0.608309615632606,0.07394609082159041,-0.09442139784359167
13515,73,6,1265.82,7.1442651023516675,1.9459101490553132,-0.6130869694694844,0.48966298795922886,0.22173770719573707
13516,21,4,1685.26,7.430268337823136,1.6094379124341003,-0.8615093689871585,0.07394609082159041,0.42782968172813857
13517,60,3,2128.42,7.663604921153483,1.3862943611198906,-0.6751925693489029,-0.20175138038774237,0.595970427093912
13518,86,1,659.4399999999999,6.492906279563631,0.6931471805599453,-0.5509813695900658,-1.058145946714099,-0.247627003648168
13519,78,2,343.21,5.8412519362316475,1.0986122886681098,-0.5892002002850927,-0.5571872395918231,-0.7172046645739724
13520,59,11,6909.4,8.840782802206437,2.4849066497880004,-0.6799699231857812,1.15560189306089,1.4442367534595608
13521,1,3,1093.65,6.998189956453345,1.3862943611198906,-0.9570564457247255,-0.20175138038774237,0.11647695656588207
13522,30,1,125.80000000000001,4.842611042003125,0.6931471805599453,-0.8185131844552533,-1.058145946714099,-1.436818459855289
13523,33,6,5101.52,8.53748981432355,1.9459101490553132,-0.8041811229446183,0.48966298795922886,1.2256859016428803
13524,41,5,680.1800000000001,6.523826588404497,1.791759469228055,-0.7659622922495916,0.2992073267345332,-0.22534604066653968
13525,15,2,628.78,6.445370552049637,1.0986122886681098,-0.8901734920084285,-0.5571872395918231,-0.2818809236363239
13526,738,2,1182.0,7.075808863978387,1.0986122886681098,2.563853332054617,-0.5571872395918231,0.17240861022886872
13527,34,12,4683.74,8.452065696867873,2.5649493574615367,-0.7994037691077399,1.2544959545938104,1.1641298671102411
13529,79,2,307.76,5.732564276081653,1.0986122886681098,-0.5844228464482143,-0.5571872395918231,-0.7955242487936889
13530,634,1,402.97999999999996,6.001365371785244,0.6931471805599453,2.067008533019269,-1.058145946714099,-0.60182801847411
13531,205,6,1738.52,7.461364492082669,1.9459101490553132,0.017523736998457606,0.48966298795922886,0.45023735771525447
13532,34,1,210.31,5.353326249578836,0.6931471805599453,-0.7994037691077399,-1.058145946714099,-1.0688005757936112
13533,183,3,270.79,5.605029709281564,1.3862943611198906,-0.08757804741286605,-0.20175138038774237,-0.8874247849874018
13534,2,35,7720.9,8.951815726727379,3.58351893845611,-0.9522790918878471,2.5129551665095216,1.524246319137746
13535,403,1,89.5,4.505349850705881,0.6931471805599453,0.9634397967003706,-1.058145946714099,-1.679846566628344
13536,1,7,3448.29,8.145923691744827,2.0794415416798357,-0.9570564457247255,0.654643185938614,0.9435260329644157
13537,426,2,717.85,6.577652712868601,1.0986122886681098,1.0733189349485726,-0.5571872395918231,-0.18655930367754286
13538,43,12,3112.73,8.043576643432518,2.5649493574615367,-0.7564075845758348,1.2544959545938104,0.8697754502499379
13539,86,7,1569.3600000000001,7.35906017142033,2.0794415416798357,-0.5509813695900658,0.654643185938614,0.37651756425298477
13540,467,3,632.39,6.451086346168101,1.3862943611198906,1.2691904422605849,-0.20175138038774237,-0.27776216150430394
13541,427,2,785.25,6.667274808014651,1.0986122886681098,1.0780962887854508,-0.5571872395918231,-0.12197823514546072
13542,377,17,4006.17,8.295840535491127,2.8903717578961645,0.8392285969415335,1.6565606001831652,1.0515550847770931
13543,634,2,1439.6100000000001,7.272821913983301,1.0986122886681098,2.067008533019269,-0.5571872395918231,0.3143748660204542
13544,40,6,829.0,6.721425700790643,1.9459101490553132,-0.7707396460864698,0.48966298795922886,-0.0829574723331113
13545,391,2,374.64,5.928631237936413,1.0986122886681098,0.9061115506578303,-0.5571872395918231,-0.6542397376495913
13546,12,5,1092.14,6.9968095678056486,1.791759469228055,-0.9045055535190636,0.2992073267345332,0.11548225795152235
13547,408,1,175.53,5.173490833601192,0.6931471805599453,0.9873265658847623,-1.058145946714099,-1.198388746041377
13548,96,3,908.99,6.813433610439527,1.3862943611198906,-0.5032078312212823,-0.20175138038774237,-0.016657202194982196
13549,26,8,1005.8,6.914532263261161,2.1972245773362196,-0.8376225998027668,0.8001660338568091,0.05619379527093555
13550,383,1,349.51,5.8593892367381235,0.6931471805599453,0.8678927199628036,-1.058145946714099,-0.7041350499316581
13551,319,2,244.2,5.5020742040620565,1.0986122886681098,0.5621420744025893,-0.5571872395918231,-0.9616138175859023
13552,66,22,6978.92,8.850792734372686,3.1354942159291497,-0.6465284463276328,1.9594133665673954,1.4514498420866064
13553,675,1,517.8,6.251518452442289,0.6931471805599453,2.2628800403312814,-1.058145946714099,-0.4215694201999079
13554,380,7,1638.28,7.402012400028577,2.0794415416798357,0.8535606584521686,0.654643185938614,0.40746864629178897
13555,74,13,8999.19,9.105000967206632,2.6390573296152584,-0.608309615632606,1.3460575542855853,1.6346305552725133
13556,429,2,200.82,5.307376211036383,1.0986122886681098,1.0876509964592076,-0.5571872395918231,-1.1019118591587913
13557,28,13,3032.26,8.017393227720415,2.6390573296152584,-0.82806789212901,1.3460575542855853,0.8509078600451822
13558,6,4,605.06,6.406978991069148,1.6094379124341003,-0.9331696765403337,0.07394609082159041,-0.30954561978847395
13559,513,2,990.0,6.898714534329988,1.0986122886681098,1.488948718756989,-0.5571872395918231,0.04479564803435003
13560,7,1,174.37,5.166898027681201,0.6931471805599453,-0.9283923227034554,-1.058145946714099,-1.2031394768767116
13561,216,11,1820.72,7.507536388732624,2.4849066497880004,0.07007462920411944,1.15560189306089,0.4835085105146583
13562,82,8,4838.18,8.484500563869632,2.1972245773362196,-0.5700907849375793,0.8001660338568091,1.1875022103393977
13563,84,2,777.53,6.657407526177046,1.0986122886681098,-0.5605360772638225,-0.5571872395918231,-0.1290885309217563
13564,144,37,17249.55,9.755599306009191,3.6375861597263857,-0.27389484705112166,2.579756093947218,2.1034472665600195
13565,19,3,414.8,6.030204375423913,1.3862943611198906,-0.8710640766609151,-0.20175138038774237,-0.581046829780064
13566,41,5,1708.1200000000001,7.4437338971514055,1.791759469228055,-0.7659622922495916,0.2992073267345332,0.4375328716433562
13567,428,4,1083.69,6.989049510864743,1.6094379124341003,1.0828736426223293,0.07394609082159041,0.10989041401731402
13568,173,1,192.85,5.267084664116938,0.6931471805599453,-0.13535158578164955,-1.058145946714099,-1.1309456721780908
13569,17,4,893.78,6.796577878002746,1.6094379124341003,-0.8806187843346719,0.07394609082159041,-0.028803327655274793
13570,243,1,239.49,5.482678508639762,0.6931471805599453,0.19906318279983484,-1.058145946714099,-0.9755902229941147
13571,13,26,4546.54,8.422341706395374,3.295836866004329,-0.8997281996821853,2.1575193073054413,1.1427109629591699
13572,206,1,1384.25,7.233635907747459,0.6931471805599453,0.022301090835335952,-1.058145946714099,0.2861376980532081
13573,50,6,916.47,6.821619881846465,1.9459101490553132,-0.7229661077176863,0.48966298795922886,-0.01075823103288038
13574,411,1,421.25,6.04559755568791,0.6931471805599453,1.0016586273953973,-1.058145946714099,-0.5699546094081135
13575,23,5,732.0699999999999,6.597241195280628,1.791759469228055,-0.8519546613134018,0.2992073267345332,-0.17244397728365493
13576,10,28,11551.74,9.354677917252715,3.367295829986474,-0.9140602611928204,2.245808014503504,1.8145460570863328
13577,25,11,3489.28,8.157737241204641,2.4849066497880004,-0.842399953639645,1.15560189306089,0.9520387958721356
13578,409,1,147.66,5.001661819297148,0.6931471805599453,0.9921039197216407,-1.058145946714099,-1.3222075580261436
13579,15,5,1539.04,7.3395636690963295,1.791759469228055,-0.8901734920084285,0.2992073267345332,0.362468518081164
13580,406,1,107.75,4.689051669968793,0.6931471805599453,0.9777718582110057,-1.058145946714099,-1.5474722926286888
13581,309,2,280.53000000000003,5.640239013837417,1.0986122886681098,0.5143685360338058,-0.5571872395918231,-0.8620532010405754
13582,390,2,241.68,5.491743703074097,1.0986122886681098,0.9013341968209521,-0.5571872395918231,-0.9690579059124129
13583,156,2,1445.031,7.276577840939809,1.0986122886681098,-0.21656660100858147,-0.5571872395918231,0.31708136128576186
13584,307,3,392.45,5.974953994980992,1.3862943611198906,0.5048138283600492,-0.20175138038774237,-0.620859875882068
13585,531,3,684.54,6.530206848868181,1.3862943611198906,1.5749410878207992,-0.20175138038774237,-0.22074846863269906
13586,541,1,131.53,4.886809034892587,0.6931471805599453,1.6227146261895826,-1.058145946714099,-1.4049696885994585
13587,64,4,1673.5,7.423269892234259,1.6094379124341003,-0.6560831540013895,0.07394609082159041,0.4227866497229535
13588,16,9,2478.95,7.815993677665464,2.302585092994046,-0.8853961381715503,0.9303406571479473,0.7057807223317247
13589,15,6,1120.74,7.022636330174057,1.9459101490553132,-0.8901734920084285,0.48966298795922886,0.13409284619717693
13590,11,18,6349.59,8.756303000956382,2.9444389791664403,-0.909282907355942,1.7233615276208618,1.3833611867233042
13591,65,7,2093.94,7.647280192327978,2.0794415416798357,-0.6513058001645111,0.654643185938614,0.5842069392025664
13592,36,4,247.95999999999998,5.5172922409900265,1.6094379124341003,-0.7898490614339833,0.07394609082159041,-0.9506478043034923
13593,108,14,5523.6900000000005,8.616982416214523,2.70805020110221,-0.44587958517874215,1.4312993642702228,1.2829677266453916
13594,53,2,533.32,6.28099491041738,1.0986122886681098,-0.7086340462070513,-0.5571872395918231,-0.4003288862727524
13595,517,3,818.22,6.708352668049725,1.3862943611198906,1.5080581341045023,-0.20175138038774237,-0.09237781027530664
13596,6,2,697.04,6.54827640771067,1.0986122886681098,-0.9331696765403337,-0.5571872395918231,-0.20772766816993807
13597,400,2,396.71,5.985723096478868,1.0986122886681098,0.9491077351897356,-0.5571872395918231,-0.6130997350291914
13598,47,5,789.59,6.672779502161291,1.791759469228055,-0.7372981692283215,0.2992073267345332,-0.11801159020870738
13599,1,33,10167.630000000001,9.227062770037238,3.5263605246161616,-0.9570564457247255,2.442335020593583,1.7225874551966538
13600,312,2,518.42,6.252712804455737,1.0986122886681098,0.5287005975444409,-0.5571872395918231,-0.4207087783112503
13601,45,4,1185.14,7.078459616435901,1.6094379124341003,-0.7468528769020781,0.07394609082159041,0.17431872431224663
13602,65,4,1025.17,6.933588704013108,1.6094379124341003,-0.6513058001645111,0.07394609082159041,0.06992573608501161
13603,26,1,164.34,5.108003959824529,0.6931471805599453,-0.8376225998027668,-1.058145946714099,-1.2455781391975007
13604,659,1,717.62,6.5773327061874705,0.6931471805599453,2.1864423789412277,-1.058145946714099,-0.1867898983023521
13605,387,2,522.67,6.260861714939627,1.0986122886681098,0.887002135310317,-0.5571872395918231,-0.41483672917465897
13606,29,3,280.53999999999996,5.640274533399819,1.3862943611198906,-0.8232905382921317,-0.20175138038774237,-0.8620276058869473
13607,40,2,1078.31,6.984077227052902,1.0986122886681098,-0.7707396460864698,-0.5571872395918231,0.10630742032485259
13608,541,1,236.2,5.468903667123571,0.6931471805599453,1.6227146261895826,-1.058145946714099,-0.9855162795377164
13609,593,1,167.35,5.126045145607083,0.6931471805599453,1.8711370257072568,-1.058145946714099,-1.2325777841675893
13610,12,14,2175.88,7.685647937988142,2.70805020110221,-0.9045055535190636,1.4312993642702228,0.6118544741978443
13611,89,10,3319.53,8.107879687723873,2.3978952727983707,-0.5366493080794308,1.0480979277381186,0.9161117839791831
13612,633,1,818.29,6.708438111531965,0.6931471805599453,2.062231179182391,-1.058145946714099,-0.09231624028664312
13613,453,5,1039.8500000000001,6.947792966013668,1.791759469228055,1.202307488544288,0.2992073267345332,0.08016123009138294
13614,24,6,2359.19,7.766497403253599,1.9459101490553132,-0.8471773074765234,0.48966298795922886,0.6701140456638081
13615,319,8,6272.53,8.744094473607927,2.1972245773362196,0.5621420744025893,0.8001660338568091,1.374563805451626
13616,568,2,288.1,5.666772649022301,1.0986122886681098,1.751703179785298,-0.5571872395918231,-0.8429332450800748
13617,40,8,1278.75,7.154420025337693,2.1972245773362196,-0.7707396460864698,0.8001660338568091,0.22905527521542904
13618,174,1,177.34,5.183691840706733,0.6931471805599453,-0.1305742319447712,-1.058145946714099,-1.1910379701204878
13619,545,2,231.69,5.449707095598856,1.0986122886681098,1.641824041537096,-0.5571872395918231,-0.9993491976278182
13620,528,1,112.34,4.730392150741473,0.6931471805599453,1.5606090263101642,-1.058145946714099,-1.5176826250519726
13621,117,1,213.85,5.3699401102210045,0.6931471805599453,-0.40288340064683703,-1.058145946714099,-1.056828741493533
13622,696,1,658.95,6.492164074574964,0.6931471805599453,2.3632044709057265,-1.058145946714099,-0.248161831484539
13623,31,10,2566.49,7.850684046955791,2.3978952727983707,-0.813735830618375,1.0480979277381186,0.7307783650769756
13624,388,1,462.08,6.137899825337528,0.6931471805599453,0.8917794891471953,-1.058145946714099,-0.5034422254675839
13625,597,1,301.26,5.711287574141974,0.6931471805599453,1.8902464410547701,-1.058145946714099,-0.8108560946277306
13626,253,2,707.04,6.562500589272956,1.0986122886681098,0.24683672116861832,-0.5571872395918231,-0.197477820263685
13627,59,7,2245.9,7.717306767412185,2.0794415416798357,-0.6799699231857812,0.654643185938614,0.6346676100584577
13628,676,1,310.14,5.740242971658976,0.6931471805599453,2.2676573941681597,-1.058145946714099,-0.7899910333013711
13629,23,19,13370.86,9.500907777847132,2.995732273553991,-0.8519546613134018,1.7867352234743035,1.9199182940675739
13630,5,7,2031.78,7.617159593311352,2.0794415416798357,-0.937947030377212,0.654643185938614,0.5625022416483515
13631,100,11,3070.42,8.029895274358873,2.4849066497880004,-0.48409841587376895,1.15560189306089,0.8599167493088598
13632,25,8,3648.15,8.202249542744216,2.1972245773362196,-0.842399953639645,0.8001660338568091,0.9841140557906122
13634,33,16,5073.47,8.531977364958895,2.833213344056216,-0.8041811229446183,1.5859404542672264,1.2217136683490895
13635,68,4,2999.16,8.006420899561409,1.6094379124341003,-0.6369737386538761,0.07394609082159041,0.8430012754508526
13636,37,5,949.12,6.856588292406893,1.791759469228055,-0.7850717075971049,0.2992073267345332,0.014439766349135734
13637,52,3,810.5,6.698884386954646,1.3862943611198906,-0.7134114000439297,-0.20175138038774237,-0.09920058884666112
13638,16,1,122.64,4.817374117263916,0.6931471805599453,-0.8853961381715503,-1.058145946714099,-1.455004015141247
13639,74,2,1346.27,7.20583560175816,1.0986122886681098,-0.608309615632606,-0.5571872395918231,0.26610498777811364
13640,611,1,405.0,6.0063531596017325,0.6931471805599453,1.957129394771067,-1.058145946714099,-0.5982338527019845
13641,641,5,1016.47,6.925074432852604,1.791759469228055,2.1004500098774175,0.2992073267345332,0.06379041054479566
13642,216,4,514.72,6.245563982542637,1.6094379124341003,0.07007462920411944,0.07394609082159041,-0.4258601704667362
13643,31,10,2156.77,7.676830559971189,2.3978952727983707,-0.813735830618375,1.0480979277381186,0.6055007319308496
13644,16,4,2624.26,7.87293521773988,1.6094379124341003,-0.8853961381715503,0.07394609082159041,0.7468124064925952
13645,120,1,252.1,5.533784667551078,0.6931471805599453,-0.388551339136202,-1.058145946714099,-0.9387634745713663
13646,400,2,326.25,5.7907244047900095,1.0986122886681098,0.9491077351897356,-0.5571872395918231,-0.7536144580012709
13647,10,8,3071.68,8.03030542393901,2.1972245773362196,-0.9140602611928204,0.8001660338568091,0.8602123002898994
13648,400,8,1764.02,7.475917300747956,2.1972245773362196,0.9491077351897356,0.8001660338568091,0.46072401206333236
13649,257,6,1678.88,7.426477641274734,1.9459101490553132,0.2659461365161317,0.48966298795922886,0.4250981317328198
13650,17,10,3288.0,8.098338846189057,2.3978952727983707,-0.8806187843346719,1.0480979277381186,0.9092367188514419
13651,35,3,226.85,5.428687517709892,1.3862943611198906,-0.7946264152708616,-0.20175138038774237,-1.0144957616302606
13652,46,5,2570.85,7.85238076328356,1.791759469228055,-0.7420755230651997,0.2992073267345332,0.7320010072531555
13653,488,1,152.2,5.0317442573064906,0.6931471805599453,1.3695148728350302,-1.058145946714099,-1.3005303590326642
13654,43,11,6308.0,8.74973246437081,2.4849066497880004,-0.7564075845758348,1.15560189306089,1.3786265030179758
13655,114,6,2280.51,7.7325927834391575,1.9459101490553132,-0.4172154621574721,0.48966298795922886,0.6456826086144686
13656,165,4,1078.85,6.984577421583421,1.6094379124341003,-0.17357041647667631,0.07394609082159041,0.10666785708101417
13657,11,2,382.14,5.948400457636955,1.0986122886681098,-0.909282907355942,-0.5571872395918231,-0.6399941732022755
13658,10,9,6025.5,8.703921690028398,2.302585092994046,-0.9140602611928204,0.9303406571479473,1.3456155724824441
13659,206,12,4894.88,8.49614931408787,2.5649493574615367,0.022301090835335952,1.2544959545938104,1.195896220041259
13660,400,1,314.59,5.754443902791644,0.6931471805599453,0.9491077351897356,-1.058145946714099,-0.7797579394956113
13661,603,1,325.24,5.787633306826145,0.6931471805599453,1.9189105640760402,-1.058145946714099,-0.7558418820435049
13662,86,11,2250.11,7.719178706882918,2.4849066497880004,-0.5509813695900658,1.15560189306089,0.6360165168325104
13663,179,5,2047.51,7.6248679785957085,1.791759469228055,-0.10668746276037945,0.2992073267345332,0.5680568513404086
13665,386,3,1711.6599999999999,7.4458029964289425,1.3862943611198906,0.8822247814734386,-0.20175138038774237,0.43902385042514586
13666,60,5,127.89999999999999,4.859036909945142,1.791759469228055,-0.6751925693489029,0.2992073267345332,-1.4249820918086191
13667,149,1,305.02,5.723650459293667,0.6931471805599453,-0.2500080778667299,-1.058145946714099,-0.8019474841792174
13668,3,35,13089.94,9.479675666868092,3.58351893845611,-0.9475017380509687,2.5129551665095216,1.9046185801746585
13669,51,3,413.55,6.0271935945622275,1.3862943611198906,-0.718188753880808,-0.20175138038774237,-0.5832163778680294
13670,75,1,349.7,5.859931157146132,0.6931471805599453,-0.6035322617957277,-1.058145946714099,-0.703744545793683
13671,395,1,194.95,5.27785952464564,0.6931471805599453,0.9252209660053438,-1.058145946714099,-1.1231813814070062
13672,301,3,419.92,6.042442791872611,1.3862943611198906,0.47614970533877904,-0.20175138038774237,-0.5722279106272639
13673,19,2,396.92,5.986250980055095,1.0986122886681098,-0.8710640766609151,-0.5571872395918231,-0.6127193457361523
13674,433,1,240.68,5.487614537078416,0.6931471805599453,1.106760411806721,-1.058145946714099,-0.9720333546754981
13675,151,2,486.82000000000005,6.189946485351331,1.0986122886681098,-0.2404533701929732,-0.5571872395918231,-0.46593775838566787
13676,539,2,243.9,5.500849963958122,1.0986122886681098,1.6131599185158259,-0.5571872395918231,-0.9624959966280578
13677,405,2,556.1899999999999,6.32290629486736,1.0986122886681098,0.9729945043741273,-0.5571872395918231,-0.3701278294125244
13678,152,1,232.6,5.453610250954072,0.6931471805599453,-0.23567601635609486,-1.058145946714099,-0.9965366105857969
13679,494,3,281.26,5.642828631985861,1.3862943611198906,1.3981789958563002,-0.20175138038774237,-0.8601871399220081
13680,1,12,11435.67,9.34458013864456,2.5649493574615367,-0.9570564457247255,1.2544959545938104,1.807269666914329
13681,18,4,827.83,6.720015067761323,1.6094379124341003,-0.8758414304977935,0.07394609082159041,-0.08397396484192515
13682,187,1,59.5,4.102643365036796,0.6931471805599453,-0.06846863206535267,-1.058145946714099,-1.9700341047229104
13683,458,1,258.6,5.559141984829935,0.6931471805599453,1.2261942577286797,-1.058145946714099,-0.920491165245112
13684,286,4,596.98,6.393557308575288,1.6094379124341003,0.40448939778560383,0.07394609082159041,-0.3192171923570384
13685,3,7,3119.44,8.045729296501372,2.0794415416798357,-0.9475017380509687,0.654643185938614,0.8713266373220427
13686,183,3,409.04,6.016254715915201,1.3862943611198906,-0.08757804741286605,-0.20175138038774237,-0.5910988589729012
13687,438,1,11880.84,9.382766463078516,0.6931471805599453,1.1306471809911127,-1.058145946714099,1.8347864710153585
13688,635,1,375.5,5.930918047239948,0.6931471805599453,2.0717858868561474,-1.058145946714099,-0.6525918785127263
13689,63,2,1259.5,7.139263746627974,1.0986122886681098,-0.6608605078382679,-0.5571872395918231,0.21813376448251667
13690,59,1,172.25,5.1547356380700124,0.6931471805599453,-0.6799699231857812,-1.058145946714099,-1.2119036116106081
13691,396,1,212.78,5.3649474488457995,0.6931471805599453,0.9299983198422221,-1.058145946714099,-1.060426419118723
13692,25,5,3114.4,8.044112833892505,1.791759469228055,-0.842399953639645,0.2992073267345332,0.8701618254265757
13693,374,9,2011.82,7.607292002863751,2.302585092994046,0.8248965354308985,0.9303406571479473,0.5553917234898043
13694,4,143,196482.81,12.18833531503955,4.969813299576001,-0.9427243842140904,4.225744299162235,3.8564601889161287
13695,31,16,2770.73,7.92722695296845,2.833213344056216,-0.813735830618375,1.5859404542672264,0.7859346594125713
13696,422,3,2020.4,7.611545619640562,1.3862943611198906,1.0542095196010592,-0.20175138038774237,0.55845685063423
13697,39,1,151.29999999999998,5.025852259901116,0.6931471805599453,-0.7755169999233482,-1.058145946714099,-1.304776092047578
13698,597,2,465.53000000000003,6.145322326901356,1.0986122886681098,1.8902464410547701,-0.5571872395918231,-0.49809362162840903
13699,155,2,764.15,6.640071893037045,1.0986122886681098,-0.2213439548454598,-0.5571872395918231,-0.1415804695451169
13700,26,13,2613.46,7.868812854218742,2.6390573296152584,-0.8376225998027668,1.3460575542855853,0.7438418595461203
13701,447,1,161.0,5.087596335232384,0.6931471805599453,1.1736433655230178,-1.058145946714099,-1.2602837338414845
13702,446,1,135.18,4.9139775400548205,0.6931471805599453,1.1688660116861396,-1.058145946714099,-1.385392249677314
13703,318,2,425.56,6.055753036990344,1.0986122886681098,0.557364720565711,-0.5571872395918231,-0.5626366390694374
13704,5,9,2308.06,7.744595794291895,2.302585092994046,-0.937947030377212,0.9303406571479473,0.6543318961055581
13705,8,7,2035.33,7.618904447051197,2.0794415416798357,-0.923614968866577,0.654643185938614,0.5637595713142974
13706,303,2,631.17,6.449158345318021,1.0986122886681098,0.48570441301253575,-0.5571872395918231,-0.27915146572472016
13707,267,5,3365.86,8.12173583825502,1.791759469228055,0.3137196748849152,0.2992073267345332,0.9260964312426131
13708,271,1,296.88,5.696690720842445,0.6931471805599453,0.33282909023242857,-1.058145946714099,-0.8213744872378729
13709,4,18,7591.75,8.934949123608634,2.9444389791664403,-0.9427243842140904,1.7233615276208618,1.512092360338412
13710,32,3,509.52,6.23542981411449,1.3862943611198906,-0.8089584767814967,-0.20175138038774237,-0.4331627828940319
13711,219,9,1792.26,7.4917904714583035,2.302585092994046,0.08440669071475448,0.9303406571479473,0.4721621102666364
13712,247,2,766.42,6.643034239500869,1.0986122886681098,0.21817259814734824,-0.5571872395918231,-0.13944582295284272
13713,408,3,743.26,6.612390436150933,1.3862943611198906,0.9873265658847623,-0.20175138038774237,-0.1615275379696682
13714,465,1,161.35,5.089754498548855,0.6931471805599453,1.259635734586828,-1.058145946714099,-1.2587285761226505
13715,281,17,8483.29,9.04597149709001,2.8903717578961645,0.3806026286012121,1.6565606001831652,1.5920943230096807
13716,269,1,138.28,4.936486295459933,0.6931471805599453,0.3232743825586719,-1.058145946714099,-1.3691725945462818
13717,32,8,1763.3,7.47550929013402,2.1972245773362196,-0.8089584767814967,0.8001660338568091,0.4604300024067012
13718,246,2,306.55,5.728637675654378,1.0986122886681098,0.21339524431046988,-0.5571872395918231,-0.7983537301942152
13719,15,11,2815.25,7.943161491746454,2.4849066497880004,-0.8901734920084285,1.15560189306089,0.7974169790255241
13720,117,4,799.9,6.685736095329637,1.6094379124341003,-0.40288340064683703,0.07394609082159041,-0.108675157825781
13721,36,2,741.54,6.61007674127968,1.0986122886681098,-0.7898490614339833,-0.5571872395918231,-0.16319477066266896
13722,132,10,5635.41,8.637002617001478,2.3978952727983707,-0.3312230930936618,1.0480979277381186,1.2973941463462642
13723,217,6,1209.2,7.098540914188221,1.9459101490553132,0.07485198304099779,0.48966298795922886,0.18878917006831067
13724,637,1,213.01,5.366022742902049,0.6931471805599453,2.081340594529904,-1.058145946714099,-1.0596515695793807
13725,50,8,1980.56,7.5916396922628975,2.1972245773362196,-0.7229661077176863,0.8001660338568091,0.5441127755701882
13726,39,2,1079.6599999999999,6.985327244577021,1.0986122886681098,-0.7755169999233482,-0.5571872395918231,0.10720817439961355
13727,29,8,1080.05,6.9856880700385595,2.1972245773362196,-0.8232905382921317,0.8001660338568091,0.10746818275828654
13728,37,16,2855.17,7.957236845497527,2.833213344056216,-0.7850717075971049,1.5859404542672264,0.8075595826293566
13729,436,3,724.73,6.587178044826087,1.3862943611198906,1.121092473317356,-0.20175138038774237,-0.17969541464510352
13730,136,2,752.6,6.624861723262153,1.0986122886681098,-0.3121136777461484,-0.5571872395918231,-0.1525408138108488
13731,219,2,610.59,6.416062123365316,1.0986122886681098,0.08440669071475448,-0.5571872395918231,-0.30300037680627323
13732,28,1,491.86,6.200225158054739,0.6931471805599453,-0.82806789212901,-1.058145946714099,-0.4585310171663749
13733,411,2,487.03000000000003,6.1903768793734475,1.0986122886681098,1.0016586273953973,-0.5571872395918231,-0.4656276193982582
13734,509,4,6701.640000000001,8.81025675762043,1.6094379124341003,1.4698393034094754,0.07394609082159041,1.4222398946022696
13735,25,13,9813.22,9.191587633353961,2.6390573296152584,-0.842399953639645,1.3460575542855853,1.6970243144377353
13736,5,7,2766.21,7.925594871377632,2.0794415416798357,-0.937947030377212,0.654643185938614,0.7847585925855816
13737,200,1,339.59999999999997,5.830708768228588,0.6931471805599453,-0.0063630321859341355,-1.058145946714099,-0.7248019992964118
13738,396,1,440.93,6.091151498494956,0.6931471805599453,0.9299983198422221,-1.058145946714099,-0.5371287499196221
13739,18,2,292.2,5.680854970012496,1.0986122886681098,-0.8758414304977935,-0.5571872395918231,-0.8327856209314033
13740,241,5,1597.77,7.376989862588066,1.791759469228055,0.18950847512607816,0.2992073267345332,0.38943757702634907
13741,72,3,668.4300000000001,6.50642660402637,1.3862943611198906,-0.6178643233063628,-0.20175138038774237,-0.23788435035177752
13742,17,12,3131.02,8.049433442786347,2.5649493574615367,-0.8806187843346719,1.2544959545938104,0.8739958197897473
13743,3,7,1341.6,7.2023633115046515,2.0794415416798357,-0.9475017380509687,0.654643185938614,0.2636028791802317
13744,95,2,1156.36,7.053896828321335,1.0986122886681098,-0.5079851850581607,-0.5571872395918231,0.15661894726529457
13745,162,2,777.36,6.657189142089955,1.0986122886681098,-0.18790247798731138,-0.5571872395918231,-0.12924589700064315
13746,414,1,176.69,5.1800404589569835,0.6931471805599453,1.0159906889060324,-1.058145946714099,-1.1936691308251455
13747,374,2,249.39999999999998,5.523059639225943,1.0986122886681098,0.8248965354308985,-0.5571872395918231,-0.9464918565975323
13748,96,9,2268.35,7.727248725858954,2.302585092994046,-0.5032078312212823,0.9303406571479473,0.6418317172883496
13750,54,11,3602.1800000000003,8.189572067868243,2.4849066497880004,-0.703856692370173,1.15560189306089,0.9749787541393311
13751,288,1,296.25,5.694573535570891,0.6931471805599453,0.4140441054593605,-1.058145946714099,-0.8229001164579275
13752,124,7,1590.73,7.372576754031013,2.0794415416798357,-0.3694419237886886,0.654643185938614,0.3862575211963878
13753,288,4,2094.57,7.647580871722489,1.6094379124341003,0.4140441054593605,0.07394609082159041,0.5844236067168829
13754,152,3,447.05,6.104904833330228,1.3862943611198906,-0.23567601635609486,-0.20175138038774237,-0.5272181909431338
13755,4,9,2161.35,7.67895087223838,2.302585092994046,-0.9427243842140904,0.9303406571479473,0.6070286144425638
13756,2,23,9207.5,9.127882249535661,3.1780538303479458,-0.9522790918878471,2.0119964593872464,1.6511186507559419
13757,675,1,195.55,5.280916851867869,0.6931471805599453,2.2628800403312814,-1.058145946714099,-1.1209782923301217
13758,12,15,9416.98,9.150375907208126,2.772588722239781,-0.9045055535190636,1.5110377522649707,1.6673274265641325
13759,33,2,659.4100000000001,6.492860854269306,1.0986122886681098,-0.8041811229446183,-0.5571872395918231,-0.24765973680444073
13760,54,5,1363.6399999999999,7.218645936570799,1.791759469228055,-0.703856692370173,0.2992073267345332,0.2753360273906753
13761,50,6,1952.17,7.577208972659349,1.9459101490553132,-0.7229661077176863,0.48966298795922886,0.5337140977646171
13762,219,5,2472.48,7.813381344926563,1.791759469228055,0.08440669071475448,0.2992073267345332,0.7038982932346968
13763,63,3,5217.4400000000005,8.55995378563724,1.3862943611198906,-0.6608605078382679,-0.20175138038774237,1.2418732856640644
13764,71,6,2953.26,7.991003475467276,1.9459101490553132,-0.622641677143241,0.48966298795922886,0.8318915851407925
13765,653,1,352.821,5.86879113553233,0.6931471805599453,2.1577782559199576,-1.058145946714099,-0.6973601059920985
13766,495,1,190.35,5.254104211871711,0.6931471805599453,1.4029563496931785,-1.058145946714099,-1.140299297248564
13767,2,73,35540.53,10.478457150866426,4.30406509320417,-0.9522790918878471,3.4032016091410844,2.62433368348213
13768,727,2,875.97,6.776472784261436,1.0986122886681098,2.5113024398489556,-0.5571872395918231,-0.04329092063818332
13769,2,20,5800.42,8.665857994155335,3.044522437723423,-0.9522790918878471,1.8470162614078611,1.3181871336833206
13770,422,4,785.37,6.66742741958036,1.6094379124341003,1.0542095196010592,0.07394609082159041,-0.12186826429544
13771,64,9,5728.82,8.653439395602803,2.302585092994046,-0.6560831540013895,0.9303406571479473,1.309238376539376
13772,34,8,3114.22,8.044055054730865,2.1972245773362196,-0.7994037691077399,0.8001660338568091,0.870120190158046
13773,397,2,301.54,5.7122135001340535,1.0986122886681098,0.9347756736791005,-0.5571872395918231,-0.8101888786933937
13774,82,1,345.0,5.846438775057725,0.6931471805599453,-0.5700907849375793,-1.058145946714099,-0.7134670640063235
13775,591,1,1049.66,6.9571738171118644,0.6931471805599453,1.8615823180335,-1.058145946714099,0.08692100720521437
13776,428,2,623.98,6.43771964922439,1.0986122886681098,1.0828736426223293,-0.5571872395918231,-0.28739411186166436
13777,1,61,56478.42,10.941631602992583,4.127134385045092,-0.9570564457247255,3.184600854015305,2.9580940244596916
13778,103,4,1124.49,7.025973775367289,1.6094379124341003,-0.4697663543631339,0.07394609082159041,0.13649778636728707
13779,516,1,161.13,5.088398482561978,0.6931471805599453,1.503280780267624,-1.058145946714099,-1.2597057119643915
13780,7,3,735.82,6.602343628980946,1.3862943611198906,-0.9283923227034554,-0.20175138038774237,-0.16876719847209437
13781,251,3,778.83,6.659075947211416,1.3862943611198906,0.23728201349486164,-0.20175138038774237,-0.12788627814039247
13782,13,13,1793.72,7.492604299896914,2.6390573296152584,-0.8997281996821853,1.3460575542855853,0.4727485494709597
13783,488,4,1542.09,7.341542178594752,1.6094379124341003,1.3695148728350302,0.07394609082159041,0.36389421848797515
13784,10,14,2910.23,7.976330951273708,2.70805020110221,-0.9140602611928204,1.4312993642702228,0.8213186646021764
13785,429,4,542.49,6.298011307127966,1.6094379124341003,1.0876509964592076,0.07394609082159041,-0.38806698723608507
13786,367,6,3358.94,8.119678395654953,1.9459101490553132,0.79145505857275,0.48966298795922886,0.9246138521828483
13787,76,6,1222.5,7.109470882882726,1.9459101490553132,-0.5987549079588493,0.48966298795922886,0.19666523072236083
13788,505,1,3.75,1.55814461804655,0.6931471805599453,1.4507298880619621,-1.058145946714099,-3.8035824913276346
13789,388,1,239.45999999999998,5.482553755546763,0.6931471805599453,0.8917794891471953,-1.058145946714099,-0.9756801192193193
13790,4,1,348.8,5.857361562584502,0.6931471805599453,-0.9427243842140904,-1.058145946714099,-0.7055961780526018
13791,128,2,1516.0,7.324489979348532,1.0986122886681098,-0.3503325084411752,-0.5571872395918231,0.3516065203891052
13792,66,3,383.95,5.953113455724059,1.3862943611198906,-0.6465284463276328,-0.20175138038774237,-0.6365980190289238
13793,647,1,96.0,4.574710978503383,0.6931471805599453,2.1291141328986876,-1.058145946714099,-1.6298654125339962
13794,547,1,126.03,4.844423279035369,0.6931471805599453,1.6513787492108527,-1.058145946714099,-1.4355125742499035
13795,388,4,836.3,6.7301824292103865,1.6094379124341003,0.8917794891471953,0.07394609082159041,-0.07664743375087679
13796,499,1,289.7,5.6722918075648305,0.6931471805599453,1.422065765040692,-1.058145946714099,-0.8389561771986145
13797,437,3,1179.45,7.073651000694222,1.3862943611198906,1.1258698271542344,-0.20175138038774237,0.17085366871126198
13798,1,110,75836.87,11.236353051091461,4.709530201312334,-0.9570564457247255,3.904160316263359,3.1704682833579128
13799,117,9,2803.57,7.939005508522796,2.302585092994046,-0.40288340064683703,0.9303406571479473,0.7944222059514529
13800,310,3,1679.56,7.426882350187425,1.3862943611198906,0.5191458898706842,-0.20175138038774237,0.42538976220612484
13801,67,1,324.8,5.786283696167945,0.6931471805599453,-0.6417510924907545,-1.058145946714099,-0.7568144022492292
13802,139,19,26259.11,10.17580633672844,2.995732273553991,-0.29778161623551336,1.7867352234743035,2.406245577672017
13803,255,3,1338.91,7.200357726510238,1.3862943611198906,0.25639142884237504,-0.20175138038774237,0.26215766835627075
13804,31,9,3208.52,8.07387667223265,2.302585092994046,-0.813735830618375,0.9303406571479473,0.8916094436784174
13805,52,2,924.6,6.830442175879467,1.0986122886681098,-0.7134114000439297,-0.5571872395918231,-0.004400946318357785
13806,64,1,256.38,5.550553592065519,0.6931471805599453,-0.6560831540013895,-1.058145946714099,-0.9266799023059377
13807,367,3,534.8,6.283760957110508,1.3862943611198906,0.79145505857275,-0.20175138038774237,-0.39833569195208046
13808,6,5,1747.66,7.466605059322925,1.791759469228055,-0.9331696765403337,0.2992073267345332,0.45401367461052883
13809,305,3,679.7,6.523121680453905,1.3862943611198906,0.4952591206862924,-0.20175138038774237,-0.2258539925124745
13810,29,3,1499.01,7.313227053734746,1.3862943611198906,-0.8232905382921317,-0.20175138038774237,0.3434905332572454
13811,184,3,814.5,6.703801422061068,1.3862943611198906,-0.08280069357598771,-0.20175138038774237,-0.09565740699329064
13812,42,3,539.0,6.29156913955832,1.3862943611198906,-0.7611849384127132,-0.20175138038774237,-0.3927091691068891
13813,40,8,2765.47,7.9253274182526185,2.1972245773362196,-0.7707396460864698,0.8001660338568091,0.7845658676937182
13814,92,3,2257.32,7.7223764530033225,1.3862943611198906,-0.5223172465687957,-0.20175138038774237,0.6383207908066182
13815,22,8,7475.74,8.919552147090508,2.1972245773362196,-0.8567320151502801,0.8001660338568091,1.5009974044117118
13816,24,2,571.6700000000001,6.3503096345809205,1.0986122886681098,-0.8471773074765234,-0.5571872395918231,-0.3503811703195256
13817,29,2,382.98,5.950590467898009,1.0986122886681098,-0.8232905382921317,-0.5571872395918231,-0.6384160667930847
13818,430,1,61.28,4.131640346965797,0.6931471805599453,1.0924283502960859,-1.058145946714099,-1.9491390779538007
13819,302,6,2642.35,7.879802331111146,1.9459101490553132,0.48092705917565737,0.48966298795922886,0.7517608014003977
13820,418,3,660.65,6.494736715219059,1.3862943611198906,1.0351001042535457,-0.20175138038774237,-0.24630800423943877
13821,145,6,1410.73,7.252571181638358,1.9459101490553132,-0.2691174932142433,0.48966298795922886,0.29978232685628525
13822,6,2,632.0,6.450470422144176,1.0986122886681098,-0.9331696765403337,-0.5571872395918231,-0.2782059921415466
13823,19,7,3403.4500000000003,8.132838678370764,2.0794415416798357,-0.8710640766609151,0.654643185938614,0.9340970618599523
13824,33,12,3314.76,8.106442137278835,2.5649493574615367,-0.8041811229446183,1.2544959545938104,0.9150758949647828
13825,622,2,255.59,5.5474794802608,1.0986122886681098,2.009680286976729,-0.5571872395918231,-0.9288950862381177
13826,176,1,189.5,5.249652194566756,0.6931471805599453,-0.12101952427101449,-1.058145946714099,-1.1435073904560347
13827,58,3,412.05,6.023568651008515,1.3862943611198906,-0.6847472770226596,-0.20175138038774237,-0.5858284873895236
13828,22,1,209.49,5.349438146055751,0.6931471805599453,-0.8567320151502801,-1.058145946714099,-1.0716023165883894
13829,421,1,102.0,4.634728988229636,0.6931471805599453,1.0494321657641807,-1.058145946714099,-1.586616845392446
13830,582,1,156.85000000000002,5.061645215004001,0.6931471805599453,1.818586133501595,-1.058145946714099,-1.2789839335101303
13831,16,18,7023.58,8.857170705937795,2.9444389791664403,-0.8853961381715503,1.7233615276208618,1.4560457647557963
13832,19,2,613.6899999999999,6.421118075682378,1.0986122886681098,-0.8710640766609151,-0.5571872395918231,-0.29935709216144346
13833,159,2,701.36,6.55444609309113,1.0986122886681098,-0.20223453949794643,-0.5571872395918231,-0.20328183510022965
13834,577,2,324.19,5.7844096268933525,1.0986122886681098,1.7946993643172031,-0.5571872395918231,-0.7581648437453701
13835,25,7,1095.27,6.999668787533656,2.0794415416798357,-0.842399953639645,0.654643185938614,0.11754259212360134
13836,399,2,620.37,6.4319267177117725,1.0986122886681098,0.9443303813528572,-0.5571872395918231,-0.2915684586721062
13837,212,2,271.24,5.606684030192651,1.0986122886681098,0.050965213856606045,-0.5571872395918231,-0.8862326926583973
13838,6,10,1966.09,7.5843105722991195,2.3978952727983707,-0.9331696765403337,1.0480979277381186,0.5388314618730551
13839,486,1,139.95000000000002,4.948405217560122,0.6931471805599453,1.3599601651612734,-1.058145946714099,-1.3605839008349099
13840,416,1,651.4,6.4806578707468585,0.6931471805599453,1.0255453965797892,-1.058145946714099,-0.25645312323303066
13841,253,1,85.0,4.454347296253507,0.6931471805599453,0.24683672116861832,-1.058145946714099,-1.7165986583868813
13842,59,18,5629.91,8.636026342175372,2.9444389791664403,-0.6799699231857812,1.7233615276208618,1.296690649386634
13843,381,1,319.75,5.770662003495746,0.6931471805599453,0.8583380122890469,-1.058145946714099,-0.7680712870989569
13844,11,1,361.62,5.893355453997663,0.6931471805599453,-0.909282907355942,-1.058145946714099,-0.6796592261848551
13845,65,1,312.98,5.749329289612172,0.6931471805599453,-0.6513058001645111,-1.058145946714099,-0.7834434947565135
13846,25,4,1307.79,7.176858325232496,1.6094379124341003,-0.842399953639645,0.07394609082159041,0.24522416058781685
13847,720,1,310.72,5.74210534897536,0.6931471805599453,2.477860962990807,-1.058145946714099,-0.7886490169503138
13848,92,8,3335.0,8.112527763478637,2.1972245773362196,-0.5223172465687957,0.8001660338568091,0.9194611555640756
13849,52,5,3469.3,8.15199632453527,1.791759469228055,-0.7134114000439297,0.2992073267345332,0.9479019306018311
13850,129,1,1595.48,7.375556484672672,0.6931471805599453,-0.34555515460429687,-1.058145946714099,0.38840469470826045
13851,96,8,4606.46,8.435432008008735,2.1972245773362196,-0.5032078312212823,0.8001660338568091,1.1521437447326877
13852,611,1,187.35000000000002,5.23830193413805,0.6931471805599453,1.957129394771067,-1.058145946714099,-1.1516863104579458
13853,57,1,1090.14,6.994978300240205,0.6931471805599453,-0.689524630859538,-1.058145946714099,0.11416265907412752
13854,9,39,12253.96,9.413686031982998,3.6888794541139363,-0.9188376150296986,2.6431297898006605,1.8570669008038914
13855,501,4,1310.3400000000001,7.178804794152059,1.6094379124341003,1.4316204727144486,0.07394609082159041,0.24662677277273634
13856,169,11,1142.03,7.041437910169532,2.4849066497880004,-0.15446100112916294,1.15560189306089,0.14764113609399812
13857,393,6,1001.01,6.90976326163493,1.9459101490553132,0.9156662583315871,0.48966298795922886,0.052757285330486764
13858,57,1,216.17,5.38068045697316,0.6931471805599453,-0.689524630859538,-1.058145946714099,-1.0490893211136711
13859,326,2,515.86,6.247772044800624,1.0986122886681098,0.5955835512607377,-0.5571872395918231,-0.4242690559120746
13860,1,5,1245.9,7.1284157500025405,1.791759469228055,-0.9570564457247255,0.2992073267345332,0.2103167723405536
13861,429,2,273.26,5.614076561571708,1.0986122886681098,1.0876509964592076,-0.5571872395918231,-0.8809056851293
13862,18,9,2556.09,7.846625172168836,2.302585092994046,-0.8758414304977935,0.9303406571479473,0.7278535676779381
13863,248,4,1239.55,7.123310108647671,1.6094379124341003,0.22294995198422657,0.07394609082159041,0.20663768211507175
13864,387,1,662.4000000000001,6.497378126512952,0.6931471805599453,0.887002135310317,-1.058145946714099,-0.24440462133464974
13865,58,4,501.56,6.219715035790337,1.6094379124341003,-0.6847472770226596,0.07394609082159041,-0.4444867446276287
13866,74,1,145.67000000000002,4.988185165258664,0.6931471805599453,-0.608309615632606,-1.058145946714099,-1.3319187427136268
13867,31,3,1015.29,6.923914020481024,1.3862943611198906,-0.813735830618375,-0.20175138038774237,0.06295422532983988
13868,7,2,3192.54,8.068885298365506,1.0986122886681098,-0.9283923227034554,-0.5571872395918231,0.8880126938227266
13869,123,10,8111.57,9.001169989634596,2.3978952727983707,-0.37421927762556695,1.0480979277381186,1.5598106632871125
13870,2,15,5712.08,8.650513561777128,2.772588722239781,-0.9522790918878471,1.5110377522649707,1.3071300407043183
13871,23,17,7885.85,8.972952094578869,2.8903717578961645,-0.8519546613134018,1.6565606001831652,1.539477041188061
13872,527,3,919.57,6.8249930434091866,1.3862943611198906,1.5558316724732857,-0.20175138038774237,-0.00832755389130175
13873,120,8,1038.92,6.946899066099764,2.1972245773362196,-0.388551339136202,0.8001660338568091,0.07951709192984395
13874,358,7,2049.15,7.625668240187314,2.0794415416798357,0.7484588740408449,0.654643185938614,0.56863351436761
13875,54,14,4814.37,8.479568164478277,2.70805020110221,-0.703856692370173,1.4312993642702228,1.183947957087433
13876,64,1,122.7,4.8178592793984425,0.6931471805599453,-0.6560831540013895,-1.058145946714099,-1.4546544106267802
13877,86,3,449.68,6.110757553295965,1.3862943611198906,-0.5509813695900658,-0.20175138038774237,-0.523000760982471
13878,55,4,2473.06,7.813615804881473,1.6094379124341003,-0.6990793385332946,0.07394609082159041,0.7040672434739359
13879,646,1,395.5,5.982676041074902,0.6931471805599453,2.1243367790618093,-1.058145946714099,-0.6152954223041192
13880,21,17,4391.66,8.38769024512352,2.8903717578961645,-0.8615093689871585,1.6565606001831652,1.117741357065807
13881,4,43,45179.1,10.718412003388291,3.784189633918261,-0.9427243842140904,2.7608870603908318,2.797243508342471
13882,3,5,1191.13,7.083496902081326,1.791759469228055,-0.9475017380509687,0.2992073267345332,0.1779485578812203
13883,11,15,6560.02,8.788901357656037,2.772588722239781,-0.909282907355942,1.5110377522649707,1.4068513395101025
13884,7,10,1888.48,7.544056937922727,2.3978952727983707,-0.9283923227034554,1.0480979277381186,0.5098249683728666
13885,189,2,506.8,6.230087669270578,1.0986122886681098,-0.05891392439159597,-0.5571872395918231,-0.43701229591546714
13886,71,1,243.56,5.499460677582579,0.6931471805599453,-0.622641677143241,-1.058145946714099,-0.9634971068842216
13887,204,1,349.55,5.859503349652977,0.6931471805599453,0.012746383161579257,-1.058145946714099,-0.7040528209460208
13888,120,7,2169.05,7.682505487743709,2.0794415416798357,-0.388551339136202,0.654643185938614,0.6095900460536058
13889,93,6,1991.23,7.597009893326727,1.9459101490553132,-0.5175398927319174,0.48966298795922886,0.5479825057117239
13890,1,14,2927.38,7.982204648081087,2.70805020110221,-0.9570564457247255,1.4312993642702228,0.8255512103313949
13891,378,3,863.5600000000001,6.76222070699491,1.3862943611198906,0.8440059507784119,-0.20175138038774237,-0.05356086999803875
13892,27,6,1267.6499999999999,7.145708621949827,1.9459101490553132,-0.8328452459658884,0.48966298795922886,0.22277789754103314
13893,298,1,821.1,6.711862042158088,0.6931471805599453,0.461817643828144,-1.058145946714099,-0.08984897930535973
13894,24,3,564.62,6.337922474636114,1.3862943611198906,-0.8471773074765234,-0.20175138038774237,-0.3593072730178584
13895,28,6,4008.52,8.296426812387779,1.9459101490553132,-0.82806789212901,0.48966298795922886,1.0519775518972796
13896,626,1,388.55,5.964992226776867,0.6931471805599453,2.028789702324242,-1.058145946714099,-0.6280382578875646
13897,50,3,1160.72,7.05765694451998,1.3862943611198906,-0.7229661077176863,-0.20175138038774237,0.1593284612698218
13898,326,2,686.4,6.532916364415733,1.0986122886681098,0.5955835512607377,-0.5571872395918231,-0.21879601026872
13899,16,2,388.52,5.9649152118744455,1.0986122886681098,-0.8853961381715503,-0.5571872395918231,-0.6280937542992829
13900,183,6,1610.59,7.38497654828429,1.9459101490553132,-0.08757804741286605,0.48966298795922886,0.3951927280909555
13901,72,15,5676.34,8.644238092164732,2.772588722239781,-0.6178643233063628,1.5110377522649707,1.3026079802408947
13902,632,5,34095.26,10.436942979837246,1.791759469228055,2.057453825345512,0.2992073267345332,2.594418855895038
13903,400,1,165.45000000000002,5.114694964021034,0.6931471805599453,0.9491077351897356,-1.058145946714099,-1.2407566473560219
13904,37,2,332.64,5.810062567373411,1.0986122886681098,-0.7850717075971049,-0.5571872395918231,-0.7396795103631021
13905,733,1,312.65,5.748277714542752,0.6931471805599453,2.5399665628702257,-1.058145946714099,-0.7842012525562411
13906,409,1,42.0,3.7612001156935624,0.6931471805599453,0.9921039197216407,-1.058145946714099,-2.2160757739085937
13907,692,1,136.8,4.925803358579558,0.6931471805599453,2.3440950555582134,-1.058145946714099,-1.3768706457653603
13908,80,4,2369.55,7.770877274716226,1.6094379124341003,-0.5796454926113359,0.07394609082159041,0.673270151070948
13909,423,2,286.6,5.661570625846892,1.0986122886681098,1.0589868734379375,-0.5571872395918231,-0.8466817873859548
13911,57,20,4234.99,8.351372346000852,3.044522437723423,-0.689524630859538,1.8470162614078611,1.0915709274595797
13912,424,1,124.95,4.835885002798619,0.6931471805599453,1.0637642272748158,-1.058145946714099,-1.44166519768381
13913,507,1,42.22,3.76630335107874,0.6931471805599453,1.460284595735719,-1.058145946714099,-2.212398417408409
13914,12,2,626.45,6.441663986556317,1.0986122886681098,-0.9045055535190636,-0.5571872395918231,-0.28455184936900907
13915,394,1,70.80000000000001,4.273884476054179,0.6931471805599453,0.9204436121684655,-1.058145946714099,-1.8466389318238425
13916,464,4,1275.81,7.152120058745075,1.6094379124341003,1.2548583807499498,0.07394609082159041,0.22739793502607816
13917,50,2,272.04,5.609618304598452,1.0986122886681098,-0.7229661077176863,-0.5571872395918231,-0.8841182745990542
13918,50,2,1212.8400000000001,7.101544167216986,1.0986122886681098,-0.7229661077176863,-0.5571872395918231,0.19095329365138208
13919,59,4,1360.68,7.216474510499718,1.6094379124341003,-0.6799699231857812,0.07394609082159041,0.2737713126216184
13920,432,4,1774.68,7.481938727137536,1.6094379124341003,1.1019830579698426,0.07394609082159041,0.4650630107186601
13921,402,4,730.7,6.595370593889984,1.6094379124341003,0.9586624428634922,0.07394609082159041,-0.17379191984635087
13922,352,3,865.2,6.764115828780526,1.3862943611198906,0.7197947510195748,-0.20175138038774237,-0.05219525820650351
13923,54,1,351.13,5.864000425598742,0.6931471805599453,-0.703856692370173,-1.058145946714099,-0.7008122587902919
13924,2,6,1838.8500000000001,7.517439325540823,1.9459101490553132,-0.9522790918878471,0.48966298795922886,0.49064449901879886
13925,93,4,678.25,6.520989248306457,1.6094379124341003,-0.5175398927319174,0.07394609082159041,-0.22739060852697338
13926,23,1,223.85000000000002,5.415433513216716,0.6931471805599453,-0.8519546613134018,-1.058145946714099,-1.0240465065788518
13927,75,2,708.26,6.56422217299034,1.0986122886681098,-0.6035322617957277,-0.5571872395918231,-0.19623725881670093
13928,11,4,464.57,6.143262461351643,1.6094379124341003,-0.909282907355942,0.07394609082159041,-0.4995779466491095
13929,169,11,3494.1,8.159117266561877,2.4849066497880004,-0.15446100112916294,1.15560189306089,0.953033232701875
13930,58,2,337.34,5.824051307047146,1.0986122886681098,-0.6847472770226596,-0.5571872395918231,-0.7295993202707513
13931,96,11,5257.38,8.567578273503825,2.4849066497880004,-0.5032078312212823,1.15560189306089,1.2473674394509346
13932,295,1,307.4,5.731397641689174,0.6931471805599453,0.44748558231750896,-1.058145946714099,-0.7963649175543306
13933,109,2,608.7900000000001,6.413114635600407,1.0986122886681098,-0.4411022313418638,-0.5571872395918231,-0.30512431632177855
13934,264,1,922.1,6.8277375709961055,0.6931471805599453,0.29938761337428016,-1.058145946714099,-0.006349866091321635
13935,597,3,6116.92,8.718977448456672,1.3862943611198906,1.8902464410547701,-0.20175138038774237,1.356464648988347
13936,180,3,939.66,6.846581756547317,1.3862943611198906,-0.10191010892350111,-0.20175138038774237,0.007229125077439235
13937,169,2,880.13,6.781205174641707,1.0986122886681098,-0.15446100112916294,-0.5571872395918231,-0.0398807925110647
13938,35,1,71.66,4.2857910267930555,0.6931471805599453,-0.7946264152708616,-1.058145946714099,-1.8380591528307826
13939,23,7,1560.96,7.353696721877114,2.0794415416798357,-0.8519546613134018,0.654643185938614,0.37265269921100674
13940,17,4,839.14,6.73356854461668,1.6094379124341003,-0.8806187843346719,0.07394609082159041,-0.07420742215825553
13941,22,15,11122.300000000001,9.316797286369194,2.772588722239781,-0.8567320151502801,1.5110377522649707,1.7872495336660699
13942,535,1,320.0,5.771441123130016,0.6931471805599453,1.5940505031683125,-1.058145946714099,-0.7675098588215494
13943,578,1,246.54,5.511572185111876,0.6931471805599453,1.7994767181540816,-1.058145946714099,-0.954769637430381
13944,653,1,200.43,5.3054419264903325,0.6931471805599453,2.1577782559199576,-1.058145946714099,-1.1033056913675279
13945,395,2,854.15,6.7512768921457,1.0986122886681098,0.9252209660053438,-0.5571872395918231,-0.06144690809642811
13946,79,6,1876.23,7.537552565041232,1.9459101490553132,-0.5844228464482143,0.48966298795922886,0.5051379617799777
13947,65,1,90.6,4.517431271680085,0.6931471805599453,-0.6513058001645111,-1.058145946714099,-1.671140777340239
13948,361,4,548.76,6.3094818193558355,1.6094379124341003,0.7627909355514799,0.07394609082159041,-0.3798014146105074
13949,3,6,2427.32,7.794954939211736,1.9459101490553132,-0.9475017380509687,0.48966298795922886,0.6906203513574174
13950,11,4,745.06,6.61480602592395,1.6094379124341003,-0.909282907355942,0.07394609082159041,-0.15978688050766182
13951,176,3,674.45,6.5153791354156905,1.3862943611198906,-0.12101952427101449,-0.20175138038774237,-0.23143321748942744
13952,218,14,12823.521,9.459114320413606,2.70805020110221,0.07962933687787613,1.4312993642702228,1.889802214608499
13953,7,12,6640.68,8.801120222516522,2.5649493574615367,-0.9283923227034554,1.2544959545938104,1.4156561699222152
13954,2,2,439.92,6.088863453095115,1.0986122886681098,-0.9522790918878471,-0.5571872395918231,-0.5387774997790276
13955,154,3,545.17,6.302930282595254,1.3862943611198906,-0.22612130868233815,-0.20175138038774237,-0.3845224071719521
13956,5,5,1026.42,6.934806084458451,1.791759469228055,-0.937947030377212,0.2992073267345332,0.07080297210412285
13957,418,3,458.25,6.129594724095235,1.3862943611198906,1.0351001042535457,-0.20175138038774237,-0.5094268245959611
13958,380,8,4709.2300000000005,8.457492018089969,2.1972245773362196,0.8535606584521686,0.8001660338568091,1.1680400370538269
13959,79,6,1076.18,6.982101794110792,1.9459101490553132,-0.5844228464482143,0.48966298795922886,0.10488393686346942
13960,21,2,230.22,5.443369638247176,1.0986122886681098,-0.8615093689871585,-0.5571872395918231,-1.0039159260320252
13961,392,1,538.4,6.2904574107056295,0.6931471805599453,0.9108889044947087,-1.058145946714099,-0.3935102733112455
13962,22,3,362.8,5.896604266084022,1.3862943611198906,-0.8567320151502801,-0.20175138038774237,-0.6773181544250941
13963,308,17,3011.87,8.01064839183372,2.8903717578961645,0.5095911821969275,1.6565606001831652,0.8460475774560905
13964,387,2,438.9,6.086547428354674,1.0986122886681098,0.887002135310317,-0.5571872395918231,-0.5404464113598234
13965,477,3,996.61,6.905362418373325,1.3862943611198906,1.3169639806293683,-0.20175138038774237,0.049586067788501095
13966,435,1,390.86,5.970904633142621,0.6931471805599453,1.1163151194804777,-1.058145946714099,-0.6237778183154477
13967,146,2,166.3,5.119788607992779,1.0986122886681098,-0.26434013937736495,-0.5571872395918231,-1.2370862023627285
13968,423,1,123.66,4.825590031380704,0.6931471805599453,1.0589868734379375,-1.058145946714099,-1.4490836836452543
13969,7,35,13365.87,9.500534536480925,3.58351893845611,-0.9283923227034554,2.5129551665095216,1.9196493388929516
13970,386,2,846.55,6.742349834564496,1.0986122886681098,0.8822247814734386,-0.5571872395918231,-0.06787968470695159
13971,19,14,4667.57,8.448608093921028,2.70805020110221,-0.8710640766609151,1.4312993642702228,1.1616383420850442
13972,71,2,190.25,5.253581472706645,1.0986122886681098,-0.622641677143241,-0.5571872395918231,-1.1406759795141204
13973,287,1,264.7,5.582367852765768,0.6931471805599453,0.40926675162248216,-1.058145946714099,-0.9037547637312136
13974,49,2,677.72,6.520208671376317,1.0986122886681098,-0.7277434615545647,-0.5571872395918231,-0.22795308692181313
13975,31,12,5358.84,8.586689402873036,2.5649493574615367,-0.813735830618375,1.2544959545938104,1.2611387885084098
13976,207,4,1192.36,7.084528136845675,1.6094379124341003,0.0270784446722143,0.07394609082159041,0.1786916585962899
13977,411,1,519.8100000000001,6.255385291938897,0.6931471805599453,1.0016586273953973,-1.058145946714099,-0.4187830021171123
13978,15,2,196.79000000000002,5.287205861793318,1.0986122886681098,-0.8901734920084285,-0.5571872395918231,-1.1164464748097604
13979,73,7,3416.23,8.136585560356334,2.0794415416798357,-0.6130869694694844,0.654643185938614,0.9367970393810917
13980,60,5,799.92,6.6857610669244485,1.791759469228055,-0.6751925693489029,0.2992073267345332,-0.10865716346542544
13981,416,1,331.14,5.805556566778607,0.6931471805599453,1.0255453965797892,-1.058145946714099,-0.7429265035598621
13982,39,9,4445.59,8.39989278927356,2.302585092994046,-0.7755169999233482,0.9303406571479473,1.1265344268856454
13983,30,21,7108.45,8.86918016396832,3.091042453358316,-0.8185131844552533,1.9044924940644754,1.4646996980390852
13984,27,12,2048.6,7.62539993114247,2.5649493574615367,-0.8328452459658884,1.2544959545938104,0.568440172705773
13985,4,22,10020.86,9.212523986154487,3.1354942159291497,-0.9427243842140904,1.9594133665673954,1.7121109070109082
13986,17,1,320.46,5.7728731191409945,0.6931471805599453,-0.8806187843346719,-1.058145946714099,-0.7664779722943267
13987,380,2,682.54,6.527285176763272,1.0986122886681098,0.8535606584521686,-0.5571872395918231,-0.22285380556024947
13988,20,8,4757.8,8.46775081460237,2.1972245773362196,-0.8662867228240368,0.8001660338568091,1.1754324556258813
13989,66,5,2026.06,7.614341746408589,1.791759469228055,-0.6465284463276328,0.2992073267345332,0.5604717204510539
13990,213,1,311.3,5.7439642642890325,0.6931471805599453,0.055742567693484395,-1.058145946714099,-0.7873094952947223
13991,12,6,855.97,6.753402912150755,1.9459101490553132,-0.9045055535190636,0.48966298795922886,-0.059914912627863255
13992,30,3,219.5,5.395897694886901,1.3862943611198906,-0.8185131844552533,-0.20175138038774237,-1.0381238835954474
13993,43,19,6775.71,8.821247012424738,2.995732273553991,-0.7564075845758348,1.7867352234743035,1.4301593970145428
13994,4,6,2313.14,7.746793407219949,1.9459101490553132,-0.9427243842140904,0.48966298795922886,0.6559154809445685
13995,15,14,3902.01,8.269503329309027,2.70805020110221,-0.8901734920084285,1.4312993642702228,1.0325766742119526
13996,386,2,895.76,6.798788267730199,1.0986122886681098,0.8822247814734386,-0.5571872395918231,-0.027210535942041432
13997,519,3,382.31,5.948844061271341,1.3862943611198906,1.517612841778259,-0.20175138038774237,-0.6396745154586503
13998,447,3,566.7,6.341593110176681,1.3862943611198906,1.1736433655230178,-0.20175138038774237,-0.3566622381632803
13999,10,29,9502.26,9.159390176618166,3.4011973816621555,-0.9140602611928204,2.2876939305965793,1.6738230474217763
14000,211,5,2046.3400000000001,7.624296668595673,1.791759469228055,0.046187860019727696,0.2992073267345332,0.5676451692635144
14001,46,9,4530.09,8.418717807634733,2.302585092994046,-0.7420755230651997,0.9303406571479473,1.1400996063084148
14002,134,2,529.73,6.274253417348632,1.0986122886681098,-0.3216683854199051,-0.5571872395918231,-0.40518676005010507
14003,733,1,209.41,5.3490580082512205,0.6931471805599453,2.5399665628702257,-1.058145946714099,-1.0718762412892795
14004,43,11,6258.45,8.74184760080936,2.4849066497880004,-0.7564075845758348,1.15560189306089,1.3729447242869794
14005,10,5,2874.72,7.964058356660503,1.791759469228055,-0.9140602611928204,0.2992073267345332,0.8124751168978941
14006,116,7,2196.67,7.69515298720424,2.0794415416798357,-0.4076607544837154,0.654643185938614,0.618703747625623
14007,513,1,79.48,4.388008706351429,0.6931471805599453,1.488948718756989,-1.058145946714099,-1.7644017923551978
14008,432,1,509.04,6.234489154015341,0.6931471805599453,1.1019830579698426,-1.058145946714099,-0.433840616125107
14009,198,3,1099.91,7.0038923895122585,1.3862943611198906,-0.015917739859690833,-0.20175138038774237,0.12058609080981116
14010,565,2,445.15,6.10065521834616,1.0986122886681098,1.737371118274663,-0.5571872395918231,-0.5302804344230906
14011,480,2,457.82,6.128657976284189,1.0986122886681098,1.3312960421400033,-0.5571872395918231,-0.5101018386589985
14012,278,1,328.8,5.7984864101254985,0.6931471805599453,0.36627056709057704,-1.058145946714099,-0.7480212100672574
14013,110,5,1084.57,6.989860473650979,1.791759469228055,-0.4363248775049855,0.2992073267345332,0.1104747882521445
14014,77,3,1948.21,7.575179441266062,1.3862943611198906,-0.593977554121971,-0.20175138038774237,0.5322516313294786
14015,53,1,917.34,6.8225676924206855,0.6931471805599453,-0.7086340462070513,-1.058145946714099,-0.0100752452183957
14016,162,11,11403.41,9.341755401683734,2.4849066497880004,-0.18790247798731138,1.15560189306089,1.8052341807883365
14017,571,1,229.75,5.441334873382962,0.6931471805599453,1.766035241295933,-1.058145946714099,-1.005382163670504
14018,645,1,367.15000000000003,5.908490463814726,0.6931471805599453,2.119559425224931,-1.058145946714099,-0.6687530416704603
14019,47,3,1421.61,7.260248491657529,1.3862943611198906,-0.7372981692283215,-0.20175138038774237,0.30531454392487883
14020,17,4,1249.01,7.130906830264347,1.6094379124341003,-0.8806187843346719,0.07394609082159041,0.21211182773224524
14021,155,7,1716.58,7.448671602342143,2.0794415416798357,-0.2213439548454598,0.654643185938614,0.4410909482180513
14022,225,2,792.15,6.676012358854464,1.0986122886681098,0.11307081373602457,-0.5571872395918231,-0.11568201579610268
14023,7,2,584.07,6.371731498193053,1.0986122886681098,-0.9283923227034554,-0.5571872395918231,-0.33494472197756775
14024,122,3,645.74,6.471944359021592,1.3862943611198906,-0.3789966314624453,-0.20175138038774237,-0.2627320201609314
14025,465,8,4057.9,8.308667279925409,2.1972245773362196,1.259635734586828,0.8001660338568091,1.0607979490507293
14026,471,2,713.11,6.571037012097961,1.0986122886681098,1.2882998576080982,-0.5571872395918231,-0.19132653238559957
14027,61,1,104.82,4.661739537475985,0.6931471805599453,-0.6704152155120245,-1.058145946714099,-1.5671532284224898
14028,550,3,10396.5,9.249320671617067,1.3862943611198906,1.6657108107214877,-0.20175138038774237,1.7386263467776284
14029,63,2,467.66,6.149877558850261,1.0986122886681098,-0.6608605078382679,-0.5571872395918231,-0.4948111526547438
14030,18,20,8262.29,9.019578092297357,3.044522437723423,-0.8758414304977935,1.8470162614078611,1.5730754161103093
14031,7,44,40999.17,10.621331492019312,3.8066624897703196,-0.9283923227034554,2.7886526377188545,2.727287956113608
14032,2,16,4850.2699999999995,8.486995805323419,2.833213344056216,-0.9522790918878471,1.5859404542672264,1.1893002642575579
14033,555,1,109.44,4.704472387061954,0.6931471805599453,1.6895975799058796,-1.058145946714099,-1.536360229406061
14034,22,3,651.8199999999999,6.481301440435488,1.3862943611198906,-0.8567320151502801,-0.20175138038774237,-0.2559893713189648
14035,29,9,2856.72,7.9577793830815615,2.302585092994046,-0.8232905382921317,0.9303406571479473,0.8079505315001531
14036,285,1,626.65,6.441982686264217,0.6931471805599453,0.39971204394872545,-1.058145946714099,-0.2843221965401666
14037,176,6,836.95,6.7309584328308825,1.9459101490553132,-0.12101952427101449,0.48966298795922886,-0.076088250851674
14038,78,5,3069.88,8.029719444457568,1.791759469228055,-0.5892002002850927,0.2992073267345332,0.8597900474850774
14039,33,2,267.28000000000003,5.592031211231537,1.0986122886681098,-0.8041811229446183,-0.5571872395918231,-0.8967914137413378
14040,41,35,12645.57,9.445141311143818,3.58351893845611,-0.7659622922495916,2.5129551665095216,1.8797333597375983
14041,266,1,141.41,4.958710221231336,0.6931471805599453,0.30894232104803687,-1.058145946714099,-1.353158185700383
14042,725,1,431.98,6.070691537559284,0.6931471805599453,2.5017477321751986,-1.058145946714099,-0.5518720577746451
14043,491,2,304.25,5.721131112990814,1.0986122886681098,1.3838469343456652,-0.5571872395918231,-0.8037629078866803
14044,27,10,3123.1,8.046901520690538,2.3978952727983707,-0.8328452459658884,1.0480979277381186,0.8721713340519294
14045,109,16,11313.029999999999,9.333798827481695,2.833213344056216,-0.4411022313418638,1.5859404542672264,1.7995007278604052
14046,284,1,154.99,5.049791902630777,0.6931471805599453,0.3949346901118471,-1.058145946714099,-1.287525349301179
14047,9,14,4255.03,8.356092079868818,2.70805020110221,-0.9188376150296986,1.4312993642702228,1.0949719353905318
14048,305,3,748.69,6.619659787751255,1.3862943611198906,0.4952591206862924,-0.20175138038774237,-0.15628929294628238
14049,17,13,13239.03,9.49100009534946,2.6390573296152584,-0.8806187843346719,1.3460575542855853,1.9127788858520707
14050,32,2,746.36,6.616546996753798,1.0986122886681098,-0.8089584767814967,-0.5571872395918231,-0.15853234884009068
14051,1,37,22434.0,10.018377518410084,3.6375861597263857,-0.9570564457247255,2.579756093947218,2.292803448382646
14052,20,2,480.81,6.177549845465586,1.0986122886681098,-0.8662867228240368,-0.5571872395918231,-0.47487069226457507
14053,124,4,572.3,6.351409139914337,1.6094379124341003,-0.3694419237886886,0.07394609082159041,-0.34958887429951996
14054,65,1,92.46,4.53753353727228,0.6931471805599453,-0.6513058001645111,-1.058145946714099,-1.656655222302231
14055,106,3,1520.96,7.327754256867339,1.3862943611198906,-0.45543429285249887,-0.20175138038774237,0.35395873643366715
14056,1,23,8214.65,9.013796150895738,3.1780538303479458,-0.9570564457247255,2.0119964593872464,1.5689089886986547
14057,24,22,8408.84,9.037157727815742,3.1354942159291497,-0.8471773074765234,1.9594133665673954,1.5857431811779723
14058,463,2,469.19,6.153136868334086,1.0986122886681098,1.2500810269130715,-0.5571872395918231,-0.49246251654219636
14059,267,1,183.6,5.218191322068752,0.6931471805599453,0.3137196748849152,-1.058145946714099,-1.166177879910244
14060,5,30,9519.08,9.161158531111447,3.4339872044851463,-0.937947030377212,2.3282062876889484,1.675097311569847
14061,507,3,917.4300000000001,6.822665690537023,1.3862943611198906,1.460284595735719,-0.20175138038774237,-0.010004628446305234
14062,10,24,25604.2,10.150550734840564,3.2188758248682006,-0.9140602611928204,2.062432694683636,2.3880465637605264
14063,438,9,22710.2,10.030613473862132,2.302585092994046,1.1306471809911127,0.9303406571479473,2.301620594158099
14064,29,15,3332.42,8.111754082970078,2.772588722239781,-0.8232905382921317,1.5110377522649707,0.9189036466834394
14065,389,3,891.02,6.793488553853314,1.3862943611198906,0.8965568429840737,-0.20175138038774237,-0.031029473498965992
14066,267,1,152.55,5.034026246886832,0.6931471805599453,0.3137196748849152,-1.058145946714099,-1.2988859729553541
14067,64,2,374.7,5.928790952579924,1.0986122886681098,-0.6560831540013895,-0.5571872395918231,-0.6541246483703089
14068,320,4,1528.3700000000001,7.332611164882233,1.6094379124341003,0.5669194282394676,0.07394609082159041,0.3574585911162962
14069,515,2,230.06,5.442677417054872,1.0986122886681098,1.4985034264307455,-0.5571872395918231,-1.0044147358867452
14070,685,1,326.55,5.791640715177885,0.6931471805599453,2.3106535787000646,-1.058145946714099,-0.7529541710055294
14071,4,8,1438.82,7.272273384756895,2.1972245773362196,-0.9427243842140904,0.8001660338568091,0.313979599613162
14072,667,1,390.85,5.9708791134988735,0.6931471805599453,2.2246612096362544,-1.058145946714099,-0.6237962075961164
14073,32,1,151.04,5.024143644121048,0.6931471805599453,-0.8089584767814967,-1.058145946714099,-1.306007308887664
14074,623,1,219.39999999999998,5.39544407727876,0.6931471805599453,2.0144576408136072,-1.058145946714099,-1.038450757340041
14075,5,6,1734.87,7.459264007623663,1.9459101490553132,-0.937947030377212,0.48966298795922886,0.44872376298644767
14076,129,1,122.47,4.815998211579652,0.6931471805599453,-0.34555515460429687,-1.058145946714099,-1.4559954833628315
14077,41,6,615.0799999999999,6.423376825230995,1.9459101490553132,-0.7659622922495916,0.48966298795922886,-0.2977294526919762
14078,102,9,1692.6299999999999,7.4346294334096354,2.302585092994046,-0.4745437082000123,0.9303406571479473,0.430972257367413
14079,125,2,618.73,6.4292838993175305,1.0986122886681098,-0.36466456995181024,-0.5571872395918231,-0.2934728555237782
14080,33,5,1115.68,7.018115276378225,1.791759469228055,-0.8041811229446183,0.2992073267345332,0.13083500576675555
14081,302,10,5370.1,8.588788008238932,2.3978952727983707,0.48092705917565737,1.0480979277381186,1.2626510291755788
14082,365,2,413.36,6.026735161189901,1.0986122886681098,0.7819003508989933,-0.5571872395918231,-0.5835467218193437
14083,4,11,1407.26,7.250110178761505,2.4849066497880004,-0.9427243842140904,1.15560189306089,0.2980089450223895
14084,512,1,150.5,5.020585624949423,0.6931471805599453,1.4841713649201105,-1.058145946714099,-1.3085711931573485
14085,2,33,10104.97,9.220881617313903,3.5263605246161616,-0.9522790918878471,2.442335020593583,1.7181333588381342
14086,463,1,39.95,3.7123518102990785,0.6931471805599453,1.2500810269130715,-1.058145946714099,-2.2512755285362482
14087,3,3,846.22,6.741960401185134,1.3862943611198906,-0.9475017380509687,-0.20175138038774237,-0.06816030773546111
14088,10,16,64036.8,11.06722881299151,2.833213344056216,-0.9140602611928204,1.5859404542672264,3.048598514598657
14089,57,1,161.0,5.087596335232384,0.6931471805599453,-0.689524630859538,-1.058145946714099,-1.2602837338414845
14090,325,1,76.32000000000001,4.34795265434013,0.6931471805599453,0.5908061974238594,-1.058145946714099,-1.7932659093550376
14091,654,2,9530.08,9.162313316565184,1.0986122886681098,2.162555609756836,-0.5571872395918231,1.6759294420663071
14092,8,24,7229.45,8.886056553879842,3.2188758248682006,-0.923614968866577,2.062432694683636,1.476860709134329
14093,12,1,442.85,6.095486667514328,0.6931471805599453,-0.9045055535190636,-1.058145946714099,-0.5340048567872201
14094,440,1,335.22,5.817765707604913,0.6931471805599453,1.1402018886648695,-1.058145946714099,-0.734128680220243
14095,723,1,2.95,1.3737155789130306,0.6931471805599453,2.492193024501442,-1.058145946714099,-3.93648079499012
14096,4,17,65164.79,11.084689916963537,2.8903717578961645,-0.9427243842140904,1.6565606001831652,3.0611808666450537
14097,481,2,422.85999999999996,6.049403212028428,1.0986122886681098,1.3360733959768818,-0.5571872395918231,-0.5672122794889567
14098,37,1,147.35,4.999574346736831,0.6931471805599453,-0.7850717075971049,-1.058145946714099,-1.323711776469787
14099,16,20,5765.71,8.659857006240394,3.044522437723423,-0.8853961381715503,1.8470162614078611,1.3138628628529696
14100,138,1,194.9,5.277604324950495,0.6931471805599453,-0.30255897007239174,-1.058145946714099,-1.1233652765611495
14101,74,13,9961.93,9.206626484023987,2.6390573296152584,-0.608309615632606,1.3460575542855853,1.7078612073287345
14102,5,5,1360.28,7.216180712571818,1.791759469228055,-0.937947030377212,0.2992073267345332,0.2735596038450565
14104,155,5,771.5799999999999,6.6497355632804975,1.791759469228055,-0.2213439548454598,0.2992073267345332,-0.13461689489037557
14105,239,5,5988.83,8.697818310072366,1.791759469228055,0.17995376745232144,0.2992073267345332,1.3412175186478899
14106,737,1,214.79999999999998,5.374352052824034,0.6931471805599453,2.559075978217739,-1.058145946714099,-1.0536495258420628
14107,52,11,4877.3,8.492552077499786,2.4849066497880004,-0.7134114000439297,1.15560189306089,1.1933040759696152
14108,31,4,1044.96,6.952690402975883,1.6094379124341003,-0.813735830618375,0.07394609082159041,0.08369028965613615
14109,73,1,144.2,4.978112102390695,0.6931471805599453,-0.6130869694694844,-1.058145946714099,-1.339177322892367
14110,4,33,12987.95,9.471854274988836,3.5263605246161616,-0.9427243842140904,2.442335020593583,1.8989825387035528
14111,14,4,692.85,6.54225579881702,1.6094379124341003,-0.8949508458453069,0.07394609082159041,-0.21206607774329256
14112,23,13,5834.59,8.671730653576422,2.6390573296152584,-0.8519546613134018,1.3460575542855853,1.322418931879075
14113,4,16,7092.610000000001,8.866949657786243,2.833213344056216,-0.9427243842140904,1.5859404542672264,1.4630924105462946
14114,274,7,1364.09,7.218975639511439,2.0794415416798357,0.3471611517430636,0.654643185938614,0.2755736090737411
14115,502,2,622.6700000000001,6.435621382327133,1.0986122886681098,1.436397826551327,-0.5571872395918231,-0.2889061086306481
14116,20,5,1382.74,7.2325452572578,1.791759469228055,-0.8662867228240368,0.2992073267345332,0.285351782773026
14117,144,1,90.0,4.51085950651685,0.6931471805599453,-0.27389484705112166,-1.058145946714099,-1.6758763463502246
14118,429,1,458.45,6.130030121946894,0.6931471805599453,1.0876509964592076,-1.058145946714099,-0.5091130798832219
14119,376,2,183.37,5.216944608082299,1.0986122886681098,0.8344512431046551,-0.5571872395918231,-1.1670762534783672
14121,4,4,2780.15,7.930619790211972,1.6094379124341003,-0.9427243842140904,0.07394609082159041,0.7883795147151064
14122,406,3,362.42,5.895559190220911,1.3862943611198906,0.9777718582110057,-0.20175138038774237,-0.6780712289412262
14123,733,1,436.18,6.0803450096018565,0.6931471805599453,2.5399665628702257,-1.058145946714099,-0.5449158318736779
14124,84,1,419.58000000000004,6.041634711020558,0.6931471805599453,-0.5605360772638225,-1.058145946714099,-0.5728102081600415
14125,11,3,2740.43,7.916234961051038,1.3862943611198906,-0.909282907355942,-0.20175138038774237,0.7780139052484821
14126,8,4,1172.46,7.067711928642815,1.6094379124341003,-0.923614968866577,0.07394609082159041,0.1665740140285204
14127,123,6,1900.0800000000002,7.55017742471711,1.9459101490553132,-0.37421927762556695,0.48966298795922886,0.5142353492780842
14128,61,3,924.21,6.830020738772716,1.3862943611198906,-0.6704152155120245,-0.20175138038774237,-0.004704631013841607
14129,2,9,2591.34,7.860316221709267,2.302585092994046,-0.9522790918878471,0.9303406571479473,0.7377192442971449
14130,319,4,1882.67,7.540977280558469,1.6094379124341003,0.5621420744025893,0.07394609082159041,0.5076057883484273
14131,649,1,187.87,5.241058947707755,0.6931471805599453,2.138668840572444,-1.058145946714099,-1.1496996253442044
14132,2,11,3586.0299999999997,8.185079841032296,2.4849066497880004,-0.9522790918878471,1.15560189306089,0.9717416862189578
14133,130,4,911.14,6.815793487064996,1.6094379124341003,-0.34077780076741854,0.07394609082159041,-0.014956691245887813
14134,383,15,11123.35,9.316891678361227,2.772588722239781,0.8678927199628036,1.5110377522649707,1.7873175518896607
14135,2,24,9643.92,9.174186630852345,3.2188758248682006,-0.9522790918878471,2.062432694683636,1.684485271099678
14136,401,5,1570.81,7.359983100544423,1.791759469228055,0.9538850890266138,0.2992073267345332,0.37718262066475683
14137,696,1,332.7,5.810242385757328,0.6931471805599453,2.3632044709057265,-1.058145946714099,-0.7395499344660406
14138,2,2,982.3800000000001,6.890995617166797,1.0986122886681098,-0.9522790918878471,-0.5571872395918231,0.039233449142467784
14139,46,4,1086.8,6.99191258698886,1.6094379124341003,-0.7420755230651997,0.07394609082159041,0.11195352708204287
14140,4,2,935.05,6.841668893854277,1.0986122886681098,-0.9427243842140904,-0.5571872395918231,0.0036889498366030845
14141,3,4,915.13,6.820158276001622,1.6094379124341003,-0.9475017380509687,0.07394609082159041,-0.011811454203783841
14142,373,2,983.15,6.891778324458996,1.0986122886681098,0.8201191815940201,-0.5571872395918231,0.039797462661630624
14143,134,1,115.8,4.760463070394127,0.6931471805599453,-0.3216683854199051,-1.058145946714099,-1.49601372610751
14144,486,1,30.599999999999998,3.4531571205928664,0.6931471805599453,1.3599601651612734,-1.058145946714099,-2.438049448424981
14145,47,7,7600.05,8.936041674626237,2.0794415416798357,-0.7372981692283215,0.654643185938614,1.5128796451260265
14146,9,12,9450.3,9.153907577164,2.5649493574615367,-0.9188376150296986,1.2544959545938104,1.6698723237692394
14147,78,9,2590.2,7.85987636785712,2.302585092994046,-0.5892002002850927,0.9303406571479473,0.7374022886209433
14148,234,2,466.29,6.146950049948197,1.0986122886681098,0.15606699826792972,-0.5571872395918231,-0.49692069553838636
14149,221,1,446.62,6.103944658191983,0.6931471805599453,0.09396139838851118,-1.058145946714099,-0.5279100865778518
14150,36,2,658.64,6.49169423166057,1.0986122886681098,-0.7898490614339833,-0.5571872395918231,-0.24850039707379856
14151,673,2,679.45,6.5227543440063265,1.0986122886681098,2.2533253326575244,-0.5571872395918231,-0.22611869264313722
14152,75,7,1997.3400000000001,7.600072114901368,2.0794415416798357,-0.6035322617957277,0.654643185938614,0.5501891216254675
14153,483,1,233.4,5.457029057702858,0.6931471805599453,1.3456281036506383,-1.058145946714099,-0.9940730418354627
14154,239,8,6460.7,8.77364772005142,2.1972245773362196,0.17995376745232144,0.8001660338568091,1.3958596726236945
14155,266,1,118.75,4.785406236291025,0.6931471805599453,0.30894232104803687,-1.058145946714099,-1.4780398514333057
14156,10,156,313946.37,12.656980639377052,5.056245805348308,-0.9140602611928204,4.332533059721831,4.194162802975293
14157,20,5,1002.78,6.911528152734635,1.791759469228055,-0.8662867228240368,0.2992073267345332,0.05402905378084505
14158,40,1,507.66,6.231779816930511,0.6931471805599453,-0.7707396460864698,-1.058145946714099,-0.43579294589006906
14159,20,20,7938.01,8.979543861328803,3.044522437723423,-0.8662867228240368,1.8470162614078611,1.5442270232045638
14160,610,7,8421.47,9.038658413386564,2.0794415416798357,1.9523520409341886,0.654643185938614,1.5868245649320165
14161,216,7,3318.88,8.10768391667899,2.0794415416798357,0.07007462920411944,0.654643185938614,0.9159707127037843
14162,174,2,289.36,5.67112153241664,1.0986122886681098,-0.1305742319447712,-0.5571872395918231,-0.8397994694629107
14163,87,5,2594.62,7.861580688064839,1.791759469228055,-0.5462040157531874,0.2992073267345332,0.7386304101009862
14164,71,2,1631.77,7.398033237980444,1.0986122886681098,-0.622641677143241,-0.5571872395918231,0.40460128934691975
14165,276,1,122.53999999999999,4.816564990267753,0.6931471805599453,0.3567158594168203,-1.058145946714099,-1.4555870665183122
14166,505,2,256.85,5.552378020496968,1.0986122886681098,1.4507298880619621,-0.5571872395918231,-0.9253652316617036
14167,39,8,1296.49,7.168186907881249,2.1972245773362196,-0.7755169999233482,0.8001660338568091,0.23897559657780798
14168,421,2,370.45,5.917414265597815,1.0986122886681098,1.0494321657641807,-0.5571872395918231,-0.6623226111657814
14169,431,2,624.4300000000001,6.438439413172899,1.0986122886681098,1.0972057041329644,-0.5571872395918231,-0.2868754548852811
14170,375,3,597.33,6.3941424412081105,1.3862943611198906,0.8296738892677769,-0.20175138038774237,-0.31879554978553787
14171,98,2,498.79,6.214188010197488,1.0986122886681098,-0.49365312354752566,-0.5571872395918231,-0.44846948145171933
14172,605,3,402.72,6.0007215683706585,1.3862943611198906,1.928465271749797,-0.20175138038774237,-0.6022919388095005
14173,11,6,586.0,6.375024819828097,1.9459101490553132,-0.909282907355942,0.48966298795922886,-0.33257157694157663
14174,33,1,134.46,4.908676393786758,0.6931471805599453,-0.8041811229446183,-1.058145946714099,-1.3892122194055203
14175,60,8,7678.88,8.946359201019646,2.1972245773362196,-0.6751925693489029,0.8001660338568091,1.5203143840484818
14176,297,5,916.01,6.8211183773224136,1.791759469228055,0.45704028999126567,0.2992073267345332,-0.011119611761417856
14177,86,13,2229.34,7.7099093192000625,2.6390573296152584,-0.5509813695900658,1.3460575542855853,0.6293370594930966
14178,9,7,1620.93,7.391372077147292,2.0794415416798357,-0.9188376150296986,0.654643185938614,0.39980130242887235
14179,41,2,719.78,6.580333958961338,1.0986122886681098,-0.7659622922495916,-0.5571872395918231,-0.1846272160892728
14180,11,33,6319.25,8.751514043320572,3.5263605246161616,-0.909282907355942,2.442335020593583,1.3799102966188999
14181,411,2,310.55,5.741559838990231,1.0986122886681098,1.0016586273953973,-0.5571872395918231,-0.7890421077130009
14182,444,4,678.77,6.521754505661576,1.6094379124341003,1.1593113040123828,0.07394609082159041,-0.22683916931307108
14183,411,2,286.29,5.660492158557335,1.0986122886681098,1.0016586273953973,-0.5571872395918231,-0.8474589235355057
14184,67,1,452.89,6.1178548779353035,0.6931471805599453,-0.6417510924907545,-1.058145946714099,-0.5178864774100929
14185,331,1,197.65,5.291544482260608,0.6931471805599453,0.6194703204451295,-1.058145946714099,-1.1133200945876045
14186,427,5,1550.63,7.34706127025902,1.791759469228055,1.0780962887854508,0.2992073267345332,0.36787123817741757
14187,474,1,123.5,4.824305715904762,0.6931471805599453,1.3026319191187332,-1.058145946714099,-1.4500091525894192
14188,31,6,2054.36,7.628206294069428,1.9459101490553132,-0.813735830618375,0.48966298795922886,0.5704624186286834
14189,2,16,5814.39,8.668263130631585,2.833213344056216,-0.9522790918878471,1.5859404542672264,1.3199202585712024
14190,666,1,79.9,4.393213824064446,0.6931471805599453,2.219883855799376,-1.058145946714099,-1.7606510201466912
14191,2,15,4817.66,8.48025116009442,2.772588722239781,-0.9522790918878471,1.5110377522649707,1.1844401190550973
14192,388,1,293.74,5.686093611785117,0.6931471805599453,0.8917794891471953,-1.058145946714099,-0.8290106915149313
14193,68,3,1210.19,7.0993586263743325,1.3862943611198906,-0.6369737386538761,-0.20175138038774237,0.18937840787450932
14194,5,36,18670.59,9.83475839627326,3.6109179126442243,-0.937947030377212,2.5468070428147276,2.1604887653662037
14195,202,6,2615.6,7.869631044076776,1.9459101490553132,0.0031916754878225607,0.48966298795922886,0.7444314415594377
14196,107,1,335.52,5.818657582682612,0.6931471805599453,-0.45065693901562054,-1.058145946714099,-0.7334860011418182
14197,411,1,390.05,5.968835429047621,0.6931471805599453,1.0016586273953973,-1.058145946714099,-0.625268872627984
14198,18,9,1569.73,7.359295758431025,2.302585092994046,-0.8758414304977935,0.9303406571479473,0.3766873266409113
14199,218,4,1091.7,6.9964069765767,1.6094379124341003,0.07962933687787613,0.07394609082159041,0.11519215346663186
14200,617,1,379.2,5.940697430054329,0.6931471805599453,1.9857935177923371,-1.058145946714099,-0.6455449221711254
14201,60,10,1193.54,7.0855164530197605,2.3978952727983707,-0.6751925693489029,1.0480979277381186,0.17940383246888206
14202,381,3,847.76,6.743776460835899,1.3862943611198906,0.8583380122890469,-0.20175138038774237,-0.06685166757732511
14203,397,1,339.34,5.82994511794329,0.6931471805599453,0.9347756736791005,-1.058145946714099,-0.7253522804667971
14204,2,4,1062.96,6.9697530752099555,1.6094379124341003,-0.9522790918878471,0.07394609082159041,0.09598553451839194
14205,17,9,2414.2,7.789537378392629,2.302585092994046,-0.8806187843346719,0.9303406571479473,0.6867164941002838
14206,239,3,1185.01,7.078350011225329,1.3862943611198906,0.17995376745232144,-0.20175138038774237,0.17423974354747074
14207,688,1,157.8,5.067645548813036,0.6931471805599453,2.3249856402107,-1.058145946714099,-1.2746601340240196
14208,95,2,567.05,6.342209443015913,1.0986122886681098,-0.5079851850581607,-0.5571872395918231,-0.35621811293652467
14209,11,15,4993.27,8.51604653425612,2.772588722239781,-0.909282907355942,1.5110377522649707,1.2102340207497746
14210,106,16,5861.52,8.676334824262575,2.833213344056216,-0.45543429285249887,1.5859404542672264,1.3257366657719432
14211,53,18,4402.29,8.390107267770315,2.9444389791664403,-0.7086340462070513,1.7233615276208618,1.1194830470468526
14212,90,2,2190.14,7.692177235317669,1.0986122886681098,-0.5318719542425524,-0.5571872395918231,0.6165594411774425
14213,405,1,1192.2,7.084394052640594,0.6931471805599453,0.9729945043741273,-1.058145946714099,0.17859503843556607
14214,31,5,1004.38,6.913120858480547,1.791759469228055,-0.813735830618375,0.2992073267345332,0.05517674664342053
14215,12,9,3416.33,8.136614823395947,2.302585092994046,-0.9045055535190636,0.9303406571479473,0.9368181261272073
14216,3,5,2150.04,7.673706725096686,1.791759469228055,-0.9475017380509687,0.2992073267345332,0.6032497178948081
14217,2,23,3416.89,8.136778680594764,3.1780538303479458,-0.9522790918878471,2.0119964593872464,0.9369362005034987
14218,43,1,169.48000000000002,5.1386179877903615,0.6931471805599453,-0.7564075845758348,-1.058145946714099,-1.2235178801187254
14219,4,3,633.83,6.4533572465147895,1.3862943611198906,-0.9427243842140904,-0.20175138038774237,-0.27612576625288743
14220,247,4,1515.0,7.323830566202317,1.6094379124341003,0.21817259814734824,0.07394609082159041,0.3511313517879109
14221,42,17,6517.49,8.78239803300639,2.8903717578961645,-0.7611849384127132,1.6565606001831652,1.4021650882659102
14222,177,1,683.17,6.528206424753791,0.6931471805599453,-0.11624217043413615,-1.058145946714099,-0.22218996056182763
14223,92,3,991.13,6.89985414708588,1.3862943611198906,-0.5223172465687957,-0.20175138038774237,0.045616845188559976
14224,110,9,1897.9,7.549030050131371,2.302585092994046,-0.4363248775049855,0.9303406571479473,0.5134085590023959
14225,435,4,2037.02,7.6197340272772065,1.6094379124341003,1.1163151194804777,0.07394609082159041,0.564357361148841
14226,29,6,3002.53,8.007543542587262,1.9459101490553132,-0.8232905382921317,0.48966298795922886,0.8438102443337108
14227,26,15,6368.71,8.759309221627205,2.772588722239781,-0.8376225998027668,1.5110377522649707,1.385527448768937
14228,438,3,745.5,6.615395616979245,1.3862943611198906,1.1306471809911127,-0.20175138038774237,-0.15936202522743362
14229,52,7,2594.04,7.86135720973938,2.0794415416798357,-0.7134114000439297,0.654643185938614,0.7384693731487881
14230,436,3,979.8000000000001,6.888368565181947,1.3862943611198906,1.121092473317356,-0.20175138038774237,0.037340413457523765
14231,184,4,1235.6200000000001,7.120137130372299,1.6094379124341003,-0.08280069357598771,0.07394609082159041,0.204351255680623
14232,43,5,2048.07,7.625141310661702,1.791759469228055,-0.7564075845758348,0.2992073267345332,0.5682538125569163
14233,49,7,2904.27,7.974281608168437,2.0794415416798357,-0.7277434615545647,0.654643185938614,0.819841921982942
14234,22,4,775.46,6.654745128061633,1.6094379124341003,-0.8567320151502801,0.07394609082159041,-0.13100703678653158
14235,75,9,4717.99,8.459350072631114,2.302585092994046,-0.6035322617957277,0.9303406571479473,1.1693789384426252
14236,81,5,1744.64,7.464876529573371,1.791759469228055,-0.5748681387744575,0.2992073267345332,0.45276810790029137
14237,373,2,632.14,6.450691566726245,1.0986122886681098,0.8201191815940201,-0.5571872395918231,-0.27804663686886677
14238,326,3,434.23,6.075874626989435,1.3862943611198906,0.5955835512607377,-0.20175138038774237,-0.5481371589960458
14239,43,21,4263.17,8.358002833718864,3.091042453358316,-0.7564075845758348,1.9044924940644754,1.096348811540734
14240,30,3,1247.49,7.129690100076217,1.3862943611198906,-0.8185131844552533,-0.20175138038774237,0.21123506028403266
14241,184,2,333.70000000000005,5.813234608217281,1.0986122886681098,-0.08280069357598771,-0.5571872395918231,-0.737393759435379
14242,235,2,280.55,5.640310051700627,1.0986122886681098,0.16084435210480805,-0.5571872395918231,-0.8620020116424153
14243,9,17,7431.05,8.913557008135198,2.8903717578961645,-0.9188376150296986,1.6565606001831652,1.4966773483016502
14244,661,1,366.41999999999996,5.906505607880791,0.6931471805599453,2.1959970866149843,-1.058145946714099,-0.6701833152752767
14245,220,2,1693.45,7.435113483382488,1.0986122886681098,0.08918404455163283,-0.5571872395918231,0.43132106046578744
14246,111,3,1474.06,7.296453945912696,1.3862943611198906,-0.4315475236681071,-0.20175138038774237,0.33140394652897764
14247,278,5,772.66,6.651132500593759,1.791759469228055,0.36627056709057704,0.2992073267345332,-0.13361027142084228
14248,318,3,1032.95,6.941141697999771,1.3862943611198906,0.557364720565711,-0.20175138038774237,0.07536837187120034
14249,411,12,5625.461,8.63523592668109,2.5649493574615367,1.0016586273953973,1.2544959545938104,1.2961210813897934
14250,7,3,1904.05,7.552263533935522,1.3862943611198906,-0.9283923227034554,-0.20175138038774237,0.51573858530688
14251,2,5,2879.7000000000003,7.965788599152331,1.791759469228055,-0.9522790918878471,0.2992073267345332,0.8137219177984952
14252,381,1,350.99,5.863602766103642,0.6931471805599453,0.8583380122890469,-1.058145946714099,-0.7010988095015158
14253,493,2,363.40000000000003,5.898252165385803,1.0986122886681098,1.393401642019422,-0.5571872395918231,-0.6761306894638159
14254,433,1,601.03,6.400307277954197,0.6931471805599453,1.106760411806721,-1.058145946714099,-0.31435321060858246
14255,546,1,1000.63,6.909383951973957,0.6931471805599453,1.6466013953739744,-1.058145946714099,0.052483957384177785
14256,260,5,2473.9900000000002,7.813991634590588,1.791759469228055,0.28027819802676673,0.2992073267345332,0.704338063790747
14257,64,9,5954.45,8.692062045685008,2.302585092994046,-0.6560831540013895,0.9303406571479473,1.3370695939170192
14258,9,25,32051.34,10.375125470604086,3.258096538021482,-0.9188376150296986,2.110890520920167,2.549873581721705
14259,142,1,120.0,4.795790545596741,0.6931471805599453,-0.2834495547248783,-1.058145946714099,-1.4705569892011974
14260,471,3,824.28,6.71572272269298,1.3862943611198906,1.2882998576080982,-0.20175138038774237,-0.08706699932823438
14261,51,2,1163.45,7.060004151519799,1.0986122886681098,-0.718188753880808,-0.5571872395918231,0.1610198425733635
14262,8,8,2618.23,7.870635660430322,2.1972245773362196,-0.923614968866577,0.8001660338568091,0.7451553612298168
14263,423,1,322.93,5.780527443067584,0.6931471805599453,1.0589868734379375,-1.058145946714099,-0.7609623188467672
14264,155,6,1517.3600000000001,7.325386083989173,1.9459101490553132,-0.2213439548454598,0.48966298795922886,0.3522522472616454
14265,109,4,1373.35,7.225736171057181,1.6094379124341003,-0.4411022313418638,0.07394609082159041,0.2804452018473468
14266,428,1,40.56,3.727138166231027,0.6931471805599453,1.0828736426223293,-1.058145946714099,-2.240620581625838
14267,163,3,1516.24,7.3246481738226015,1.3862943611198906,-0.18312512415043303,-0.20175138038774237,0.35172051424469003
14268,471,1,354.85,5.87450929374528,0.6931471805599453,1.2882998576080982,-1.058145946714099,-0.6932396403097684
14269,439,1,295.73,5.692822634419859,0.6931471805599453,1.135424534827991,-1.058145946714099,-0.824161803846996
14270,332,1,492.65000000000003,6.201826764057459,0.6931471805599453,0.6242476742820079,-1.058145946714099,-0.45737691083964266
14271,226,2,219.13,5.39421828092524,1.0986122886681098,0.11784816757290292,-0.5571872395918231,-1.0393340578049992
14272,74,4,920.81,6.826339128567769,1.6094379124341003,-0.608309615632606,0.07394609082159041,-0.007357574136479526
14273,51,4,559.97,6.329667428156979,1.6094379124341003,-0.718188753880808,0.07394609082159041,-0.3652558030263991
14274,686,1,256.6,5.551407994230199,0.6931471805599453,2.3154309325369433,-1.058145946714099,-0.9260642259522301
14275,396,6,1189.3799999999999,7.082027862862419,1.9459101490553132,0.9299983198422221,0.48966298795922886,0.17688997827182856
14276,99,7,2102.68,7.6514434710358,2.0794415416798357,-0.48887576971064733,0.654643185938614,0.5872069693526077
14277,15,9,17225.81,9.754222170187196,2.302585092994046,-0.8901734920084285,0.9303406571479473,2.1024549119096028
14278,410,1,205.83,5.331897199811232,0.6931471805599453,0.996881273558519,-1.058145946714099,-1.0842422024300313
14279,521,2,191.86,5.261964537082238,1.0986122886681098,1.5271675494520156,-0.5571872395918231,-1.134635200685342
14280,197,1,134.04,4.905571030847647,0.6931471805599453,-0.020695093696569182,-1.058145946714099,-1.3914499226913102
14281,408,1,245.15,5.50594110620421,0.6931471805599453,0.9873265658847623,-1.058145946714099,-0.958827354361155
14282,3,25,7849.66,8.96835288367535,3.258096538021482,-0.9475017380509687,2.110890520920167,1.5361628812806225
14283,463,4,628.4399999999999,6.444830535200694,1.6094379124341003,1.2500810269130715,0.07394609082159041,-0.2822700560826611
14284,31,3,1299.65,7.170619418491279,1.3862943611198906,-0.813735830618375,-0.20175138038774237,0.24072844707918703
14285,21,8,3284.42,8.097249776627379,2.1972245773362196,-0.8615093689871585,0.8001660338568091,0.9084519427771458
14286,24,7,8479.76,9.04555534741159,2.0794415416798357,-0.8471773074765234,0.654643185938614,1.5917944483988733
14287,8,3,176.63,5.179702735211794,1.3862943611198906,-0.923614968866577,-0.20175138038774237,-1.193912492245088
14288,213,1,426.6,6.05818817915089,0.6931471805599453,0.055742567693484395,-1.058145946714099,-0.5608818922907631
14289,9,6,911.26,6.815925037163848,1.9459101490553132,-0.9188376150296986,0.48966298795922886,-0.014861897144773113
14290,11,8,4516.56,8.41572730406053,2.1972245773362196,-0.909282907355942,0.8001660338568091,1.1379446698950635
14291,2,23,7904.1,8.975263399784938,3.1780538303479458,-0.9522790918878471,2.0119964593872464,1.5411425519046813
14292,8,16,9226.25,9.129916341608387,2.833213344056216,-0.923614968866577,1.5859404542672264,1.6525844035854782
14293,3,9,3267.9300000000003,8.092217993218712,2.302585092994046,-0.9475017380509687,0.9303406571479473,0.904826074082332
14294,407,1,375.34,5.930492990116498,0.6931471805599453,0.9825492120478839,-1.058145946714099,-0.6528981717674737
14295,40,5,2362.91,7.768072306735277,1.791759469228055,-0.7707396460864698,0.2992073267345332,0.6712489103365872
14296,421,2,456.40000000000003,6.125558281588681,1.0986122886681098,1.0494321657641807,-0.5571872395918231,-0.5123354574472327
14297,18,4,1305.33,7.174976957856922,1.6094379124341003,-0.8758414304977935,0.07394609082159041,0.24386846013004473
14298,8,82,91194.49,11.420760723085259,4.418840607796598,-0.923614968866577,3.5450086160813172,3.3033511900057175
14299,8,27,14499.49,9.58193772094114,3.332204510175204,-0.923614968866577,2.202452120611942,1.9783079166218895
14300,19,1,43.2,3.7887247890836524,0.6931471805599453,-0.8710640766609151,-1.058145946714099,-2.196241682598501
14301,117,4,1992.18,7.597486632240913,1.6094379124341003,-0.40288340064683703,0.07394609082159041,0.5483260405112481
14302,431,3,742.9000000000001,6.611906617197296,1.3862943611198906,1.0972057041329644,-0.20175138038774237,-0.16187617459717618
14303,407,2,277.94,5.630996704930548,1.0986122886681098,0.9825492120478839,-0.5571872395918231,-0.8687131455992968
14304,223,3,1725.01,7.453567665369348,1.3862943611198906,0.10351610606226787,-0.20175138038774237,0.4446190177346365
14305,71,3,1858.96,7.528310261099659,1.3862943611198906,-0.622641677143241,-0.20175138038774237,0.4984780207992138
14306,51,6,3151.4,8.055919346479495,1.9459101490553132,-0.718188753880808,0.48966298795922886,0.878669517611887
14307,89,10,5071.03,8.531496410926067,2.3978952727983707,-0.5366493080794308,1.0480979277381186,1.2213670961639136
14308,549,2,1147.02,7.045793998330545,1.0986122886681098,1.6609334568846095,-0.5571872395918231,0.15078010341672962
14309,8,11,3780.81,8.237958009987105,2.4849066497880004,-0.923614968866577,1.15560189306089,1.009845332954247
14310,433,1,492.1,6.2007119932300805,0.6931471805599453,1.106760411806721,-1.058145946714099,-0.4581802070701443
14311,243,2,516.45,6.248912902114182,1.0986122886681098,0.19906318279983484,-0.5571872395918231,-0.4234469619381258
14312,47,11,3090.29,8.0363437585012,2.4849066497880004,-0.7372981692283215,1.15560189306089,0.8645634828587171
14314,107,2,229.8,5.441551534633945,1.0986122886681098,-0.45065693901562054,-0.5571872395918231,-1.0052260390555285
14315,45,8,3197.82,8.070537270782818,2.1972245773362196,-0.7468528769020781,0.8001660338568091,0.8892030938431866
14316,422,5,1370.34,7.223543642981688,1.791759469228055,1.0542095196010592,0.2992073267345332,0.2788652811182987
14317,65,1,508.58000000000004,6.233586857019973,0.6931471805599453,-0.6513058001645111,-1.058145946714099,-0.43449080516609273
14318,460,1,158.02,5.069029980473338,0.6931471805599453,1.2357489654024365,-1.058145946714099,-1.2736625220424402
14319,424,1,494.85,6.206273461632134,0.6931471805599453,1.0637642272748158,-1.058145946714099,-0.4541726509934122
14320,207,5,1346.75,7.2061918143317785,1.791759469228055,0.0270784446722143,0.2992073267345332,0.26636167212131434
14321,11,7,2218.06,7.704838961773891,2.0794415416798357,-0.909282907355942,0.654643185938614,0.6256833946252077
14322,429,4,474.1,6.163525308192876,1.6094379124341003,1.0876509964592076,0.07394609082159041,-0.4849766778618064
14323,115,2,605.0600000000001,6.406978991069148,1.0986122886681098,-0.41243810832059374,-0.5571872395918231,-0.30954561978847395
14324,410,2,701.61,6.554801972579857,1.0986122886681098,0.996881273558519,-0.5571872395918231,-0.20302539077572251
14325,570,1,245.48000000000002,5.507280854288412,0.6931471805599453,1.7612578874590548,-1.058145946714099,-0.9578619410587702
14326,242,3,940.98,6.847984042928468,1.3862943611198906,0.19428582896295649,-0.20175138038774237,0.008239603048693554
14327,163,6,1894.93,7.54746476230219,1.9459101490553132,-0.18312512415043303,0.48966298795922886,0.5122806233030123
14328,438,1,445.05,6.1004310533597925,0.6931471805599453,1.1306471809911127,-1.058145946714099,-0.530441966178441
14329,17,15,9927.22,9.203136486187676,2.772588722239781,-0.8806187843346719,1.5110377522649707,1.7053463387678471
14330,624,1,200.63,5.3064343346499845,0.6931471805599453,2.0192349946504855,-1.058145946714099,-1.1025905688381357
14331,124,2,462.65999999999997,6.139151525006747,1.0986122886681098,-0.3694419237886886,-0.5571872395918231,-0.5025402592505733
14332,23,5,1943.51,7.572765296292786,1.791759469228055,-0.8519546613134018,0.2992073267345332,0.5305120149802799
14333,68,1,415.2,6.031165913959534,0.6931471805599453,-0.6369737386538761,-1.058145946714099,-0.5803539516905255
14334,17,12,4318.48,8.37089030362269,2.5649493574615367,-0.8806187843346719,1.2544959545938104,1.1056354341722168
14335,16,2,468.26,6.151156985841575,1.0986122886681098,-0.8853961381715503,-0.5571872395918231,-0.4938892063191535
14336,17,4,1614.91,7.387653544460817,1.6094379124341003,-0.8806187843346719,0.07394609082159041,0.3971217532186842
14338,161,3,928.1,6.834216375647267,1.3862943611198906,-0.1926798318241897,-0.20175138038774237,-0.0016812837902632604
14339,243,2,620.27,6.431765770051603,1.0986122886681098,0.19906318279983484,-0.5571872395918231,-0.2916844364547559
14340,219,1,134.7,4.9104465668408235,0.6931471805599453,0.08440669071475448,-1.058145946714099,-1.3879366448149915
14341,45,18,4467.32,8.40476777803629,2.9444389791664403,-0.7468528769020781,1.7233615276208618,1.1300473104314488
14342,21,6,918.44,6.823764789060503,1.9459101490553132,-0.8615093689871585,0.48966298795922886,-0.009212625570756512
14343,421,4,1088.91,6.993850403006858,1.6094379124341003,1.0494321657641807,0.07394609082159041,0.1133499040453012
14344,127,20,3333.7000000000003,8.112137999281039,3.044522437723423,-0.3551098622780536,1.8470162614078611,0.9191802941502089
14345,39,1,108.97999999999999,4.700298531079668,0.6931471805599453,-0.7755169999233482,-1.058145946714099,-1.5393678814677068
14346,121,5,2315.75,7.747920620466801,1.791759469228055,-0.38377398529932366,0.2992073267345332,0.6567277430974073
14347,737,1,82.6,4.426043520090656,0.6931471805599453,2.559075978217739,-1.058145946714099,-1.7369941658240937
14348,260,1,409.57,6.017546438106483,0.6931471805599453,0.28027819802676673,-1.058145946714099,-0.5901680528003423
14349,10,1,133.5,4.901564199041894,0.6931471805599453,-0.9140602611928204,-1.058145946714099,-1.394337218274193
14350,274,3,972.03,6.880414914187569,1.3862943611198906,0.3471611517430636,-0.20175138038774237,0.03160906697303094
14351,165,1,51.0,3.9512437185814275,0.6931471805599453,-0.17357041647667631,-1.058145946714099,-2.079131654021814
14352,157,4,1078.96,6.984679282395341,1.6094379124341003,-0.2117892471717031,0.07394609082159041,0.10674125728511097
14353,215,3,376.5,5.933570568689079,1.3862943611198906,0.06529727536724109,-0.20175138038774237,-0.6506804897060932
14354,6,2,163.62,5.103639787544498,1.0986122886681098,-0.9331696765403337,-0.5571872395918231,-1.2487229318810815
14355,366,3,1014.45,6.923087142979119,1.3862943611198906,0.7866777047358717,-0.20175138038774237,0.062358383059793236
14356,80,2,701.23,6.5542609856927125,1.0986122886681098,-0.5796454926113359,-0.5571872395918231,-0.20341522222495048
14357,43,1,225.77,5.423936287972195,0.6931471805599453,-0.7564075845758348,-1.058145946714099,-1.017919465269434
14358,389,2,400.06,5.994111042048887,1.0986122886681098,0.8965568429840737,-0.5571872395918231,-0.6070554388451083
14359,19,3,912.18,6.816933013408364,1.3862943611198906,-0.8710640766609151,-0.20175138038774237,-0.014135556359950925
14360,32,4,2128.23,7.663515690998327,1.6094379124341003,-0.8089584767814967,0.07394609082159041,0.5959061284546554
14361,579,1,214.70999999999998,5.373934913006625,0.6931471805599453,1.8042540719909599,-1.058145946714099,-1.0539501139402505
14362,22,1,161.2,5.088830141681313,0.6931471805599453,-0.8567320151502801,-1.058145946714099,-1.2593946613565827
14363,402,2,227.47000000000003,5.431404910686392,1.0986122886681098,0.9586624428634922,-0.5571872395918231,-1.0125376268448827
14364,109,8,3717.35,8.221035300483413,2.1972245773362196,-0.4411022313418638,0.8001660338568091,0.997650944277822
14365,395,2,634.68,6.454695292066289,1.0986122886681098,0.9252209660053438,-0.5571872395918231,-0.27516157978391914
14366,525,1,136.0,4.919980925828125,0.6931471805599453,1.5462769647995291,-1.058145946714099,-1.3810662509666332
14367,8,16,9261.52,9.133731428846275,2.833213344056216,-0.923614968866577,1.5859404542672264,1.6553335293447498
14368,320,1,155.0,5.049856007249537,0.6931471805599453,0.5669194282394676,-1.058145946714099,-1.28747915595153
14369,642,2,469.13,6.153009252203234,1.0986122886681098,2.1052273637142958,-0.5571872395918231,-0.4925544758528878
14370,451,6,1175.78,7.070537173901474,1.9459101490553132,1.1927527808705314,0.48966298795922886,0.16860986643045406
14371,295,1,100.5,4.620058798481842,0.6931471805599453,0.44748558231750896,-1.058145946714099,-1.5971880837454104
14372,443,2,860.08,6.758187415326246,1.0986122886681098,1.1545339501755045,-0.5571872395918231,-0.05646723237708598
14373,358,1,76.55,4.350922889622548,0.6931471805599453,0.7484588740408449,-1.058145946714099,-1.7911255781340631
14374,541,1,108.0,4.6913478822291435,0.6931471805599453,1.6227146261895826,-1.058145946714099,-1.5458176577854816
14375,185,3,1132.99,7.033497665906664,1.3862943611198906,-0.07802333973910935,-0.20175138038774237,0.14191945040849707
14376,683,1,215.46,5.377405772867,0.6931471805599453,2.301098871026308,-1.058145946714099,-1.0514490360738733
14377,191,2,617.05,6.426569360333832,1.0986122886681098,-0.04935921671783927,-0.5571872395918231,-0.29542893374147183
14378,622,1,131.25,4.8846940707384086,0.6931471805599453,2.009680286976729,-1.058145946714099,-1.4064937172975303
14379,44,4,1268.91,7.146701310799781,1.6094379124341003,-0.7516302307389565,0.07394609082159041,0.22349322233393656
14380,682,1,48.96,3.911222685257377,0.6931471805599453,2.29632151718943,-1.058145946714099,-2.107970536795234
14381,52,2,631.34,6.449427224173901,1.0986122886681098,-0.7134114000439297,-0.5571872395918231,-0.2789577134609497
14382,26,2,1246.8,7.129137279676686,1.0986122886681098,-0.8376225998027668,-0.5571872395918231,0.21083670168674898
14383,38,3,1247.69,7.129850280760371,1.3862943611198906,-0.7802943537602266,-0.20175138038774237,0.21135048538901385
14384,501,1,58.5,4.085976312551584,0.6931471805599453,1.4316204727144486,-1.058145946714099,-1.9820442687011257
14385,9,3,202.11,5.3137477042033945,1.3862943611198906,-0.9188376150296986,-0.20175138038774237,-1.097320604778943
14386,297,1,142.4,4.96563792816552,0.6931471805599453,0.45704028999126567,-1.058145946714099,-1.3481661274857475
14387,33,3,1770.56,7.479615793333997,1.3862943611198906,-0.8041811229446183,-0.20175138038774237,0.46338912051426995
14388,10,16,6701.0,8.810161268297255,2.833213344056216,-0.9140602611928204,1.5859404542672264,1.4221710856493666
14389,65,5,1898.01,7.549087976727858,1.791759469228055,-0.6513058001645111,0.2992073267345332,0.5134503005114672
14390,10,13,6399.83,8.764182948439066,2.6390573296152584,-0.9140602611928204,1.3460575542855853,1.3890394229615788
14391,577,1,135.6,4.91705694713669,0.6931471805599453,1.7946993643172031,-1.058145946714099,-1.3831732500046519
14392,432,1,266.4,5.588745664667843,0.6931471805599453,1.1019830579698426,-1.058145946714099,-0.899158956114114
14393,218,1,67.95,4.233381604239311,0.6931471805599453,0.07962933687787613,-1.058145946714099,-1.8758250241168148
14394,565,1,93.8,4.551769409260976,0.6931471805599453,1.737371118274663,-1.058145946714099,-1.646396950354697
14395,2,20,8208.01,9.012987610522698,3.044522437723423,-0.9522790918878471,1.8470162614078611,1.5683263600381983
14396,65,7,2121.93,7.660552488950523,2.0794415416798357,-0.6513058001645111,0.654643185938614,0.5937708653344191
14397,3,19,2612.96,7.868621591848266,2.995732273553991,-0.9475017380509687,1.7867352234743035,0.7437040371906484
14398,401,2,707.79,6.563559290839203,1.0986122886681098,0.9538850890266138,-0.5571872395918231,-0.19671492715910602
14399,394,8,2113.16,7.65641284946965,2.1972245773362196,0.9204436121684655,0.8001660338568091,0.5907878694495683
14400,149,3,1732.47,7.45788045894706,1.3862943611198906,-0.2500080778667299,-0.20175138038774237,0.44772678727688037
14401,4,22,6795.9,8.824221904865304,3.1354942159291497,-0.9427243842140904,1.9594133665673954,1.4323030841518127
14402,652,1,285.6,5.6580875153940715,0.6931471805599453,2.1530009020830794,-1.058145946714099,-0.8491916929454245
14403,130,6,1880.51,7.539829924927686,1.9459101490553132,-0.34077780076741854,0.48966298795922886,0.5067790117315504
14404,34,13,2899.11,7.9725039462896845,2.6390573296152584,-0.7994037691077399,1.3460575542855853,0.8185609509965854
14405,387,1,195.0,5.278114659230517,0.6931471805599453,0.887002135310317,-1.058145946714099,-1.1229975331708768
14406,119,1,156.75,5.061011501421323,0.6931471805599453,-0.3933286929730804,-1.058145946714099,-1.2794405831816866
14407,107,6,2157.73,7.677275364797242,1.9459101490553132,-0.45065693901562054,0.48966298795922886,0.605821255244971
14408,11,11,4109.77,8.321365637874722,2.4849066497880004,-0.909282907355942,1.15560189306089,1.069948298901769
14409,71,9,3756.09,8.231400000570517,2.302585092994046,-0.622641677143241,0.9303406571479473,1.0051196762411725
14410,92,11,2651.14,7.8831221402592995,2.4849066497880004,-0.5223172465687957,1.15560189306089,0.7541530331570971
14411,311,1,1063.0,6.96979066990159,0.6931471805599453,0.5239232437075625,-1.058145946714099,0.09601262499594583
14412,43,3,1426.19,7.26346275507474,1.3862943611198906,-0.7564075845758348,-0.20175138038774237,0.3076307201500476
14413,362,4,770.37,6.648168154688608,1.6094379124341003,0.7675682893883583,0.07394609082159041,-0.13574635879685587
14414,92,8,2399.33,7.783361506883779,2.1972245773362196,-0.5223172465687957,0.8001660338568091,0.6822662033487848
14415,1,23,12091.6,9.400348974251534,3.1780538303479458,-0.9570564457247255,2.0119964593872464,1.847456308260073
14416,22,2,490.22,6.1968920926164115,1.0986122886681098,-0.8567320151502801,-0.5571872395918231,-0.46093280131506886
14417,388,1,604.2,6.405558981914201,0.6931471805599453,0.8917794891471953,-1.058145946714099,-0.3105688686692594
14418,4,3,1937.25,7.569540783099068,1.3862943611198906,-0.9427243842140904,-0.20175138038774237,0.5281884528362935
14419,11,7,1260.91,7.140381725185672,2.0794415416798357,-0.909282907355942,0.654643185938614,0.218939372181538
14420,99,4,1639.17,7.4025551739826545,1.6094379124341003,-0.48887576971064733,0.07394609082159041,0.4078597654892208
14421,57,6,2469.37,7.812123215974338,1.9459101490553132,-0.689524630859538,0.48966298795922886,0.7029916941203435
14422,1,19,10271.52,9.237227647701399,2.995732273553991,-0.9570564457247255,1.7867352234743035,1.7299121964892965
14423,218,3,916.6099999999999,6.8217724637505475,1.3862943611198906,0.07962933687787613,-0.20175138038774237,-0.010648281556825075
14424,18,1,322.08,5.777899970574095,0.6931471805599453,-0.8758414304977935,-1.058145946714099,-0.7628556575473588
14425,435,3,661.39,6.495854506338738,1.3862943611198906,1.1163151194804777,-0.20175138038774237,-0.2455025316069713
14426,24,17,11727.94,9.3698145709828,2.8903717578961645,-0.8471773074765234,1.6565606001831652,1.8254534261932034
14427,50,4,1263.52,7.142447882513212,1.6094379124341003,-0.7229661077176863,0.07394609082159041,0.22042823101428954
14428,7,5,1244.83,7.127557253441968,1.791759469228055,-0.9283923227034554,0.2992073267345332,0.2096981455931815
14429,404,1,516.28,6.248584313977123,0.6931471805599453,0.9682171505372489,-1.058145946714099,-0.4236837403013597
14430,512,3,1220.9,7.108162303322477,1.3862943611198906,1.4841713649201105,-0.20175138038774237,0.19572227724506897
14431,303,4,2614.2,7.869095855410001,1.6094379124341003,0.48570441301253575,0.07394609082159041,0.7440457882681344
14432,10,6,2255.51,7.72157465089916,1.9459101490553132,-0.9140602611928204,0.48966298795922886,0.6377430176966087
14433,466,1,289.6,5.671947751136183,0.6931471805599453,1.2644130884237066,-1.058145946714099,-0.8392041019069265
14434,22,6,1372.8,7.225335901779781,1.9459101490553132,-0.8567320151502801,0.48966298795922886,0.2801567705448543
14435,502,1,90.42,4.515464272903598,0.6931471805599453,1.436397826551327,-1.058145946714099,-1.6725581831995842
14436,99,2,271.70000000000005,5.608372289851543,1.0986122886681098,-0.48887576971064733,-0.5571872395918231,-0.8850161442999462
14437,366,5,958.84,6.866766603904783,1.791759469228055,0.7866777047358717,0.2992073267345332,0.021774187970444073
14438,306,1,131.9,4.8895969657192,0.6931471805599453,0.5000364745231708,-1.058145946714099,-1.4029607247219373
14439,320,5,9443.04,9.15313913368987,1.791759469228055,0.5669194282394676,0.2992073267345332,1.6693185886597777
14440,8,13,6638.7300000000005,8.80082657899313,2.6390573296152584,-0.923614968866577,1.3460575542855853,1.4154445724084852
14441,1,11,4611.6900000000005,8.436566479912322,2.4849066497880004,-0.9570564457247255,1.15560189306089,1.1529612374239027
14442,205,7,5367.0199999999995,8.58821440442699,2.0794415416798357,0.017523736998457606,0.654643185938614,1.2622376941935198
14443,54,5,2386.47,7.777989506830913,1.791759469228055,-0.703856692370173,0.2992073267345332,0.6783951768680593
14444,456,1,132.04,4.890649834884672,0.6931471805599453,1.216639550054923,-1.058145946714099,-1.402202034405449
14445,456,1,221.65,5.405601031767711,0.6931471805599453,1.216639550054923,-1.058145946714099,-1.0311317254332408
14446,1,5,1241.31,7.12472782877268,1.791759469228055,-0.9570564457247255,0.2992073267345332,0.2076592815365457
14447,19,6,1711.73,7.445843867687404,1.9459101490553132,-0.8710640766609151,0.48966298795922886,0.4390533019743355
14448,9,2,375.35,5.930519561480541,1.0986122886681098,-0.9188376150296986,-0.5571872395918231,-0.6528790246243567
14449,19,8,2482.8,7.817544924513932,2.1972245773362196,-0.8710640766609151,0.8001660338568091,0.7068985401964804
14450,181,7,1128.44,7.029477213647162,2.0794415416798357,-0.09713275508662275,0.654643185938614,0.13902234001983999
14451,60,12,3308.77,8.104633979551982,2.5649493574615367,-0.6751925693489029,1.2544959545938104,0.9137729488789501
14452,11,4,665.59,6.502175164260966,1.6094379124341003,-0.909282907355942,0.07394609082159041,-0.2409479087566789
14453,190,1,119.93,4.795211865797184,0.6931471805599453,-0.05413657055471762,-1.058145946714099,-1.4709739819052
14454,376,5,977.3,6.885816371463383,1.791759469228055,0.8344512431046551,0.2992073267345332,0.035501320127054765
14455,432,4,628.21,6.444465064255539,1.6094379124341003,1.1019830579698426,0.07394609082159041,-0.28253341194504183
14456,5,9,3062.4,8.027280689230453,2.302585092994046,-0.937947030377212,0.9303406571479473,0.8580326971553559
14457,311,1,113.64,4.741796783519916,0.6931471805599453,0.5239232437075625,-1.058145946714099,-1.5094645247068776
14458,381,1,237.42,5.474033824289855,0.6931471805599453,0.8583380122890469,-1.058145946714099,-0.9818195233862753
14459,155,2,5375.741,8.589837707526067,1.0986122886681098,-0.2213439548454598,-0.5571872395918231,1.2634074352994265
14460,110,9,1093.5,6.9980529169629175,2.302585092994046,-0.4363248775049855,0.9303406571479473,0.11637820684675898
14461,148,13,6713.5,8.81202464602123,2.6390573296152584,-0.25478543170360823,1.3460575542855853,1.4235138228872886
14462,66,12,2270.01,7.727979945442407,2.5649493574615367,-0.6465284463276328,1.2544959545938104,0.64235862911689
14463,98,4,786.5699999999999,6.668952255638294,1.6094379124341003,-0.49365312354752566,0.07394609082159041,-0.12076947786563004
14464,568,2,111.0,4.718498871295094,1.0986122886681098,1.751703179785298,-0.5571872395918231,-1.5262528408424663
14465,247,11,3946.03,8.280718676343362,2.4849066497880004,0.21817259814734824,1.15560189306089,1.040658376545012
14466,29,13,4646.9,8.444170783670355,2.6390573296152584,-0.8232905382921317,1.3460575542855853,1.1584408466802583
14467,18,12,2220.9900000000002,7.706158469739403,2.5649493574615367,-0.8758414304977935,1.2544959545938104,0.6266342230365552
14468,734,1,204.24,5.324180026073764,0.6931471805599453,2.544743916707104,-1.058145946714099,-1.0898031450212669
14469,416,4,2112.21,7.655963397438722,1.6094379124341003,1.0255453965797892,0.07394609082159041,0.5904639973914119
14470,12,3,712.04,6.569537519822462,1.3862943611198906,-0.9045055535190636,-0.20175138038774237,-0.19240705625919952
14471,591,2,400.95,5.99632770277397,1.0986122886681098,1.8615823180335,-0.5571872395918231,-0.6054581282938917
14472,104,9,2228.22,7.709407027483593,2.302585092994046,-0.4649890005262556,0.9303406571479473,0.6289751115190891
14473,74,2,234.34000000000003,5.461031277035783,1.0986122886681098,-0.608309615632606,-0.5571872395918231,-0.9911890699689397
14474,46,2,1278.08,7.153896348489046,1.0986122886681098,-0.7420755230651997,-0.5571872395918231,0.2286779172615003
14475,72,4,1151.15,7.0493850411128,1.6094379124341003,-0.6178643233063628,0.07394609082159041,0.15336778427427408
14476,257,1,215.7,5.378513908542313,0.6931471805599453,0.2659461365161317,-1.058145946714099,-1.0506505210885495
14477,20,7,1969.6,7.586093343888374,2.0794415416798357,-0.8662867228240368,0.654643185938614,0.5401161148818366
14478,382,4,1276.66,7.152785558853802,1.6094379124341003,0.8631153661259252,0.07394609082159041,0.2278774898508097
14479,254,4,1299.11,7.170204155254564,1.6094379124341003,0.25161407500549665,0.07394609082159041,0.2404292112322068
14480,11,4,1299.52,7.170519463470955,1.6094379124341003,-0.909282907355942,0.07394609082159041,0.24065642017547323
14481,165,5,2311.4900000000002,7.746080145052906,1.791759469228055,-0.17357041647667631,0.2992073267345332,0.655401509107422
14482,18,12,4357.91,8.37997730508787,2.5649493574615367,-0.8758414304977935,1.2544959545938104,1.1121834652511324
14483,282,2,257.1,5.553347106724568,1.0986122886681098,0.3853799824380904,-0.5571872395918231,-0.9246669147569695
14484,50,4,1070.98,6.977262684740291,1.6094379124341003,-0.7229661077176863,0.07394609082159041,0.10139690776220456
14485,39,1,165.75,5.1164956847957335,0.6931471805599453,-0.7755169999233482,-1.058145946714099,-1.239459060287024
14486,512,2,175.5,5.173320876373351,1.0986122886681098,1.4841713649201105,-0.5571872395918231,-1.1985112160568436
14487,27,7,1453.61,7.282493102439006,2.0794415416798357,-0.8328452459658884,0.654643185938614,0.3213438582475023
14488,68,1,1064.28,6.97099295438666,0.6931471805599453,-0.6369737386538761,-1.058145946714099,0.09687898296937697
14489,207,4,1574.93,7.362600853187739,1.6094379124341003,0.0270784446722143,0.07394609082159041,0.37906895530782114
14490,406,2,1273.47,7.150285684896527,1.0986122886681098,0.9777718582110057,-0.5571872395918231,0.22607609778233329
14491,175,2,468.13,6.150879915538542,1.0986122886681098,-0.12579687810789283,-0.5571872395918231,-0.4940888612836936
14492,430,7,1921.91,7.561594942621463,2.0794415416798357,1.0924283502960859,0.654643185938614,0.5224627345567445
14493,7,10,5130.15,8.54308508458209,2.3978952727983707,-0.9283923227034554,1.0480979277381186,1.2297178151061112
14494,26,3,401.46,5.997595713038222,1.3862943611198906,-0.8376225998027668,-0.20175138038774237,-0.6045444087737041
14495,51,3,174.8,5.169346985251076,1.3862943611198906,-0.718188753880808,-0.20175138038774237,-1.2013747748086052
14496,312,7,2668.23,7.889545320288934,2.0794415416798357,0.5287005975444409,0.654643185938614,0.7587815327364892
14497,309,2,697.0600000000001,6.54830505895342,1.0986122886681098,0.5143685360338058,-0.5571872395918231,-0.20770702228045576
14498,43,10,3911.27,8.271873047177955,2.3978952727983707,-0.7564075845758348,1.0480979277381186,1.0342842766937466
14499,26,7,2138.9700000000003,7.668547089226045,2.0794415416798357,-0.8376225998027668,0.654643185938614,0.5995317195907134
14500,88,3,356.85,5.880113904184607,1.3862943611198906,-0.5414266619163092,-0.20175138038774237,-0.6892009963761722
14501,184,2,251.21,5.530262073815315,1.0986122886681098,-0.08280069357598771,-0.5571872395918231,-0.9413018315143643
14502,20,11,2470.67,7.81264931452068,2.4849066497880004,-0.8662867228240368,1.15560189306089,0.7033707971330615
14503,3,6,3543.26,8.173084672465158,1.9459101490553132,-0.9475017380509687,0.48966298795922886,0.9630980498252114
14504,47,4,673.26,6.513615793203887,1.6094379124341003,-0.7372981692283215,0.07394609082159041,-0.23270386982176136
14505,17,19,12001.84,9.392898567435667,2.995732273553991,-0.8806187843346719,1.7867352234743035,1.8420875960872178
14506,17,7,3290.67,8.099150313758928,2.0794415416798357,-0.8806187843346719,0.654643185938614,0.9098214568299061
14507,24,11,3284.43,8.09725282037362,2.4849066497880004,-0.8471773074765234,1.15560189306089,0.908454136079861
14508,22,5,874.94,6.775297595439944,1.791759469228055,-0.8567320151502801,0.2992073267345332,-0.04413775366183971
14509,534,1,110.95,4.718052343044764,0.6931471805599453,1.5892731493314343,-1.058145946714099,-1.5265746060443293
14510,376,3,1007.28,6.916001187835988,1.3862943611198906,0.8344512431046551,-0.20175138038774237,0.05725229226858768
14511,11,5,1314.81,7.182207724562218,1.791759469228055,-0.909282907355942,0.2992073267345332,0.24907890114208828
14512,188,7,1223.47,7.110263376296262,2.0794415416798357,-0.06369127822847431,0.654643185938614,0.19723629605359877
14513,101,6,788.01,6.670778995036786,1.9459101490553132,-0.4793210620368906,0.48966298795922886,-0.11945314195435702
14514,61,9,4598.9800000000005,8.433807234641648,2.302585092994046,-0.6704152155120245,0.9303406571479473,1.1509729441617127
14515,18,12,3749.2599999999998,8.229580449894346,2.5649493574615367,-0.8758414304977935,1.2544959545938104,1.0038085204740161
14516,516,1,163.92,5.105460507838699,0.6931471805599453,1.503280780267624,-1.058145946714099,-1.247410933295176
14517,33,2,330.45,5.8034769686874,1.0986122886681098,-0.8041811229446183,-0.5571872395918231,-0.7444250477149453
14518,64,1,174.37,5.166898027681201,0.6931471805599453,-0.6560831540013895,-1.058145946714099,-1.2031394768767116
14519,684,2,206.09,5.333153481383494,1.0986122886681098,2.3058762248631863,-0.5571872395918231,-1.0833369345250394
14520,2,2,270.6,5.604330395684541,1.0986122886681098,-0.9522790918878471,-0.5571872395918231,-0.8879287055804338
14521,491,1,199.45000000000002,5.300564839088516,0.6931471805599453,1.3838469343456652,-1.058145946714099,-1.1068200871782978
14522,24,8,1758.6200000000001,7.472853155629565,2.1972245773362196,-0.8471773074765234,0.8001660338568091,0.458516010057124
14523,108,1,241.09,5.489309557845162,0.6931471805599453,-0.44587958517874215,-1.058145946714099,-0.9708119343089903
14524,32,13,2933.71,7.984363919884673,2.6390573296152584,-0.8089584767814967,1.3460575542855853,0.8271071668184594
14525,20,17,8240.64,9.016954632226062,2.8903717578961645,-0.8662867228240368,1.6565606001831652,1.5711849687336956
14526,389,1,262.4,5.573673789309181,0.6931471805599453,0.8965568429840737,-1.058145946714099,-0.9100196463697763
14527,3,122,27792.3,10.232550263437583,4.812184355372417,-0.9475017380509687,4.030991185973982,2.4471348629940204
14528,37,1,364.21999999999997,5.900499911733888,0.6931471805599453,-0.7850717075971049,-1.058145946714099,-0.6745109788253638
14529,60,3,620.04,6.431395492097425,1.3862943611198906,-0.6751925693489029,-0.20175138038774237,-0.29195125621494705
14530,26,16,6197.4,8.732046473212677,2.833213344056216,-0.8376225998027668,1.5859404542672264,1.3658820988040383
14531,480,1,376.34,5.933146637783467,0.6931471805599453,1.3312960421400033,-1.058145946714099,-0.6509859714159731
14532,236,11,3859.1800000000003,8.258469093495986,2.4849066497880004,0.1656217059416864,1.15560189306089,1.024625479385723
14533,25,11,3466.37,8.151151660498439,2.4849066497880004,-0.842399953639645,1.15560189306089,0.9472932714764188
14534,3,26,6271.11,8.743868100141757,3.295836866004329,-0.9475017380509687,2.1575193073054413,1.374400682280842
14535,60,9,6030.7300000000005,8.704789147412766,2.302585092994046,-0.6751925693489029,0.9303406571479473,1.34624065633813
14536,260,1,171.8,5.152134856369956,0.6931471805599453,0.28027819802676673,-1.058145946714099,-1.2137777171080821
14537,58,2,641.4,6.465211162632552,1.0986122886681098,-0.6847472770226596,-0.5571872395918231,-0.2675839154076552
14538,65,5,1370.8400000000001,7.223908183409613,1.791759469228055,-0.6513058001645111,0.2992073267345332,0.2791279664563302
14539,16,2,537.48,6.288750355702458,1.0986122886681098,-0.8853961381715503,-0.5571872395918231,-0.3947403654661789
14540,10,11,3795.34,8.241792723685128,2.4849066497880004,-0.9140602611928204,1.15560189306089,1.0126086014064
14541,59,14,2499.68,7.824317973870999,2.70805020110221,-0.6799699231857812,1.4312993642702228,0.7117791532192745
14542,186,1,103.25,4.646791860678911,0.6931471805599453,-0.07324598590223101,-1.058145946714099,-1.5779244220444886
14543,29,39,14906.77,9.609637832521994,3.6888794541139363,-0.8232905382921317,2.6431297898006605,1.998268427491829
14544,24,3,2982.43,8.000828924310488,1.3862943611198906,-0.8471773074765234,-0.20175138038774237,0.8389717363475666
14545,674,1,349.25,5.858647185217117,0.6931471805599453,2.258102686494403,-1.058145946714099,-0.7046697671802828
14546,5,11,5197.9,8.556202343730565,2.4849066497880004,-0.937947030377212,1.15560189306089,1.239170022294977
14547,4,8,4007.54,8.29618236422828,2.1972245773362196,-0.9427243842140904,0.8001660338568091,1.0518014042261563
14548,151,9,2627.49,7.874164815801058,2.302585092994046,-0.2404533701929732,0.9303406571479473,0.7476984464420791
14549,311,4,916.5500000000001,6.821707074356683,1.6094379124341003,0.5239232437075625,0.07394609082159041,-0.010695400706623146
14550,11,4,1353.31,7.21104737852242,1.6094379124341003,-0.909282907355942,0.07394609082159041,0.2698605584533818
14551,18,7,880.04,6.781103027856688,2.0794415416798357,-0.8758414304977935,0.654643185938614,-0.039954398785420196
14552,152,3,511.28000000000003,6.238871350557871,1.3862943611198906,-0.23567601635609486,-0.20175138038774237,-0.4306828352812982
14553,19,9,1841.54,7.518900333461491,2.302585092994046,-0.8710640766609151,0.9303406571479473,0.49169729132963236
14554,10,4,2381.04,7.775712542385502,1.6094379124341003,-0.9140602611928204,0.07394609082159041,0.6767544118685962
14555,57,6,2315.63,7.747868822427345,1.9459101490553132,-0.689524630859538,0.48966298795922886,0.6566904177845982
14556,596,3,835.34,6.72903522896985,1.3862943611198906,1.8854690872178919,-0.20175138038774237,-0.07747409839460535
14557,85,1,788.38,6.671247827209794,0.6931471805599453,-0.5557587234269442,-1.058145946714099,-0.11911530469842409
14558,654,3,655.5,6.486922693742851,1.3862943611198906,2.162555609756836,-0.20175138038774237,-0.2519387346485393
14559,390,1,75.6,4.338597076746545,0.6931471805599453,0.9013341968209521,-1.058145946714099,-1.800007474554377
14560,7,44,6114.03,8.718504954078167,3.8066624897703196,-0.9283923227034554,2.7886526377188545,1.3561241727721918
14561,76,3,1080.76,6.986344623342368,1.3862943611198906,-0.5987549079588493,-0.20175138038774237,0.10794129057661095
14562,4,26,6729.400000000001,8.814389856236604,3.295836866004329,-0.9427243842140904,2.1575193073054413,1.4252181771847738
14563,510,2,679.44,6.522739647741382,1.0986122886681098,1.474616657246354,-0.5571872395918231,-0.22612928267109855
14564,435,2,2605.62,7.86580964189769,1.0986122886681098,1.1163151194804777,-0.5571872395918231,0.7416777652967481
14565,96,5,3859.2200000000003,8.258479455653386,1.791759469228055,-0.5032078312212823,0.2992073267345332,1.0246329462854438
14566,111,4,4092.0,8.317033476492403,1.6094379124341003,-0.4315475236681071,0.07394609082159041,1.0668265730520479
14567,57,2,1530.3600000000001,7.3339115084475965,1.0986122886681098,-0.689524630859538,-0.5571872395918231,0.3583956097920271
14568,435,1,919.7,6.8251342502938,0.6931471805599453,1.1163151194804777,-1.058145946714099,-0.008225801176443073
14569,1,4,598.98,6.396896321327245,1.6094379124341003,-0.9570564457247255,0.07394609082159041,-0.3168111226148371
14570,281,3,613.75,6.421215681096302,1.3862943611198906,0.3806026286012121,-0.20175138038774237,-0.29928675836802465
14571,425,1,161.65,5.091600652919361,0.6931471805599453,1.0685415811116943,-1.058145946714099,-1.2573982499153893
14572,3,11,5615.18,8.633406996474067,2.4849066497880004,-0.9475017380509687,1.15560189306089,1.2948031667968827
14573,180,13,2621.42,7.871852834562069,2.6390573296152584,-0.10191010892350111,1.3460575542855853,0.7460324485807621
14574,733,1,143.70000000000002,4.974662633637438,0.6931471805599453,2.5399665628702257,-1.058145946714099,-1.3416629864733216
14575,488,1,460.71,6.134936988364375,0.6931471805599453,1.3695148728350302,-1.058145946714099,-0.5055772255175244
14576,372,1,70.80000000000001,4.273884476054179,0.6931471805599453,0.8153418277571418,-1.058145946714099,-1.8466389318238425
14577,13,7,1374.25,7.226390811755567,2.0794415416798357,-0.8997281996821853,0.654643185938614,0.28091693145529056
14578,3,1,168.63,5.133619594507631,0.6931471805599453,-0.9475017380509687,-1.058145946714099,-1.2271196881172584
14579,432,1,105.56,4.668708206792079,0.6931471805599453,1.1019830579698426,-1.058145946714099,-1.5621316529957308
14580,518,1,14.850000000000001,2.76316950032329,0.6931471805599453,1.5128354879413806,-1.058145946714099,-2.9352498064204275
14581,17,2,433.8,6.0748861552470546,1.0986122886681098,-0.8806187843346719,-0.5571872395918231,-0.5488494449700869
14582,41,1,114.11,4.74588819292697,0.6931471805599453,-0.7659622922495916,-1.058145946714099,-1.5065162830832115
14583,6,8,1781.03,7.485508442905882,2.1972245773362196,-0.9331696765403337,0.8001660338568091,0.46763532347590925
14584,169,8,1747.91,7.466748015718609,2.1972245773362196,-0.15446100112916294,0.8001660338568091,0.4541166880110939
14585,50,5,1143.27,7.042522158078838,1.791759469228055,-0.7229661077176863,0.2992073267345332,0.14842243771858693
14586,277,1,237.36,5.473782135878778,0.6931471805599453,0.3614932132536987,-1.058145946714099,-0.9820008883331448
14587,19,9,1601.14,7.379095514571502,2.302585092994046,-0.8710640766609151,0.9303406571479473,0.39095489543790163
14588,578,1,135.39,4.915518428938784,0.6931471805599453,1.7994767181540816,-1.058145946714099,-1.3842818956909069
14589,372,1,79.5,4.388257184424518,0.6931471805599453,0.8153418277571418,-1.058145946714099,-1.7642227407559161
14590,425,20,3006.62,8.008904347302217,3.044522437723423,1.0685415811116943,1.8470162614078611,0.8447908309001376
14591,15,4,1447.14,7.278035253354833,1.6094379124341003,-0.8901734920084285,0.07394609082159041,0.31813156269983056
14592,35,3,570.46,6.3481944895342695,1.3862943611198906,-0.7946264152708616,-0.20175138038774237,-0.3519053293674753
14593,22,12,3712.0099999999998,8.219598147413421,2.5649493574615367,-0.8567320151502801,1.2544959545938104,0.9966153416091612
14594,7,2,634.83,6.454931232012803,1.0986122886681098,-0.9283923227034554,-0.5571872395918231,-0.2749915630728562
14595,20,8,2164.45,7.680383471032311,2.1972245773362196,-0.8662867228240368,0.8001660338568091,0.6080609353310577
14596,627,1,229.47,5.4401207021224,0.6931471805599453,2.0335670561611208,-1.058145946714099,-1.0062570871730205
14597,11,6,2201.54,7.697366518825899,1.9459101490553132,-0.909282907355942,0.48966298795922886,0.6202988033663231
14598,44,2,384.04,5.953347224994854,1.0986122886681098,-0.7516302307389565,-0.5571872395918231,-0.6364295664919314
14599,390,2,474.54,6.164451000424257,1.0986122886681098,0.9013341968209521,-0.5571872395918231,-0.48430963037382907
14600,306,2,865.1700000000001,6.764081194147044,1.0986122886681098,0.5000364745231708,-0.5571872395918231,-0.0522202156864067
14601,11,1,213.96,5.370451964307236,0.6931471805599453,-0.909282907355942,-1.058145946714099,-1.0564599029413047
14602,656,1,205.35999999999999,5.329622216376449,0.6931471805599453,2.1721103174305925,-1.058145946714099,-1.0858815399267912
14603,275,1,660.0,6.493753839851686,0.6931471805599453,0.351938505579942,-1.058145946714099,-0.2470162575039419
14604,633,1,143.85999999999999,4.97576775876718,0.6931471805599453,2.062231179182391,-1.058145946714099,-1.3408666408665368
14605,374,4,937.16,6.843920510152809,1.6094379124341003,0.8248965354308985,0.07394609082159041,0.005311449134867129
14606,1,192,30861.06,10.337282876767683,5.262690188904886,-0.9570564457247255,4.587598438742236,2.52260446753733
14607,16,22,24137.63,10.091568740762675,3.1354942159291497,-0.8853961381715503,1.9594133665673954,2.345544542406354
14608,4,11,3352.94,8.117891053135486,2.4849066497880004,-0.9427243842140904,1.15560189306089,0.9233259053930314
14609,72,10,1486.2,7.304650436407234,2.3978952727983707,-0.6178643233063628,1.0480979277381186,0.33731028149568104
14610,396,2,24.35,3.232778730037192,1.0986122886681098,0.9299983198422221,-0.5571872395918231,-2.5968526087424544
14611,444,2,604.3299999999999,6.405773763870038,1.0986122886681098,1.1593113040123828,-0.5571872395918231,-0.3104140982615068
14612,415,1,877.7,6.7784435425017975,0.6931471805599453,1.0207680427429107,-1.058145946714099,-0.04187080573489385
14613,680,1,76.32000000000001,4.34795265434013,0.6931471805599453,2.2867668095156732,-1.058145946714099,-1.7932659093550376
14614,386,1,295.13,5.690798547097907,0.6931471805599453,0.8822247814734386,-1.058145946714099,-0.8256203473215815
14615,394,5,951.76,6.859363035631714,1.791759469228055,0.9204436121684655,0.2992073267345332,0.01643922733104054
14616,243,5,527.78,6.270572466339624,1.791759469228055,0.19906318279983484,0.2992073267345332,-0.4078392281606594
14617,403,2,190.47000000000003,5.254731138385114,1.0986122886681098,0.9634397967003706,-0.5571872395918231,-1.1398475382926876
14618,9,7,1342.32,7.202899440665048,2.0794415416798357,-0.9188376150296986,0.654643185938614,0.2639892101848036
14619,246,2,1291.24,7.164132425605502,1.0986122886681098,0.21339524431046988,-0.5571872395918231,0.23605396439229176
14620,206,2,412.78000000000003,6.0253344316155975,1.0986122886681098,0.022301090835335952,-0.5571872395918231,-0.5845560779662358
14621,1,9,3000.57,8.006890764092448,2.302585092994046,-0.9570564457247255,0.9303406571479473,0.8433398566169189
14622,185,1,320.58000000000004,5.773246346316266,0.6931471805599453,-0.07802333973910935,-1.058145946714099,-0.7662090273455956
14623,32,10,2059.58,7.6307427755529655,2.3978952727983707,-0.8089584767814967,1.0480979277381186,0.5722901898301015
14624,57,6,814.07,6.703273999123117,1.9459101490553132,-0.689524630859538,0.48966298795922886,-0.09603746435353999
14625,196,11,4497.88,8.411583755891543,2.4849066497880004,-0.025472447533447528,1.15560189306089,1.1349588574363028
14626,24,11,5410.92,8.596359207215423,2.4849066497880004,-0.8471773074765234,1.15560189306089,1.2681067833528714
14627,379,1,462.75,6.139345613921645,0.6931471805599453,0.8487833046152902,-1.058145946714099,-0.5024004001065322
14628,91,5,1998.0,7.6004023345004,1.791759469228055,-0.5270946004056741,0.2992073267345332,0.5504270756090351
14629,4,2,959.01,6.8669437010742955,1.0986122886681098,-0.9427243842140904,-0.5571872395918231,0.02190180297902509
14630,484,1,338.65,5.8279156756373105,0.6931471805599453,1.3504054574875168,-1.058145946714099,-0.7268146827062315
14631,51,6,2025.69,7.614159199383722,1.9459101490553132,-0.718188753880808,0.48966298795922886,0.5603401783139945
14632,263,1,114.56,4.749789875598035,0.6931471805599453,0.29461025953740183,-1.058145946714099,-1.503704757247313
14633,266,1,344.90000000000003,5.846149715943123,0.6931471805599453,0.30894232104803687,-1.058145946714099,-0.7136753580264475
14634,438,4,2124.46,7.661743528520375,1.6094379124341003,1.1306471809911127,0.07394609082159041,0.5946291202988866
14635,454,1,215.22,5.376296407864626,0.6931471805599453,1.2070848423811664,-1.058145946714099,-1.052248436903866
14636,36,2,609.85,6.414851429850069,1.0986122886681098,-0.7898490614339833,-0.5571872395918231,-0.303872794269312
14637,677,1,106.67999999999999,4.679163865896418,0.6931471805599453,2.272434748005038,-1.058145946714099,-1.554597376586939
14638,51,1,443.6,6.097175001530096,0.6931471805599453,-0.718188753880808,-1.058145946714099,-0.5327882548477134
14639,52,9,4978.96,8.513177137857927,2.302585092994046,-0.7134114000439297,0.9303406571479473,1.2081663533387927
14640,24,10,3667.06,8.207418190930683,2.3978952727983707,-0.8471773074765234,1.0480979277381186,0.9878385483078259
14641,22,1,110.46,4.7136657821413905,0.6931471805599453,-0.8567320151502801,-1.058145946714099,-1.5297355318166992
14642,59,1,96.12,4.575947327311188,0.6931471805599453,-0.6799699231857812,-1.058145946714099,-1.6289745080426838
14643,170,5,1679.89,7.4270786940277675,1.791759469228055,-0.1496836472922846,0.2992073267345332,0.42553124623401284
14644,68,7,2247.72,7.718116444430896,2.0794415416798357,-0.6369737386538761,0.654643185938614,0.6352510577780072
14645,157,3,876.89,6.777521301048287,1.3862943611198906,-0.2117892471717031,-0.20175138038774237,-0.042535366615949324
14646,2,151,528602.52,13.177993940229662,5.0238805208462765,-0.9522790918878471,4.292545226599931,4.569601422588638
14647,201,2,519.97,6.2556924585215885,1.0986122886681098,-0.0015856783490557876,-0.5571872395918231,-0.4185616599793809
14648,416,15,4546.86,8.422412071634975,2.772588722239781,1.0255453965797892,1.5110377522649707,1.1427616676693593
14649,5,9,3775.31,8.236502621353207,2.302585092994046,-0.937947030377212,0.9303406571479473,1.00879658986301
14650,589,1,62.5,4.151039905898646,0.6931471805599453,1.8520276103597433,-1.058145946714099,-1.9351598885263188
14651,67,9,2034.1200000000001,7.618310064197116,2.302585092994046,-0.6417510924907545,0.9303406571479473,0.5633312630966519
14652,77,1,114.18,4.7464961220785264,0.6931471805599453,-0.593977554121971,-1.058145946714099,-1.506078213496294
14653,1,12,3614.54,8.192996501030505,2.5649493574615367,-0.9570564457247255,1.2544959545938104,0.9774463772447183
14654,738,1,246.86,5.512864070636728,0.6931471805599453,2.563853332054617,-1.058145946714099,-0.9538387135607694
14655,8,7,3878.51,8.26346413598244,2.0794415416798357,-0.923614968866577,0.654643185938614,1.0282248728233867
14656,169,5,814.65,6.703985341382312,1.791759469228055,-0.15446100112916294,0.2992073267345332,-0.09552487598885176
14657,18,6,1460.8700000000001,7.287471717067524,1.9459101490553132,-0.8758414304977935,0.48966298795922886,0.3249314138831426
14658,5,2,247.15,5.51403340203345,1.0986122886681098,-0.937947030377212,-0.5571872395918231,-0.9529961013573242
14659,9,9,2529.93,7.836342103110113,2.302585092994046,-0.9188376150296986,0.9303406571479473,0.7204436584750865
14660,87,2,285.74,5.6585758818181215,1.0986122886681098,-0.5462040157531874,-0.5571872395918231,-0.8488397794418522
14661,27,1,107.95,4.690889061390629,0.6931471805599453,-0.8328452459658884,-1.058145946714099,-1.5461482809422797
14662,29,7,1416.33,7.2565300989565324,2.0794415416798357,-0.8232905382921317,0.654643185938614,0.30263509558726853
14663,430,2,490.6,6.19766537769188,1.0986122886681098,1.0924283502960859,-0.5571872395918231,-0.46037557738081136
14664,20,2,637.89,6.459732295584099,1.0986122886681098,-0.8662867228240368,-0.5571872395918231,-0.27153194951417414
14665,61,7,2749.65,7.919592526367497,2.0794415416798357,-0.6704152155120245,0.654643185938614,0.7804333438417197
14666,24,1,195.25,5.279389356662517,0.6931471805599453,-0.8471773074765234,-1.058145946714099,-1.1220789949233658
14667,11,54,21927.14,9.995526022493433,4.007333185232471,-0.909282907355942,3.0365845316001647,2.2763368167841667
14668,445,1,111.63,4.724108110059605,0.6931471805599453,1.1640886578492613,-1.058145946714099,-1.522210861769411
14669,242,7,3243.93,8.084849057256829,2.0794415416798357,0.19428582896295649,0.654643185938614,0.8995160692494009
14670,280,3,602.0,6.401917196727186,1.3862943611198906,0.37582527476433375,-0.20175138038774237,-0.313193114156474
14671,549,2,1127.45,7.02860028867434,1.0986122886681098,1.6609334568846095,-0.5571872395918231,0.13839043388469544
14672,235,4,1113.14,7.015838085840559,1.6094379124341003,0.16084435210480805,0.07394609082159041,0.1291940778467604
14673,3,7,3410.81,8.134998221246287,2.0794415416798357,-0.9475017380509687,0.654643185938614,0.9356532136795995
14674,509,1,173.66,5.162841226985587,0.6931471805599453,1.4698393034094754,-1.058145946714099,-1.206062779699721
14675,16,2,1066.9,6.9734493821775,1.0986122886681098,-0.8853961381715503,-0.5571872395918231,0.09864906802759622
14676,31,12,8356.79,9.030949317064065,2.5649493574615367,-0.813735830618375,1.2544959545938104,1.5812694428707392
14677,593,1,184.91,5.225262685642126,0.6931471805599453,1.8711370257072568,-1.058145946714099,-1.161082303704364
14678,579,1,403.39,6.0023797588484875,0.6931471805599453,1.8042540719909599,-1.058145946714099,-0.6010970580971783
14679,382,3,1289.44,7.1627385244706785,1.3862943611198906,0.8631153661259252,-0.20175138038774237,0.23504952877216584
14680,25,58,57412.77,10.958039449007725,4.07753744390572,-0.842399953639645,3.1233230300705346,2.9699174060291686
14681,71,6,875.1500000000001,6.775537309154428,1.9459101490553132,-0.622641677143241,0.48966298795922886,-0.04396501759939913
14682,188,6,1514.81,7.323705228532576,1.9459101490553132,-0.06369127822847431,0.48966298795922886,0.3510410343207061
14683,588,1,146.56,4.994234872728475,0.6931471805599453,1.847250256522865,-1.058145946714099,-1.3275593649053954
14684,26,6,1468.55,7.292711510458761,1.9459101490553132,-0.8376225998027668,0.48966298795922886,0.32870717314810977
14685,576,8,4619.79,8.438320965128687,2.1972245773362196,1.7899220104803248,0.8001660338568091,1.1542255074659267
14686,414,5,885.83,6.7876533066692755,1.791759469228055,1.0159906889060324,0.2992073267345332,-0.035234312692693115
14687,107,3,1402.06,7.246410844690537,1.3862943611198906,-0.45065693901562054,-0.20175138038774237,0.2953432302031706
14688,8,28,7713.57,8.950866027663936,3.367295829986474,-0.923614968866577,2.245808014503504,1.5235619724908498
14689,209,1,112.8,4.73444252169223,0.6931471805599453,0.036633152345971,-1.058145946714099,-1.5147639554591121
14690,44,4,794.33,6.678757122866132,1.6094379124341003,-0.7516302307389565,0.07394609082159041,-0.11370415763006607
14691,31,5,2114.33,7.656966107678013,1.791759469228055,-0.813735830618375,0.2992073267345332,0.5911865435289012
14692,137,12,1745.09,7.465134281462831,2.5649493574615367,-0.30733632390927007,1.2544959545938104,0.45295384214819456
14693,265,7,1165.36,7.061643067113544,2.0794415416798357,0.3041649672111585,0.654643185938614,0.1622008339361016
14694,617,1,244.31,5.5025227168419955,0.6931471805599453,1.9857935177923371,-1.058145946714099,-0.9612906223455817
14695,519,3,1620.07,7.390841704023542,1.3862943611198906,1.517612841778259,-0.20175138038774237,0.39941911918492273
14696,4,8,2767.9,7.92620540839821,2.1972245773362196,-0.9427243842140904,0.8001660338568091,0.7851985413850722
14697,218,2,188.60999999999999,5.2449693310461125,1.0986122886681098,0.07962933687787613,-0.5571872395918231,-1.146881829866988
14698,2,5,1250.76,7.132305839993802,1.791759469228055,-0.9522790918878471,0.2992073267345332,0.21311994457070776
14699,214,4,702.6,6.556210012863403,1.6094379124341003,0.06051992153036274,0.07394609082159041,-0.20201076658177317
14700,32,5,3116.26,8.04470968982728,1.791759469228055,-0.8089584767814967,0.2992073267345332,0.8705919157292482
14701,11,15,4562.09,8.425755304598768,2.772588722239781,-0.909282907355942,1.5110377522649707,1.145170778467334
14702,1,29,6754.22,8.81807081833176,3.4011973816621555,-0.9570564457247255,2.2876939305965793,1.4278706532839311
14703,15,1,318.17,5.765723876196384,0.6931471805599453,-0.8901734920084285,-1.058145946714099,-0.7716296678422379
14704,11,11,1813.57,7.503603804029702,2.4849066497880004,-0.909282907355942,1.15560189306089,0.4806747168860479
14705,199,1,179.0,5.19295685089021,0.6931471805599453,-0.011140386022812485,-1.058145946714099,-1.1843616671771733
14706,619,1,390.69,5.970470710603746,0.6931471805599453,1.9953482254660937,-1.058145946714099,-0.6240904999278895
14707,436,2,139.2,4.94306997460049,1.0986122886681098,1.121092473317356,-0.5571872395918231,-1.3644284404057585
14708,3,5,2212.2799999999997,7.702230857126505,1.791759469228055,-0.9475017380509687,0.2992073267345332,0.6238040122619947
14709,15,25,8886.33,9.092381945939806,3.258096538021482,-0.8901734920084285,2.110890520920167,1.6255373748920212
14710,14,13,1922.59,7.56194851080401,2.6390573296152584,-0.8949508458453069,1.3460575542855853,0.5227175133698331
14711,10,11,2868.8,7.961997619914306,2.4849066497880004,-0.9140602611928204,1.15560189306089,0.8109901640989678
14712,29,4,1328.0700000000002,7.192234728507507,1.6094379124341003,-0.8232905382921317,0.07394609082159041,0.2563042915762984
14713,9,21,5418.87,8.59782710890619,3.091042453358316,-0.9188376150296986,1.9044924940644754,1.2691645432672682
14714,24,4,906.24,6.810407023712235,1.6094379124341003,-0.8471773074765234,0.07394609082159041,-0.01883813988155379
14715,25,8,1840.45,7.5183085837380625,2.1972245773362196,-0.842399953639645,0.8001660338568091,0.49127088052791784
14716,43,3,565.45,6.339388815319498,1.3862943611198906,-0.7564075845758348,-0.20175138038774237,-0.35825063795470075
14717,733,1,81.3,4.410371107683024,0.6931471805599453,2.5399665628702257,-1.058145946714099,-1.7482875989681297
14718,410,1,226.42,5.426798528196577,0.6931471805599453,0.996881273558519,-1.058145946714099,-1.015856954548335
14719,2,5,1602.13,7.379713247262653,1.791759469228055,-0.9522790918878471,0.2992073267345332,0.391400029388371
14720,6,3,663.81,6.499501285546037,1.3862943611198906,-0.9331696765403337,-0.20175138038774237,-0.24287468746291088
14721,379,1,115.77,4.760206188087624,0.6931471805599453,0.8487833046152902,-1.058145946714099,-1.4961988337398846
14722,147,3,513.37,6.24294285084946,1.3862943611198906,-0.2595627855404866,-0.20175138038774237,-0.42774894003000974
14723,10,11,2093.06,7.646860044315114,2.4849066497880004,-0.9140602611928204,1.15560189306089,0.5839041834193168
14724,590,1,345.25,5.847161057501548,0.6931471805599453,1.8568049641966218,-1.058145946714099,-0.7129465922194491
14725,25,4,1315.24,7.182534466078395,1.6094379124341003,-0.842399953639645,0.07394609082159041,0.2493143488429493
14726,655,1,124.75,4.8342958089798485,0.6931471805599453,2.167332963593714,-1.058145946714099,-1.4428103598757176
14727,274,3,467.92999999999995,6.1504535035754895,1.3862943611198906,0.3471611517430636,-0.20175138038774237,-0.49439613082658806
14728,413,1,190.58,5.255305475954746,0.6931471805599453,1.0112133350691541,-1.058145946714099,-1.1394336745698577
14729,374,3,907.38,6.811662793256315,1.3862943611198906,0.8248965354308985,-0.20175138038774237,-0.017933240940566694
14730,1,8,2005.06,7.60392787834377,2.1972245773362196,-0.9570564457247255,0.8001660338568091,0.5529675583793889
14731,47,3,380.02,5.942851867187289,1.3862943611198906,-0.7372981692283215,-0.20175138038774237,-0.6439924495146335
14732,8,19,5517.07,8.615783440452477,2.995732273553991,-0.923614968866577,1.7867352234743035,1.2821037529151325
14733,16,15,16184.97,9.691900096600328,2.772588722239781,-0.8853961381715503,1.5110377522649707,2.0575460521154185
14734,426,4,1056.42,6.963587257940615,1.6094379124341003,1.0733189349485726,0.07394609082159041,0.09154248878308902
14735,4,56,12240.16,9.412559322817637,4.04305126783455,-0.9427243842140904,3.0807148010694942,1.8562550018887267
14736,485,2,401.08,5.996651073795282,1.0986122886681098,1.355182811324395,-0.5571872395918231,-0.6052251093485678
14737,4,4,3554.17,8.176158161065873,1.6094379124341003,-0.9427243842140904,0.07394609082159041,0.9653127846808498
14738,43,9,1821.9,7.508183918538876,2.302585092994046,-0.7564075845758348,0.9303406571479473,0.483975116062386
14739,4,25,12287.5,9.4164191446638,3.258096538021482,-0.9427243842140904,2.110890520920167,1.8590363631006295
14740,197,11,4161.06,8.333765422995752,2.4849066497880004,-0.020695093696569182,1.15560189306089,1.078883499215702
14741,12,7,1897.59,7.548866784394956,2.0794415416798357,-0.9045055535190636,0.654643185938614,0.5132909108298648
14742,435,1,579.85,6.364492547959484,0.6931471805599453,1.1163151194804777,-1.058145946714099,-0.3401610599840891
14743,593,1,50.48,3.941193382727926,0.6931471805599453,1.8711370257072568,-1.058145946714099,-2.086373857269436
14744,16,14,3885.08,8.265156216447046,2.70805020110221,-0.8853961381715503,1.4312993642702228,1.0294441744282916
14745,113,12,2571.81,7.852753965793014,2.5649493574615367,-0.42199281599435046,1.2544959545938104,0.7322699344278677
14746,406,4,593.5,6.387720716130836,1.6094379124341003,0.9777718582110057,0.07394609082159041,-0.3234230009362145
14747,249,1,328.2,5.796665468802915,0.6931471805599453,0.22772730582110493,-1.058145946714099,-0.7493333679247037
14748,29,10,3152.32,8.056211145039065,2.3978952727983707,-0.8232905382921317,1.0480979277381186,0.8788797856573105
14749,480,1,310.15,5.740275111015227,0.6931471805599453,1.3312960421400033,-1.058145946714099,-0.7899678739011669
14750,736,1,112.03,4.72765327020264,0.6931471805599453,2.5542986243808605,-1.058145946714099,-1.5196562436277414
14751,684,2,126.45,4.847724130822124,1.0986122886681098,2.3058762248631863,-0.5571872395918231,-1.4331340030381137
14752,44,1,389.64,5.967786419753405,0.6931471805599453,-0.7516302307389565,-1.058145946714099,-0.6260247815476557
14753,87,2,869.51,6.769079246793036,1.0986122886681098,-0.5462040157531874,-0.5571872395918231,-0.04861865314837675
14754,45,6,1550.48,7.346964593054462,1.9459101490553132,-0.7468528769020781,0.48966298795922886,0.36780157324531754
14755,10,25,9972.550000000001,9.207691867783259,3.258096538021482,-0.9140602611928204,2.110890520920167,1.708628915575885
14756,15,3,2653.76,7.8841095341098955,1.3862943611198906,-0.8901734920084285,-0.20175138038774237,0.7548645424096936
14757,75,1,420.5,6.04381977744191,0.6931471805599453,-0.6035322617957277,-1.058145946714099,-0.5712356642479123
14758,145,7,2864.97,7.9606621407827385,2.0794415416798357,-0.2691174932142433,0.654643185938614,0.8100278269746418
14759,5,3,1625.97,7.394474668204541,1.3862943611198906,-0.937947030377212,-0.20175138038774237,0.4020370083155595
14760,297,1,89.2,4.502029427068578,0.6931471805599453,0.45704028999126567,-1.058145946714099,-1.6822392411817197
14761,59,3,447.92,6.1068446981480555,1.3862943611198906,-0.6799699231857812,-0.20175138038774237,-0.5258203376287373
14762,264,2,417.57,6.036844139980692,1.0986122886681098,0.29938761337428016,-0.5571872395918231,-0.576262260872369
14764,47,1,278.3,5.632286472951131,0.6931471805599453,-0.7372981692283215,-1.058145946714099,-0.8677837475887725
14765,29,3,254.11,5.541694824693056,1.3862943611198906,-0.8232905382921317,-0.20175138038774237,-0.9330634694593111
14766,8,11,6556.13,8.788308286207087,2.4849066497880004,-0.923614968866577,1.15560189306089,1.4064239762820208
14767,474,1,382.81,5.950147638471271,0.6931471805599453,1.3026319191187332,-1.058145946714099,-0.6387351666479767
14768,17,2,192.60000000000002,5.265794174842477,1.0986122886681098,-0.8806187843346719,-0.5571872395918231,-1.1318755899192243
14769,3,17,15771.88,9.666047288520918,2.8903717578961645,-0.9475017380509687,1.6565606001831652,2.0389166955086315
14770,232,8,3637.64,8.199365264441436,2.1972245773362196,0.146512290594173,0.8001660338568091,0.9820356645810129
14771,621,2,594.62,6.3896028798296856,1.0986122886681098,2.0049029331398507,-0.5571872395918231,-0.3220667266533393
14772,112,1,139.26,4.943497843108764,0.6931471805599453,-0.4267701698312288,-1.058145946714099,-1.3641201212863432
14773,593,1,140.55,4.952653011557909,0.6931471805599453,1.8711370257072568,-1.058145946714099,-1.3575229695452073
14774,529,1,241.45,5.490795503551361,0.6931471805599453,1.5653863801470425,-1.058145946714099,-0.9697411720005369
14775,58,3,1418.46,7.258031796579747,1.3862943611198906,-0.6847472770226596,-0.20175138038774237,0.30371720861934215
14776,51,15,3708.3,8.21859845855403,2.772588722239781,-0.718188753880808,1.5110377522649707,0.9958949726573544
14777,404,1,307.56,5.731916313899973,0.6931471805599453,0.9682171505372489,-1.058145946714099,-0.7959911659081914
14778,127,2,730.86,6.595589238838791,1.0986122886681098,-0.3551098622780536,-0.5571872395918231,-0.17363436579229685
14779,281,3,386.15,5.958812214832733,1.3862943611198906,0.3806026286012121,-0.20175138038774237,-0.6324915322083984
14780,55,2,447.68,6.106309938777023,1.0986122886681098,-0.6990793385332946,-0.5571872395918231,-0.5262056815724663
14782,320,1,200.10000000000002,5.303802296778606,0.6931471805599453,0.5669194282394676,-1.058145946714099,-1.1044871973187966
14783,659,1,307.3,5.731073334892105,0.6931471805599453,2.1864423789412277,-1.058145946714099,-0.7965986108132622
14784,26,3,449.93,6.111312116813244,1.3862943611198906,-0.8376225998027668,-0.20175138038774237,-0.5226011463064646
14785,10,2,77.4,4.361823927356363,1.0986122886681098,-0.9140602611928204,-0.5571872395918231,-1.7832703649323292
14786,550,1,90.96,4.521353699894981,0.6931471805599453,1.6657108107214877,-1.058145946714099,-1.668314302407405
14787,471,1,110.65,4.7153689782861665,0.6931471805599453,1.2882998576080982,-1.058145946714099,-1.5285082203287217
14788,7,3,1156.32,7.05386226630844,1.3862943611198906,-0.9283923227034554,-0.20175138038774237,0.1565940421152894
14789,29,1,197.64,5.2914941411999115,0.6931471805599453,-0.8232905382921317,-1.058145946714099,-1.113356370011489
14790,17,10,2526.62,7.835033427512401,2.3978952727983707,-0.8806187843346719,1.0480979277381186,0.7195006357938564
14791,607,1,303.63,5.719097925433975,0.6931471805599453,1.9380199794235535,-1.058145946714099,-0.8052280089282569
14792,64,1,6.2,1.9740810260220096,0.6931471805599453,-0.6560831540013895,-1.058145946714099,-3.503861561743505
14793,21,2,625.9,6.440787038279923,1.0986122886681098,-0.8615093689871585,-0.5571872395918231,-0.28518377229654845
14794,3,10,1953.9,7.578094320216074,2.3978952727983707,-0.9475017380509687,1.0480979277381186,0.5343520731560916
14795,166,1,131.45000000000002,4.886205215718078,0.6931471805599453,-0.16879306263979799,-1.058145946714099,-1.4054047965650376
14796,1,27,10889.64,9.29565898371346,3.332204510175204,-0.9570564457247255,2.202452120611942,1.7720174174090553
14797,507,1,300.31,5.70813963509761,0.6931471805599453,1.460284595735719,-1.058145946714099,-0.8131244779636435
14798,53,8,724.31,6.586599149672639,2.1972245773362196,-0.7086340462070513,0.8001660338568091,-0.1801125625316459
14799,51,2,338.15,5.826442487392089,1.0986122886681098,-0.718188753880808,-0.5571872395918231,-0.7278762520755961
14800,48,17,7774.32,8.958709893756756,2.8903717578961645,-0.7325208153914431,1.6565606001831652,1.529214208726472
14801,61,1,193.14,5.26857954828408,0.6931471805599453,-0.6704152155120245,-1.058145946714099,-1.1298684688758425
14802,438,2,1502.98,7.315870206549027,1.0986122886681098,1.1306471809911127,-0.5571872395918231,0.34539517108970946
14803,162,3,845.55,6.741169266574241,1.3862943611198906,-0.18790247798731138,-0.20175138038774237,-0.06873039392281144
14804,9,1,353.27,5.8700593342813,0.6931471805599453,-0.9188376150296986,-1.058145946714099,-0.6964462506511132
14805,15,7,1104.64,7.008179631809018,2.0794415416798357,-0.8901734920084285,0.654643185938614,0.12367544827383217
14806,75,2,303.43,5.718441175664861,1.0986122886681098,-0.6035322617957277,-0.5571872395918231,-0.8057012583181367
14807,391,2,519.29,6.254386348430604,1.0986122886681098,0.9061115506578303,-0.5571872395918231,-0.4195028339740178
14808,40,8,2741.17,7.91650485674164,2.1972245773362196,-0.7707396460864698,0.8001660338568091,0.7782083902363958
14809,621,2,686.76,6.533439939866189,1.0986122886681098,2.0049029331398507,-0.5571872395918231,-0.21841872538163404
14810,41,13,2537.02,7.839139528463931,2.6390573296152584,-0.7659622922495916,1.3460575542855853,0.7224594640439466
14811,387,1,170.5,5.144583266605995,0.6931471805599453,0.887002135310317,-1.058145946714099,-1.2192193410209997
14812,599,1,185.8,5.230038525794742,0.6931471805599453,1.899801148728527,-1.058145946714099,-1.157640865968594
14813,370,4,1090.87,6.995647101599072,1.6094379124341003,0.805787120083385,0.07394609082159041,0.11464459275712141
14814,581,1,160.46,5.08425743396687,0.6931471805599453,1.8138087796647167,-1.058145946714099,-1.2626897232473182
14815,37,2,778.5,6.658652688497831,1.0986122886681098,-0.7850717075971049,-0.5571872395918231,-0.12819127547329626
14816,197,1,271.85,5.608922193632241,0.6931471805599453,-0.020695093696569182,-1.058145946714099,-0.8846198873982366
14817,200,7,3959.86,8.284216452387334,2.0794415416798357,-0.0063630321859341355,0.654643185938614,1.0431788500291177
14818,74,6,1170.41,7.0659634304128245,1.9459101490553132,-0.608309615632606,0.48966298795922886,0.16531405816791217
14819,64,4,470.16,6.155197739090584,1.6094379124341003,-0.6560831540013895,0.07394609082159041,-0.490977467176365
14820,21,9,1274.76,7.151297358439717,2.302585092994046,-0.8615093689871585,0.9303406571479473,0.22680510281528116
14821,367,7,1286.45,7.160418796832339,2.0794415416798357,0.79145505857275,0.654643185938614,0.233377948908481
14822,485,1,157.70000000000002,5.0670156275323635,0.6931471805599453,1.355182811324395,-1.058145946714099,-1.2751140509886991
14823,180,3,321.43,5.775886058412575,1.3862943611198906,-0.10191010892350111,-0.20175138038774237,-0.7643068688709593
14824,10,10,4022.9100000000003,8.300009345724288,2.3978952727983707,-0.9140602611928204,1.0480979277381186,1.0545591009064443
14825,4,24,4925.08,8.502298818905897,3.2188758248682006,-0.9427243842140904,2.062432694683636,1.2003275111357625
14826,582,2,385.2,5.956355369994414,1.0986122886681098,1.818586133501595,-0.5571872395918231,-0.6342619177881775
14828,197,13,9839.460000000001,9.194257736921127,2.6390573296152584,-0.020695093696569182,1.3460575542855853,1.6989483727983201
14829,29,7,1692.84,7.434753419747681,2.0794415416798357,-0.8232905382921317,0.654643185938614,0.4310616010742444
14830,53,1,197.13,5.2889233809061675,0.6931471805599453,-0.7086340462070513,-1.058145946714099,-1.1152088422889925
14831,680,3,1676.57,7.425101596738257,1.3862943611198906,2.2867668095156732,-0.20175138038774237,0.42410656345528047
14832,630,1,322.69,5.779786267653029,0.6931471805599453,2.0478991176717556,-1.058145946714099,-0.7614964047790771
14833,499,1,94.8,4.562262684976814,0.6931471805599453,1.422065765040692,-1.058145946714099,-1.6388355676730464
14834,18,7,2206.16,7.699461900230706,2.0794415416798357,-0.8758414304977935,0.654643185938614,0.6218087208691908
14835,529,2,297.0,5.697093486505405,1.0986122886681098,1.5653863801470425,-0.5571872395918231,-0.8210842570570274
14836,10,3,102.44999999999999,4.639088404191552,1.3862943611198906,-0.9140602611928204,-0.20175138038774237,-1.5834754800791537
14837,90,9,3460.32,8.149405298188219,2.302585092994046,-0.5318719542425524,0.9303406571479473,0.9460348547449827
14838,423,2,773.6700000000001,6.652437132220425,1.0986122886681098,1.0589868734379375,-0.5571872395918231,-0.13267016279747743
14839,418,3,915.28,6.8203219948203735,1.3862943611198906,1.0351001042535457,-0.20175138038774237,-0.011693479543220848
14840,268,2,362.71,5.896356846803299,1.0986122886681098,0.31849702872179353,-0.5571872395918231,-0.6774964430658416
14841,53,14,7163.0,8.876823763180603,2.70805020110221,-0.7086340462070513,1.4312993642702228,1.4702076233308985
14842,44,4,2824.69,7.946507861544517,1.6094379124341003,-0.7516302307389565,0.07394609082159041,0.7998283502048099
14843,437,1,211.79999999999998,5.360352757467489,0.6931471805599453,1.1258698271542344,-1.058145946714099,-1.0637373222872202
14844,64,10,6702.43,8.810374614680837,2.3978952727983707,-0.6560831540013895,1.0480979277381186,1.4223248215935744
14845,600,1,150.0,5.017279836814924,0.6931471805599453,1.9045785025654052,-1.058145946714099,-1.3109533214675462
14846,427,1,437.4,6.083131735633806,0.6931471805599453,1.0780962887854508,-1.058145946714099,-0.5429077361629472
14847,149,3,1348.95,7.2078228337095505,1.3862943611198906,-0.2500080778667299,-0.20175138038774237,0.26753697352485095
14848,405,1,310.56,5.741591936051748,0.6931471805599453,0.9729945043741273,-1.058145946714099,-0.7890189787900925
14849,22,43,15763.45,9.665512683961765,3.784189633918261,-0.8567320151502801,2.7608870603908318,2.038531463121284
14850,312,7,1794.01,7.492765871937502,2.0794415416798357,0.5287005975444409,0.654643185938614,0.47286497717786735
14851,23,3,829.4100000000001,6.721919554728325,1.3862943611198906,-0.8519546613134018,-0.20175138038774237,-0.08260160456476352
14852,58,18,6147.18,8.723911382043823,2.9444389791664403,-0.6847472770226596,1.7233615276208618,1.360020007771305
14853,24,5,1376.87,7.2282941075007,1.791759469228055,-0.8471773074765234,0.2992073267345332,0.2822884333461238
14854,78,11,4322.86,8.371903800806631,2.4849066497880004,-0.5892002002850927,1.15560189306089,1.106365753308212
14855,119,7,6520.3,8.782829021548919,2.0794415416798357,-0.3933286929730804,0.654643185938614,1.4024756556606612
14856,36,3,1311.3799999999999,7.179597561714504,1.3862943611198906,-0.7898490614339833,-0.20175138038774237,0.24719803565380155
14857,60,7,3651.851,8.203263237570312,2.0794415416798357,-0.6751925693489029,0.654643185938614,0.984844517346192
14858,506,1,180.75,5.202632116413628,0.6931471805599453,1.4555072418988404,-1.058145946714099,-1.1773897370430282
14859,13,5,1705.64,7.442281804243372,1.791759469228055,-0.8997281996821853,0.2992073267345332,0.4364865034296266
14860,19,1,170.32,5.14353315274717,0.6931471805599453,-0.8710640766609151,-1.058145946714099,-1.2199760458823705
14861,52,10,1380.73,7.231091616210209,2.3978952727983707,-0.7134114000439297,1.0480979277381186,0.28430429898052456
14862,26,2,841.1999999999999,6.736017515727827,1.0986122886681098,-0.8376225998027668,-0.5571872395918231,-0.07244271033240102
14863,29,1,266.76,5.590091056903071,0.6931471805599453,-0.8232905382921317,-1.058145946714099,-0.8981894756751196
14865,7,4,129.72,4.873057631111693,1.6094379124341003,-0.9283923227034554,0.07394609082159041,-1.4148788560713752
14866,11,19,20850.22,9.945167738704566,2.995732273553991,-0.909282907355942,1.7867352234743035,2.2400489820573948
14867,186,16,2952.06,7.99059719985786,2.833213344056216,-0.07324598590223101,1.5859404542672264,0.8315988257165473
14868,3,12,4184.01,8.339264372406982,2.5649493574615367,-0.9475017380509687,1.2544959545938104,1.0828460045354265
14869,9,6,2804.24,7.939244375793947,1.9459101490553132,-0.9188376150296986,0.48966298795922886,0.7945943320726186
14870,262,6,1838.95,7.51749367632077,1.9459101490553132,0.28983290570052345,0.48966298795922886,0.4906836638189388
14871,3,9,1258.97,7.138843190138263,2.302585092994046,-0.9475017380509687,0.9303406571479473,0.21783071435364615
14872,484,3,816.6,6.70637321944944,1.3862943611198906,1.3504054574875168,-0.20175138038774237,-0.09380418739249452
14873,210,2,854.13,6.751253504162445,1.0986122886681098,0.041410506182849346,-0.5571872395918231,-0.061463761317131715
14874,535,1,116.18,4.7637112141166424,0.6931471805599453,1.5940505031683125,-1.058145946714099,-1.4936731359661615
14875,108,3,2862.4,7.959765008926227,1.3862943611198906,-0.44587958517874215,-0.20175138038774237,0.8093813598973739
14876,521,2,256.7,5.551796117658319,1.0986122886681098,1.5271675494520156,-0.5571872395918231,-0.9257845468656223
14877,418,2,437.0,6.082218910376446,1.0986122886681098,1.0351001042535457,-0.5571872395918231,-0.5435655117974858
14878,13,25,4105.24,8.320263046917932,3.258096538021482,-0.8997281996821853,2.110890520920167,1.0691537794026733
14879,685,1,185.06,5.226069202340413,0.6931471805599453,2.3106535787000646,-1.058145946714099,-1.1605011332900879
14880,77,3,706.19,6.561299370951966,1.3862943611198906,-0.593977554121971,-0.20175138038774237,-0.1983434099665748
14881,20,1,255.4,5.546738725046515,0.6931471805599453,-0.8662867228240368,-1.058145946714099,-0.9294288693769888
14882,27,14,3628.15,8.1967537400596,2.70805020110221,-0.8328452459658884,1.4312993642702228,0.9801538179805548
14883,19,6,761.59,6.636720534303131,1.9459101490553132,-0.8710640766609151,0.48966298795922886,-0.1439954357174407
14884,669,1,120.6,4.800736969532067,0.6931471805599453,2.2342159173100113,-1.058145946714099,-1.4669926299588096
14885,132,3,1598.12,7.377208756922391,1.3862943611198906,-0.3312230930936618,-0.20175138038774237,0.38959531078590126
14886,253,1,364.8,5.9020867359567655,0.6931471805599453,0.24683672116861832,-1.058145946714099,-0.6733675241480435
14887,79,1,1862.0,7.529943370601589,0.6931471805599453,-0.5844228464482143,-1.058145946714099,0.4996548283319174
14888,207,1,369.2,5.914043400139397,0.6931471805599453,0.0270784446722143,-1.058145946714099,-0.6647516337503101
14889,336,1,135.9,4.919250732294404,0.6931471805599453,0.6433570896295212,-1.058145946714099,-1.381592423430757
14890,254,3,817.25,6.70716791338129,1.3862943611198906,0.25161407500549665,-0.20175138038774237,-0.09323153638281681
14891,148,4,1106.73,7.0100681553014015,1.6094379124341003,-0.25478543170360823,0.07394609082159041,0.1250363053804121
14892,691,1,202.35000000000002,5.314928632353234,0.6931471805599453,2.3393177017213347,-1.058145946714099,-1.0964696360345507
14893,10,3,1809.6100000000001,7.501419084057128,1.3862943611198906,-0.9140602611928204,-0.20175138038774237,0.47910042262253705
14894,85,3,1492.81,7.30908518223715,1.3862943611198906,-0.5557587234269442,-0.20175138038774237,0.34050592899641663
14895,8,38,25119.54,10.131441117166368,3.6635616461296463,-0.923614968866577,2.611849228042442,2.374276304020135
14896,205,8,2092.42,7.646554371211011,2.1972245773362196,0.017523736998457606,0.8001660338568091,0.5836839174720382
14897,8,8,3140.54,8.05246840453291,2.1972245773362196,-0.923614968866577,0.8001660338568091,0.8761827924579002
14898,23,14,3507.81,8.163032227636762,2.70805020110221,-0.8519546613134018,1.4312993642702228,0.9558543268647105
14899,395,1,1384.88,7.234090595914997,0.6931471805599453,0.9252209660053438,-1.058145946714099,0.2864653432355777
14900,522,1,13.919999999999998,2.7027025947756145,0.6931471805599453,1.531944903288894,-1.058145946714099,-2.9788218448193704
14901,11,12,2289.65,7.7365908990673,2.5649493574615367,-0.909282907355942,1.2544959545938104,0.6485636233794048
14902,26,3,1035.6200000000001,6.943720699414746,1.3862943611198906,-0.8376225998027668,-0.20175138038774237,0.07722678264427363
14903,21,5,2810.63,7.941519665325918,1.791759469228055,-0.8615093689871585,0.2992073267345332,0.7962338901409179
14904,2,4,1640.64,7.403451021151327,1.6094379124341003,-0.9522790918878471,0.07394609082159041,0.4085053068292224
14905,158,8,1971.39,7.587001284371595,2.1972245773362196,-0.20701189333482475,0.8001660338568091,0.5407703705815543
14906,445,1,68.44,4.240463070352095,0.6931471805599453,1.1640886578492613,-1.058145946714099,-1.8707221680901613
14907,3,16,6165.79,8.726933722198309,2.833213344056216,-0.9475017380509687,1.5859404542672264,1.362197885406569
14908,74,2,381.9,5.947773858483249,1.0986122886681098,-0.608309615632606,-0.5571872395918231,-0.6404456962649949
14909,437,3,1404.68,7.248276450449636,1.3862943611198906,1.1258698271542344,-0.20175138038774237,0.296687572947958
14910,3,4,434.35,6.076150305274624,1.6094379124341003,-0.9475017380509687,0.07394609082159041,-0.5479385071100393
14911,1,398,295972.63,12.598025641499802,5.988961416889864,-0.9570564457247255,5.484918302069179,4.151680234898583
14912,17,6,1889.25,7.5444643744383795,1.9459101490553132,-0.8806187843346719,0.48966298795922886,0.5101185643382022
14913,36,8,4073.13,8.312412505948734,2.1972245773362196,-0.7898490614339833,0.8001660338568091,1.0634967332968053
14915,91,11,1811.25,7.502324446180987,2.4849066497880004,-0.5270946004056741,1.15560189306089,0.4797528203741409
14916,71,8,3042.95,8.020911293091087,2.1972245773362196,-0.622641677143241,0.8001660338568091,0.8534429538792804
14917,597,2,1123.75,7.025316067721282,1.0986122886681098,1.8902464410547701,-0.5571872395918231,0.13602384673787274
14918,116,9,5955.81,8.692290381870738,2.302585092994046,-0.4076607544837154,0.9303406571479473,1.3372341314100886
14919,539,1,359.35,5.88707578137045,0.6931471805599453,1.6131599185158259,-1.058145946714099,-0.684184315311997
14920,213,3,1607.17,7.3828521655438335,1.3862943611198906,0.055742567693484395,-0.20175138038774237,0.39366191242405757
14921,30,2,1316.07,7.1831648514317985,1.0986122886681098,-0.8185131844552533,-0.5571872395918231,0.24976860021526362
14922,394,2,843.74,6.739028887702491,1.0986122886681098,0.9204436121684655,-0.5571872395918231,-0.07027273629246744
14923,51,1,749.1,6.620206530975591,0.6931471805599453,-0.718188753880808,-1.058145946714099,-0.15589531351986113
14924,246,3,931.01,6.837343544241763,1.3862943611198906,0.21339524431046988,-0.20175138038774237,0.0005721325015948478
14926,382,2,359.4,5.887214525734183,1.0986122886681098,0.8631153661259252,-0.5571872395918231,-0.6840843370728359
14927,397,1,308.2,5.733988316713267,0.6931471805599453,0.9347756736791005,-1.058145946714099,-0.794498094858402
14928,628,1,223.91000000000003,5.41570032218308,0.6931471805599453,2.038344409997999,-1.058145946714099,-1.0238542458633033
14929,32,2,836.69,6.730648103640738,1.0986122886681098,-0.8089584767814967,-0.5571872395918231,-0.07631187194269574
14930,109,6,5246.63,8.565531825089687,1.9459101490553132,-0.4411022313418638,0.48966298795922886,1.2458927827263242
14931,5,5,1257.68,7.137818831761513,1.791759469228055,-0.937947030377212,0.2992073267345332,0.21709256871642932
14932,366,2,1029.66,6.937954652712979,1.0986122886681098,0.7866777047358717,-0.5571872395918231,0.07307180884457469
14933,444,4,1770.0,7.479299637782834,1.6094379124341003,1.1593113040123828,0.07394609082159041,0.4631613009873645
14934,82,5,3503.5,8.16180313594038,1.791759469228055,-0.5700907849375793,0.2992073267345332,0.9549686517982335
14935,297,2,2849.83,7.955365458934208,1.0986122886681098,0.45704028999126567,-0.5571872395918231,0.8062110742766033
14936,34,12,12410.81,9.426403717684428,2.5649493574615367,-0.7994037691077399,1.2544959545938104,1.8662311781008583
14937,57,3,1621.88,7.3919576276276855,1.3862943611198906,-0.689524630859538,-0.20175138038774237,0.4002232460984739
14938,562,2,2322.43,7.750799821107575,1.0986122886681098,1.723039056764028,-0.5571872395918231,0.6588024753785082
14940,418,2,531.49,6.277564118064523,1.0986122886681098,1.0351001042535457,-0.5571872395918231,-0.40280109176736995
14941,579,1,182.1,5.210032451680465,0.6931471805599453,1.8042540719909599,-1.058145946714099,-1.172057106085795
14942,402,4,746.56,6.616814569602102,1.6094379124341003,0.9586624428634922,0.07394609082159041,-0.15833953767644315
14943,663,1,107.62,4.687855552606699,0.6931471805599453,2.2055517942887413,-1.058145946714099,-1.5483342066155015
14944,30,19,9784.67,9.188674349637317,2.995732273553991,-0.8185131844552533,1.7867352234743035,1.694925022125372
14945,414,1,179.4,5.1951766076285235,0.6931471805599453,1.0159906889060324,-1.058145946714099,-1.1827621256600067
14946,14,1,100.9,4.623991940228679,0.6931471805599453,-0.8949508458453069,-1.058145946714099,-1.5943538887147657
14947,72,6,1049.79,6.957297541207289,1.9459101490553132,-0.6178643233063628,0.48966298795922886,0.08701016194180783
14948,23,6,1101.97,7.005761820334205,1.9459101490553132,-0.8519546613134018,0.48966298795922886,0.12193318986871346
14949,469,4,515.0,6.246106765481563,1.6094379124341003,1.2787451499343416,0.07394609082159041,-0.42546904479488407
14950,19,1,371.2,5.91943134420815,0.6931471805599453,-0.8710640766609151,-1.058145946714099,-0.6608691181208309
14951,79,1,311.69,5.745212284419341,0.6931471805599453,-0.5844228464482143,-1.058145946714099,-0.786410180528274
14952,60,32,17629.35,9.777377127718964,3.4965075614664802,-0.6751925693489029,2.4054512011867506,2.1191402158715293
14953,25,4,1013.77,6.9224172648127835,1.6094379124341003,-0.842399953639645,0.07394609082159041,0.0618756734367058
14954,12,2,503.44,6.223448903087673,1.0986122886681098,-0.9045055535190636,-0.5571872395918231,-0.441796145401779
14955,733,1,163.77,5.10455056206934,0.6931471805599453,2.5399665628702257,-1.058145946714099,-1.2480666339903637
14956,421,1,1325.0,7.189922170745808,0.6931471805599453,1.0494321657641807,-1.058145946714099,0.2546378782766618
14957,253,2,333.29,5.812008879727072,1.0986122886681098,0.24683672116861832,-0.5571872395918231,-0.7382770109985001
14958,147,6,957.9399999999999,6.865828507754102,1.9459101490553132,-0.2595627855404866,0.48966298795922886,0.021098202303091895
14959,64,4,695.42,6.545952926608586,1.6094379124341003,-0.6560831540013895,0.07394609082159041,-0.20940195275391435
14960,8,2,221.27,5.4038928590966755,1.0986122886681098,-0.923614968866577,-0.5571872395918231,-1.0323626229719896
14961,11,22,16410.15,9.70571626084869,3.1354942159291497,-0.909282907355942,1.9594133665673954,2.067501885537076
14962,271,4,366.91,5.90783834304059,1.6094379124341003,0.33282909023242857,0.07394609082159041,-0.6692229554382321
14963,10,12,3164.48,8.06005998184702,2.5649493574615367,-0.9140602611928204,1.2544959545938104,0.8816532311258453
14964,247,1,206.21,5.333732771768991,0.6931471805599453,0.21817259814734824,-1.058145946714099,-1.0829195018369864
14965,96,2,599.0,6.396929655216146,1.0986122886681098,-0.5032078312212823,-0.5571872395918231,-0.31678710244257846
14966,15,6,1115.8400000000001,7.01825854798562,1.9459101490553132,-0.8901734920084285,0.48966298795922886,0.1309382463067227
14967,50,6,1982.6100000000001,7.592673695941251,1.9459101490553132,-0.7229661077176863,0.48966298795922886,0.5448578715457436
14968,30,2,504.99,6.226516906246328,1.0986122886681098,-0.8185131844552533,-0.5571872395918231,-0.4395853633181552
14969,704,1,906.23,6.810396001209797,0.6931471805599453,2.4014233016007536,-1.058145946714099,-0.01884608262139081
14970,68,12,4919.35,8.501134945167534,2.5649493574615367,-0.6369737386538761,1.2544959545938104,1.1994888316835866
14971,35,3,1116.57,7.0189119643469615,1.3862943611198906,-0.7946264152708616,-0.20175138038774237,0.13140909366576983
14972,128,2,145.07,4.984085958862719,1.0986122886681098,-0.3503325084411752,-0.5571872395918231,-1.3348726027941378
14973,107,3,1314.45,7.181934091396172,1.3862943611198906,-0.45065693901562054,-0.20175138038774237,0.24888172295494243
14974,37,1,114.39,4.748317695206576,0.6931471805599453,-0.7850717075971049,-1.058145946714099,-1.5047656003641523
14975,57,2,472.39,6.159919573071391,1.0986122886681098,-0.689524630859538,-0.5571872395918231,-0.48757494591846895
14976,57,7,790.86,6.674384608512411,2.0794415416798357,-0.689524630859538,0.654643185938614,-0.11685496155486857
14977,726,1,31.929999999999996,3.4943840963882726,0.6931471805599453,2.506525086012077,-1.058145946714099,-2.4083415717582417
14978,72,10,3142.14,8.052977579235382,2.3978952727983707,-0.6178643233063628,1.0480979277381186,0.8765497002645251
14979,735,1,439.46,6.087819635350745,0.6931471805599453,2.5495212705439823,-1.058145946714099,-0.5395296677034028
14980,737,1,150.68,5.021773038506712,0.6931471805599453,2.559075978217739,-1.058145946714099,-1.307715551072724
14981,246,2,372.92,5.924041870790548,1.0986122886681098,0.21339524431046988,-0.5571872395918231,-0.657546804212619
14982,572,1,237.78,5.475542625917242,0.6931471805599453,1.7708125951328115,-1.058145946714099,-0.9807322912574035
14983,689,1,183.20000000000002,5.216022123821206,0.6931471805599453,2.329762994047578,-1.058145946714099,-1.1677409893249049
14984,19,6,1271.41,7.148668019007891,1.9459101490553132,-0.8710640766609151,0.48966298795922886,0.22491041881169796
14985,198,2,296.75,5.696254208235409,1.0986122886681098,-0.015917739859690833,-0.5571872395918231,-0.8216890352357091
14986,376,2,566.9,6.341945346883387,1.0986122886681098,0.8344512431046551,-0.5571872395918231,-0.356408418802572
14987,16,8,1713.85,7.447080892218029,2.1972245773362196,-0.8853961381715503,0.8001660338568091,0.4399446933868883
14988,212,7,2066.6,7.6341437933218845,2.0794415416798357,0.050965213856606045,0.654643185938614,0.5747409399632629
14989,662,1,342.4,5.838895948463375,0.6931471805599453,2.200774440451863,-1.058145946714099,-0.7189023732391803
14990,612,2,305.42,5.724956709887608,1.0986122886681098,1.9619067486079453,-0.5571872395918231,-0.8010062089391119
14991,430,1,314.67,5.754697364124307,0.6931471805599453,1.0924283502960859,-1.058145946714099,-0.7795752969935784
14992,442,1,210.5,5.354224998486333,0.6931471805599453,1.1497565963386263,-1.058145946714099,-1.0681529434804677
14993,564,1,36.13,3.6144252681889886,0.6931471805599453,1.7325937644377847,-1.058145946714099,-2.321840724728276
14994,382,5,960.63,6.8686297612976235,1.791759469228055,0.8631153661259252,0.2992073267345332,0.023116766439257926
14995,39,2,233.23000000000002,5.456303538604819,1.0986122886681098,-0.7755169999233482,-0.5571872395918231,-0.9945958459332185
14996,481,2,442.28999999999996,6.094224183409496,1.0986122886681098,1.3360733959768818,-0.5571872395918231,-0.534914594194742
14997,46,4,776.5999999999999,6.656212253146229,1.6094379124341003,-0.7420755230651997,0.07394609082159041,-0.12994983648922742
14998,170,4,770.73,6.64863474791851,1.6094379124341003,-0.1496836472922846,0.07394609082159041,-0.1354101349080057
14999,593,1,129.48000000000002,4.871219958312759,0.6931471805599453,1.8711370257072568,-1.058145946714099,-1.416203070516196
15000,48,1,490.52,6.197502630519253,0.6931471805599453,-0.7325208153914431,-1.058145946714099,-0.46049285187982547
15001,394,2,230.85999999999999,5.446133741242256,1.0986122886681098,0.9204436121684655,-0.5571872395918231,-1.001924132326867
15002,116,9,4817.28,8.480172296886764,2.302585092994046,-0.4076607544837154,0.9303406571479473,1.1843832907672736
15003,473,6,1060.7,6.967626676019528,1.9459101490553132,1.297854565281855,0.48966298795922886,0.09445326581144192
15004,147,1,1246.32,7.128752528637921,0.6931471805599453,-0.2595627855404866,-1.058145946714099,0.21055945272083523
15005,16,56,14106.2,9.554440584332763,4.04305126783455,-0.8853961381715503,3.0807148010694942,1.9584936681282816
15006,51,2,825.14,6.716764250684336,1.0986122886681098,-0.718188753880808,-0.5571872395918231,-0.08631648138421345
15007,159,1,156.91,5.062025250478552,0.6931471805599453,-0.20223453949794643,-1.058145946714099,-1.2787100825475233
15008,480,2,360.0,5.8888779583328805,1.0986122886681098,1.3312960421400033,-0.5571872395918231,-0.6828856789240842
15009,12,3,1261.78,7.141070918737701,1.3862943611198906,-0.9045055535190636,-0.20175138038774237,0.21943600033939262
15010,36,1,308.94,5.736378730359189,0.6931471805599453,-0.7898490614339833,-1.058145946714099,-0.7927755791413152
15011,396,2,416.6,6.034524036568429,1.0986122886681098,0.9299983198422221,-0.5571872395918231,-0.5779341115161716
15012,54,3,860.62,6.758814338200439,1.3862943611198906,-0.703856692370173,-0.20175138038774237,-0.056015476043598765
15013,488,10,1641.3,7.403852977343515,2.3978952727983707,1.3695148728350302,1.0480979277381186,0.40879495371096813
15014,43,2,260.17,5.56517153628838,1.0986122886681098,-0.7564075845758348,-0.5571872395918231,-0.9161463117207552
15015,501,13,2365.02,7.768964497587981,2.6390573296152584,1.4316204727144486,1.3460575542855853,0.6718918169603194
15016,173,5,630.3,6.44778118537358,1.791759469228055,-0.13535158578164955,0.2992073267345332,-0.28014383775760643
15017,34,1,125.58,4.840874519347159,0.6931471805599453,-0.7994037691077399,-1.058145946714099,-1.4380697861991967
15018,39,3,607.46,6.41093117485196,1.3862943611198906,-0.7755169999233482,-0.20175138038774237,-0.3066977031969991
15019,267,1,266.0,5.58724865840025,0.6931471805599453,0.3137196748849152,-1.058145946714099,-0.900237688587427
15020,379,1,203.42,5.32017670090093,0.6931471805599453,0.8487833046152902,-1.058145946714099,-1.0926879137484613
15021,9,12,2783.83,7.93194210920565,2.5649493574615367,-0.9188376150296986,1.2544959545938104,0.7893323687341159
15022,12,5,1186.09,7.079260213133854,1.791759469228055,-0.9045055535190636,0.2992073267345332,0.1748956288147894
15023,3,20,12170.68,9.406867220825731,3.044522437723423,-0.9475017380509687,1.8470162614078611,1.8521533121409937
15024,10,16,4075.51,8.31299650918471,2.833213344056216,-0.9140602611928204,1.5859404542672264,1.0639175620326669
15025,33,2,1013.09,6.921746937608874,1.0986122886681098,-0.8041811229446183,-0.5571872395918231,0.06139264024021487
15026,80,5,1061.61,6.968483424851537,1.791759469228055,-0.5796454926113359,0.2992073267345332,0.09507063315757035
15027,31,10,3195.6,8.069843023934553,2.3978952727983707,-0.813735830618375,1.0480979277381186,0.8887028243146406
15028,8,6,1157.71,7.055062596327388,1.9459101490553132,-0.923614968866577,0.48966298795922886,0.15745899171380606
15029,620,1,365.1,5.902906520126191,0.6931471805599453,2.000125579302972,-1.058145946714099,-0.6727767932848463
15030,72,8,1979.91,7.591311614066303,2.1972245773362196,-0.6178643233063628,0.8001660338568091,0.5438763646665641
15031,4,14,3156.58,8.057561190404078,2.70805020110221,-0.9427243842140904,1.4312993642702228,0.8798526191097897
15032,256,8,13780.65,9.531093276151351,2.1972245773362196,0.26116878267925336,0.8001660338568091,1.9416697576043613
15033,5,10,2586.67,7.8585131358985345,2.3978952727983707,-0.937947030377212,1.0480979277381186,0.7364199529993641
15034,16,14,8313.4,9.025744230274212,2.70805020110221,-0.8853961381715503,1.4312993642702228,1.577518692945253
15035,90,1,252.73000000000002,5.536270709515726,0.6931471805599453,-0.5318719542425524,-1.058145946714099,-0.9369720497421328
15036,72,3,465.55,6.145365195680031,1.3862943611198906,-0.6178643233063628,-0.20175138038774237,-0.4980627306798209
15037,376,2,402.51,6.000201270550366,1.0986122886681098,0.8344512431046551,-0.5571872395918231,-0.602666861858718
15038,59,9,1309.86,7.178438689350472,2.302585092994046,-0.6799699231857812,0.9303406571479473,0.24636296015774764
15039,10,93,40031.43,10.597445154615823,4.543294782270004,-0.9140602611928204,3.698773764039586,2.710075624820512
15040,542,1,7.49,2.138889000323256,0.6931471805599453,1.627491980026461,-1.058145946714099,-3.385102063143995
15041,170,2,294.02,5.687043150651903,1.0986122886681098,-0.1496836472922846,-0.5571872395918231,-0.82832646030465
15042,199,2,315.45,5.7571652512213145,1.0986122886681098,-0.011140386022812485,-0.5571872395918231,-0.7777969544377437
15043,31,6,2873.7999999999997,7.963738385594287,1.9459101490553132,-0.813735830618375,0.48966298795922886,0.8122445479369487
15044,19,35,16204.33,9.693095479453461,3.58351893845611,-0.8710640766609151,2.5129551665095216,2.0584074368200995
15045,152,2,735.66,6.602126456028984,1.0986122886681098,-0.23567601635609486,-0.5571872395918231,-0.1689236918152943
15046,9,25,7812.389999999999,8.963594207556266,3.258096538021482,-0.9188376150296986,2.110890520920167,1.5327338118299734
15047,270,1,343.62,5.842442360714953,0.6931471805599453,0.32805173639555024,-1.058145946714099,-0.716346852836662
15048,65,4,482.75,6.181568244343992,1.6094379124341003,-0.6513058001645111,0.07394609082159041,-0.4719750615282859
15049,274,1,121.17000000000002,4.8054135174159684,0.6931471805599453,0.3471611517430636,-1.058145946714099,-1.463622741552478
15050,25,5,4193.79,8.341598558053528,1.791759469228055,-0.842399953639645,0.2992073267345332,1.0845280027408977
15051,23,9,3935.16,8.277960907752442,2.302585092994046,-0.8519546613134018,0.9303406571479473,1.0386711473681491
15052,319,1,215.78,5.378883014387604,0.6931471805599453,0.5621420744025893,-1.058145946714099,-1.0503845459420025
15053,5,3,697.79,6.549350267911373,1.3862943611198906,-0.937947030377212,-0.20175138038774237,-0.20695385185709209
15054,12,2,302.1,5.714062784063757,1.0986122886681098,-0.9045055535190636,-0.5571872395918231,-0.8088562973471882
15055,475,3,560.07,6.329845674922272,1.3862943611198906,1.3074092729556117,-0.20175138038774237,-0.36512735962696474
15056,520,1,133.45,4.901192382714874,0.6931471805599453,1.5223901956151373,-1.058145946714099,-1.3946051465753275
15057,275,5,3255.96,8.088549523960413,1.791759469228055,0.351938505579942,0.2992073267345332,0.9021826002359331
15058,25,16,3410.03,8.134769577454728,2.833213344056216,-0.842399953639645,1.5859404542672264,0.9354884545278745
15059,41,19,3523.57,8.167513721989891,2.995732273553991,-0.7659622922495916,1.7867352234743035,0.9590836610314016
15060,8,4,303.09,5.717323710222868,1.6094379124341003,-0.923614968866577,0.07394609082159041,-0.8065064962694922
15061,4,127,137818.52,11.833700282101477,4.852030263919617,-0.9427243842140904,4.08022145124404,3.6009126107354543
15062,71,8,2585.62,7.858107283109296,2.1972245773362196,-0.622641677143241,0.8001660338568091,0.736127498256446
15063,213,1,370.79999999999995,5.918356075287344,0.6931471805599453,0.055742567693484395,-1.058145946714099,-0.661643949547745
15064,410,4,1254.41,7.135217491440363,1.6094379124341003,0.996881273558519,0.07394609082159041,0.21521806068041766
15065,38,5,3326.86,8.110084733748552,1.791759469228055,-0.7802943537602266,0.2992073267345332,0.9177007250567616
15066,53,1,893.59,6.796365512756079,0.6931471805599453,-0.7086340462070513,-1.058145946714099,-0.028956356598935227
15067,78,5,3877.88,8.263301731153247,1.791759469228055,-0.5892002002850927,0.2992073267345332,1.0281078450147085
15068,46,4,1176.85,7.071446021638615,1.6094379124341003,-0.7420755230651997,0.07394609082159041,0.1692647758911386
15069,179,1,1109.53,7.012592657827759,0.6931471805599453,-0.10668746276037945,-1.058145946714099,0.12685544462725107
15070,373,3,843.25,6.738448659265677,1.3862943611198906,0.8201191815940201,-0.20175138038774237,-0.07069084493388139
15071,94,4,1455.56,7.283832770195709,1.6094379124341003,-0.5127625388950391,0.07394609082159041,0.3223092136664408
15072,479,1,187.51999999999998,5.23920410205553,0.6931471805599453,1.326518688303125,-1.058145946714099,-1.151036214429603
15073,10,8,2788.02,7.93344555863082,2.1972245773362196,-0.9140602611928204,0.8001660338568091,0.7904157441026919
15074,105,3,1566.33,7.357128813675071,1.3862943611198906,-0.4602116466893772,-0.20175138038774237,0.37512584107687197
15075,78,1,773.03,6.651610632528512,0.6931471805599453,-0.5892002002850927,-1.058145946714099,-0.13326573282022883
15076,173,3,1447.74,7.278449492127982,1.3862943611198906,-0.13535158578164955,-0.20175138038774237,0.31843006032537463
15077,495,2,2428.08,7.795267863824162,1.0986122886681098,1.4029563496931785,-0.5571872395918231,0.6908458426919769
15078,7,53,17761.88,9.78486616556146,3.9889840465642745,-0.9283923227034554,3.0139138736317976,2.124536765297845
15079,213,11,3767.35,8.23439251885594,2.4849066497880004,0.055742567693484395,1.15560189306089,1.0072760644416427
15080,428,2,546.25,6.304905736402972,1.0986122886681098,1.0828736426223293,-0.5571872395918231,-0.383098908674954
15081,22,12,1965.72,7.5841224595020655,2.5649493574615367,-0.8567320151502801,1.2544959545938104,0.5386959090786408
15082,669,1,93.35000000000001,4.54701127181456,0.6931471805599453,2.2342159173100113,-1.058145946714099,-1.6498256316415085
15083,257,1,88.2,4.490881039585964,0.6931471805599453,0.2659461365161317,-1.058145946714099,-1.690272692919973
15084,380,2,965.2,6.873370852120306,1.0986122886681098,0.8535606584521686,-0.5571872395918231,0.02653316404564663
15085,730,1,347.54,5.853753001232496,0.6931471805599453,2.5256345013595904,-1.058145946714099,-0.7081964826716394
15086,565,2,218.53,5.391488897435831,1.0986122886681098,1.737371118274663,-0.5571872395918231,-1.0413008328719353
15087,282,1,306.94,5.7299049588017725,0.6931471805599453,0.3853799824380904,-1.058145946714099,-0.7974405346294597
15088,21,2,1160.07,7.057097272731341,1.0986122886681098,-0.8615093689871585,-0.5571872395918231,0.15892516560842648
15089,10,6,2420.84,7.7922828608243835,1.9459101490553132,-0.9140602611928204,0.48966298795922886,0.6886948699549187
15090,308,1,381.32,5.946257954269902,0.6931471805599453,0.5095911821969275,-1.058145946714099,-0.6415380464687104
15091,68,3,1046.6100000000001,6.9542666582161,1.3862943611198906,-0.6369737386538761,-0.20175138038774237,0.08482612839686843
15092,215,3,776.46,6.656032195784612,1.3862943611198906,0.06529727536724109,-0.20175138038774237,-0.13007958459198432
15093,18,23,14326.11,9.569908825675023,3.1780538303479458,-0.8758414304977935,2.0119964593872464,1.9696399769996307
15094,463,2,83.0,4.430816798843313,1.0986122886681098,1.2500810269130715,-0.5571872395918231,-1.733554573815608
15095,104,10,3141.64,8.052818489989162,2.3978952727983707,-0.4649890005262556,1.0480979277381186,0.8764350616422516
15096,43,1,219.39000000000001,5.3953987041986,0.6931471805599453,-0.7564075845758348,-1.058145946714099,-1.0384834528711433
15097,4,3,908.35,6.812730058573027,1.3862943611198906,-0.9427243842140904,-0.20175138038774237,-0.017164176855999743
15098,182,3,39916.5,10.594570103213856,1.3862943611198906,-0.09235540124974441,-0.20175138038774237,2.7080038824525046
15099,84,1,410.48,6.019760416262829,0.6931471805599453,-0.5605360772638225,-1.058145946714099,-0.5885726752898017
15100,334,7,2894.7,7.970982156979451,2.0794415416798357,0.6338023819557645,0.654643185938614,0.8174643600323213
15101,9,6,1477.94,7.29908089393658,1.9459101490553132,-0.9188376150296986,0.48966298795922886,0.3332969073003609
15102,531,2,554.67,6.320174592864931,1.0986122886681098,1.5749410878207992,-0.5571872395918231,-0.3720962751840792
15103,31,2,703.36,6.557289589092577,1.0986122886681098,-0.813735830618375,-0.5571872395918231,-0.20123283133792172
15104,197,2,1027.44,6.93579837000678,1.0986122886681098,-0.020695093696569182,-0.5571872395918231,0.07151800628063484
15105,18,9,3094.91,8.037837164519642,2.302585092994046,-0.8758414304977935,0.9303406571479473,0.8656396210171261
15106,18,5,1422.52,7.2608879564964575,1.791759469228055,-0.8758414304977935,0.2992073267345332,0.3057753379123371
15107,311,9,940.35,6.847315015170721,2.302585092994046,0.5239232437075625,0.9303406571479473,0.007757506224215793
15108,142,4,1300.25,7.171080619929179,1.6094379124341003,-0.2834495547248783,0.07394609082159041,0.24106078567961317
15109,246,3,983.1,6.89172751790494,1.3862943611198906,0.21339524431046988,-0.20175138038774237,0.03976085180641637
15110,24,6,1505.8500000000001,7.317776658171513,1.9459101490553132,-0.8471773074765234,0.48966298795922886,0.34676894708416967
15111,29,5,2730.87,7.912741635371109,1.791759469228055,-0.8232905382921317,0.2992073267345332,0.7754966386662544
15112,611,1,209.4,5.349010480863555,0.6931471805599453,1.957129394771067,-1.058145946714099,-1.0719104891996298
15113,10,3,3609.33,8.19155445989142,1.3862943611198906,-0.9140602611928204,-0.20175138038774237,0.9764072522669143
15114,30,12,3400.12,8.131860068124816,2.5649493574615367,-0.8185131844552533,1.2544959545938104,0.9333918820127644
15115,18,2,531.85,6.2782399586669655,1.0986122886681098,-0.8758414304977935,-0.5571872395918231,-0.4023140856536215
15116,18,4,1352.75,7.2106337983152,1.6094379124341003,-0.8758414304977935,0.07394609082159041,0.26956253538593994
15117,15,8,2485.9700000000003,7.818820381004473,2.1972245773362196,-0.8901734920084285,0.8001660338568091,0.7078176254163817
15118,134,1,244.8,5.504518197131935,0.6931471805599453,-0.3216683854199051,-1.058145946714099,-0.9598526929025244
15119,246,1,266.4,5.588745664667843,0.6931471805599453,0.21339524431046988,-1.058145946714099,-0.899158956114114
15120,134,1,358.82,5.885603906408473,0.6931471805599453,-0.3216683854199051,-1.058145946714099,-0.6852449383384415
15121,50,2,457.72,6.12844000213506,1.0986122886681098,-0.7229661077176863,-0.5571872395918231,-0.510258909339395
15122,114,11,4497.47,8.411492617945306,2.4849066497880004,-0.4172154621574721,1.15560189306089,1.1348931840558465
15123,7,5,4656.17,8.44616324650336,1.791759469228055,-0.9283923227034554,0.2992073267345332,1.1598766017644955
15124,23,4,450.82,6.113283870429076,1.6094379124341003,-0.8519546613134018,0.07394609082159041,-0.5211803141424215
15125,25,24,17024.87,9.742489231033671,3.2188758248682006,-0.842399953639645,2.062432694683636,2.0940002362370276
15126,537,2,449.49,6.110335879243754,1.0986122886681098,1.6036052108420693,-0.5571872395918231,-0.5233046164192318
15127,66,2,711.5,6.568779912142806,1.0986122886681098,-0.6465284463276328,-0.5571872395918231,-0.19295298316930543
15128,60,5,1783.68,7.486994406433962,1.791759469228055,-0.6751925693489029,0.2992073267345332,0.46870609862668805
15129,50,23,6860.18,8.83363471758943,3.1780538303479458,-0.7229661077176863,2.0119964593872464,1.4390858925945942
15130,170,1,330.11,5.802450646452902,0.6931471805599453,-0.1496836472922846,-1.058145946714099,-0.7451646084946182
15131,395,1,80.28,4.397899983830172,0.6931471805599453,0.9252209660053438,-1.058145946714099,-1.7572742054840857
15132,18,5,977.9300000000001,6.886460138441978,1.791759469228055,-0.8758414304977935,0.2992073267345332,0.035965214206919935
15133,128,5,1806.9,7.499921229687969,1.791759469228055,-0.3503325084411752,0.2992073267345332,0.47802107901303875
15134,15,10,1596.29,7.376063722211611,2.3978952727983707,-0.8901734920084285,1.0480979277381186,0.38877020660809775
15135,239,2,305.68,5.725804858690694,1.0986122886681098,0.17995376745232144,-0.5571872395918231,-0.800395038714981
15136,3,4,1286.7,7.160612960279738,1.6094379124341003,-0.9475017380509687,0.07394609082159041,0.233517861760133
15137,521,2,823.4,6.714655849016304,1.0986122886681098,1.5271675494520156,-0.5571872395918231,-0.08783578119967117
15138,394,1,502.52,6.221623433316097,0.6931471805599453,0.9204436121684655,-1.058145946714099,-0.4431115664285839
15139,240,2,178.96,5.192734603972972,1.0986122886681098,0.1847311212891998,-0.5571872395918231,-1.1845218167850333
15140,52,8,3243.69,8.0847750929877,2.1972245773362196,-0.7134114000439297,0.8001660338568091,0.8994627711031596
15141,458,7,1388.47,7.236677658449301,2.0794415416798357,1.2261942577286797,0.654643185938614,0.28832956279608235
15142,46,6,2619.92,7.87128068015632,1.9459101490553132,-0.7420755230651997,0.48966298795922886,0.7456201580308885
15143,226,2,563.63,6.336170649370582,1.0986122886681098,0.11784816757290292,-0.5571872395918231,-0.36056962631751277
15144,8,29,12160.31,9.406014879980829,3.4011973816621555,-0.923614968866577,2.2876939305965793,1.8515391211602132
15145,4,4,1194.73,7.0865121565162825,1.6094379124341003,-0.9427243842140904,0.07394609082159041,0.18012132959547492
15146,165,2,1327.16,7.1915498047067254,1.0986122886681098,-0.17357041647667631,-0.5571872395918231,0.2558107401719775
15147,240,1,623.5,6.436951329565632,0.6931471805599453,0.1847311212891998,-1.058145946714099,-0.2879477577506155
15148,11,1,301.29,5.711386821516136,0.6931471805599453,-0.909282907355942,-1.058145946714099,-0.8107845776489998
15149,134,5,1554.6100000000001,7.349623030648691,1.791759469228055,-0.3216683854199051,0.2992073267345332,0.3697172251856272
15150,17,13,9001.08,9.105210940727408,2.6390573296152584,-0.8806187843346719,1.3460575542855853,1.6347818607548625
15151,423,2,2085.61,7.643296018507768,1.0986122886681098,1.0589868734379375,-0.5571872395918231,0.5813359708090313
15152,10,14,5263.83,8.568804135347829,2.70805020110221,-0.9140602611928204,1.4312993642702228,1.2482507871078876
15153,31,1,329.25,5.799849943402434,0.6931471805599453,-0.813735830618375,-1.058145946714099,-0.7470386573177366
15154,75,3,1388.41,7.236634475584254,1.3862943611198906,-0.6035322617957277,-0.20175138038774237,0.2882984455190043
15155,383,1,383.96999999999997,5.95316540917378,0.6931471805599453,0.8678927199628036,-1.058145946714099,-0.636560581728541
15156,1,3,961.49,6.869523676497577,1.3862943611198906,-0.9570564457247255,-0.20175138038774237,0.023760915615819774
15157,4,5,2654.11,7.884241364079559,1.791759469228055,-0.9427243842140904,0.2992073267345332,0.7549595381837997
15158,45,2,606.02,6.408561739445854,1.0986122886681098,-0.7468528769020781,-0.5571872395918231,-0.30840510213801636
15159,2,34,22116.73,10.004134828308784,3.5553480614894135,-0.9522790918878471,2.478149591821275,2.2825402633498215
15160,357,4,589.27,6.380580059339054,1.6094379124341003,0.7436815202039665,0.07394609082159041,-0.3285685093611479
15161,388,1,119.92,4.795129169911258,0.6931471805599453,0.8917794891471953,-1.058145946714099,-1.4710335719947605
15162,731,1,312.9,5.749074463847908,0.6931471805599453,2.5304118551964687,-1.058145946714099,-0.7836271204586226
15163,18,2,304.47,5.721851574117079,1.0986122886681098,-0.8758414304977935,-0.5571872395918231,-0.803243748528776
15164,69,9,2068.92,7.635265238169592,2.302585092994046,-0.6321963848169978,0.9303406571479473,0.5755490454471475
15165,373,1,975.5,6.8839747503167334,0.6931471805599453,0.8201191815940201,-1.058145946714099,0.03417426052988643
15166,468,1,167.16,5.124915907128641,0.6931471805599453,1.2739677960974631,-1.058145946714099,-1.233391505688454
15167,321,5,1659.67,7.414976414378016,1.791759469228055,0.571696782076346,0.2992073267345332,0.41681042632703147
15168,26,1,106.56,4.678048831400664,0.6931471805599453,-0.8376225998027668,-1.058145946714099,-1.5554008628150675
15169,382,2,569.22,6.3460222512755795,1.0986122886681098,0.8631153661259252,-0.5571872395918231,-0.35347062939336577
15170,407,1,81.15,4.408546844483277,0.6931471805599453,0.9825492120478839,-1.058145946714099,-1.7496021505475297
15171,331,1,1289.5,7.162785019158669,0.6931471805599453,0.6194703204451295,-1.058145946714099,0.23508303252619647
15172,9,5,1624.05,7.393293863521244,1.791759469228055,-0.9188376150296986,0.2992073267345332,0.40118612854031244
15173,381,7,1494.6,7.310282743102959,2.0794415416798357,0.8583380122890469,0.654643185938614,0.34136888316212854
15174,323,2,481.46,6.178898015788112,1.0986122886681098,0.5812514897501027,-0.5571872395918231,-0.4738992099548825
15175,72,1,224.14,5.416722430926658,0.6931471805599453,-0.6178643233063628,-1.058145946714099,-1.0231177212963576
15176,668,1,988.04,6.896734775698672,0.6931471805599453,2.229438563473133,-1.058145946714099,0.043369047510922513
15177,426,1,948.93,6.856388297669246,0.6931471805599453,1.0733189349485726,-1.058145946714099,0.014295651509631014
15178,260,1,40.5,3.7256934272366524,0.6931471805599453,0.28027819802676673,-1.058145946714099,-2.241661650659703
15179,18,13,7491.92,8.921713853675792,2.6390573296152584,-0.8758414304977935,1.3460575542855853,1.5025551153858077
15180,367,3,904.4300000000001,6.808409968979098,1.3862943611198906,0.79145505857275,-0.20175138038774237,-0.020277203857606674
15181,66,5,1200.2,7.091076336109175,1.791759469228055,-0.6465284463276328,0.2992073267345332,0.1834102461801742
15182,154,11,2998.952,8.006351567522245,2.4849066497880004,-0.22612130868233815,1.15560189306089,0.8429513152578285
15183,548,3,639.93,6.462920246589264,1.3862943611198906,1.656156103047731,-0.20175138038774237,-0.26923473383308605
15184,29,4,689.95,6.538067462249494,1.6094379124341003,-0.8232905382921317,0.07394609082159041,-0.21508416441558054
15185,70,1,310.62,5.741784496789209,0.6931471805599453,-0.6274190309801194,-1.058145946714099,-0.7888802208402556
15186,14,5,1403.2,7.247223024583149,1.791759469228055,-0.8949508458453069,0.2992073267345332,0.29592848147652745
15187,2,16,4777.18,8.471814999842545,2.833213344056216,-0.9522790918878471,1.5859404542672264,1.178361079701173
15188,725,1,310.43,5.7411745938732635,0.6931471805599453,2.5017477321751986,-1.058145946714099,-0.7893197127082866
15189,1,46,17524.38,9.771405394977268,3.8501476017100584,-0.9570564457247255,2.842379197713229,2.1148370261188436
15190,434,1,834.4399999999999,6.727958532171293,0.6931471805599453,1.1115377656435994,-1.058145946714099,-0.07824995874045605
15191,463,3,588.05,6.378511069692128,1.3862943611198906,1.2500810269130715,-0.20175138038774237,-0.3300594091438693
15192,120,5,1981.39,7.592058466471517,1.791759469228055,-0.388551339136202,0.2992073267345332,0.5444145413994992
15193,61,1,499.32,6.215247893709531,0.6931471805599453,-0.6704152155120245,-1.058145946714099,-0.4477057366450875
15194,3,28,12427.69,9.427762788765785,3.367295829986474,-0.9475017380509687,2.245808014503504,1.867210515422777
15195,3,1,3861.0,8.258940462988459,0.6931471805599453,-0.9475017380509687,-1.058145946714099,1.0249651450167008
15196,433,2,316.25,5.759690106594497,1.0986122886681098,1.106760411806721,-0.5571872395918231,-0.7759775609318972
15197,11,6,1877.51,7.538234188396181,1.9459101490553132,-0.909282907355942,0.48966298795922886,0.5056291349056149
15198,92,5,571.35,6.349750692364485,1.791759469228055,-0.5223172465687957,0.2992073267345332,-0.3507839402561831
15199,59,10,3122.4,8.046677431053746,2.3978952727983707,-0.6799699231857812,1.0480979277381186,0.8720098565929681
15200,495,1,549.05,6.310009183185445,0.6931471805599453,1.4029563496931785,-1.058145946714099,-0.37942139984332507
15201,87,7,1842.95,7.51966528878146,2.0794415416798357,-0.5462040157531874,0.654643185938614,0.49224851289907234
15202,420,3,6001.49,8.699929662121509,1.3862943611198906,1.0446548119273025,-0.20175138038774237,1.3427389444877886
15203,26,15,4400.18,8.389627965770218,2.772588722239781,-0.8376225998027668,1.5110377522649707,1.119137665305159
15204,357,1,316.58,5.760729755097951,0.6931471805599453,0.7436815202039665,-1.058145946714099,-0.7752283973339983
15205,85,2,653.24,6.483474256616332,1.0986122886681098,-0.5557587234269442,-0.5571872395918231,-0.2544236548463248
15206,10,4,420.29999999999995,6.04334516898497,1.6094379124341003,-0.9140602611928204,0.07394609082159041,-0.5715776638545224
15207,416,3,683.9200000000001,6.5293020431207704,1.3862943611198906,1.0255453965797892,-0.20175138038774237,-0.22140046546324074
15208,1,6,970.52,6.878861855327155,1.9459101490553132,-0.9570564457247255,0.48966298795922886,0.03048994338486562
15209,730,1,178.98000000000002,5.192845733605803,0.6931471805599453,2.5256345013595904,-1.058145946714099,-1.1844417375320084
15210,225,3,1176.19,7.070885521589972,1.3862943611198906,0.11307081373602457,-0.20175138038774237,0.16886088339125127
15211,60,2,1277.48,7.153427151276853,1.0986122886681098,-0.6751925693489029,-0.5571872395918231,0.22833981696082864
15212,241,2,208.28,5.343673068268834,1.0986122886681098,0.18950847512607816,-0.5571872395918231,-1.0757565921946775
15213,319,2,328.35,5.797121015086702,1.0986122886681098,0.5621420744025893,-0.5571872395918231,-0.749005104389636
15214,2,8,1661.44,7.416041681653177,2.1972245773362196,-0.9522790918878471,0.8001660338568091,0.4175780506365289
15215,47,7,2422.43,7.792939171022606,2.0794415416798357,-0.7372981692283215,0.654643185938614,0.6891678025930217
15216,88,2,486.09,6.188448910936394,1.0986122886681098,-0.5414266619163092,-0.5571872395918231,-0.46701690026206905
15217,563,1,426.24,6.057345916221495,0.6931471805599453,1.7278164106009062,-1.058145946714099,-0.561488821194586
15218,11,22,11516.57,9.35162897449944,3.1354942159291497,-0.909282907355942,1.9594133665673954,1.8123490098004058
15219,176,2,685.45,6.531533389343614,1.0986122886681098,-0.12101952427101449,-0.5571872395918231,-0.21979257264282165
15220,52,6,1778.96,7.484346171123521,1.9459101490553132,-0.7134114000439297,0.48966298795922886,0.4667977983822676
15221,366,4,2465.4500000000003,7.810535148828345,1.6094379124341003,0.7866777047358717,0.07394609082159041,0.7018473438011307
15222,319,11,3550.91,8.175240765953214,2.4849066497880004,0.5621420744025893,1.15560189306089,0.9646517160398519
15223,226,5,1417.95,7.2576724404574895,1.791759469228055,0.11784816757290292,0.2992073267345332,0.3034582590565015
15224,358,5,871.36,6.771202182749025,1.791759469228055,0.7484588740408449,0.2992073267345332,-0.0470888800244665
15225,234,1,409.40000000000003,6.01713229385656,0.6931471805599453,0.15606699826792972,-1.058145946714099,-0.5904664823130967
15226,311,1,154.41,5.04606678592752,0.6931471805599453,0.5239232437075625,-1.058145946714099,-1.2902096429088101
15227,37,9,2488.4900000000002,7.819833149203312,2.302585092994046,-0.7850717075971049,0.9303406571479473,0.7085474192507006
15228,66,6,5580.2699999999995,8.62717162804504,1.9459101490553132,-0.6465284463276328,0.48966298795922886,1.290310002971807
15229,586,1,160.5,5.084505142662711,0.6931471805599453,1.8376955488491082,-1.058145946714099,-1.2625112260560167
15230,239,2,429.6,6.065179584930263,1.0986122886681098,0.17995376745232144,-0.5571872395918231,-0.5558439331241369
15231,621,1,250.26,5.526488259576272,0.6931471805599453,2.0049029331398507,-1.058145946714099,-0.9440212162330748
15232,113,2,612.06,6.418462810428566,1.0986122886681098,-0.42199281599435046,-0.5571872395918231,-0.30127045813495507
15233,401,1,59.400000000000006,4.100989104940769,0.6931471805599453,0.9538850890266138,-1.058145946714099,-1.9712261532289992
15234,277,1,197.0,5.288267030694535,0.6931471805599453,0.3614932132536987,-1.058145946714099,-1.1156818037604845
15235,218,16,2937.81,7.985760016489754,2.833213344056216,0.07962933687787613,1.5859404542672264,0.8281131844794304
15236,299,1,321.05,5.7747068129929,0.6931471805599453,0.4665949976650223,-1.058145946714099,-0.7651566250515093
15237,2,4,1412.32,7.253696825551129,1.6094379124341003,-0.9522790918878471,0.07394609082159041,0.30059345815772304
15238,29,3,1071.99,6.978204422922778,1.3862943611198906,-0.8232905382921317,-0.20175138038774237,0.10207551785275648
15239,10,2,780.59,6.661330306378558,1.0986122886681098,-0.9140602611928204,-0.5571872395918231,-0.12626180234977552
15240,45,12,4459.98,8.403123751818507,2.5649493574615367,-0.7468528769020781,1.2544959545938104,1.1288626363879986
15241,67,11,3050.16,8.023277125163998,2.4849066497880004,-0.6417510924907545,1.15560189306089,0.8551477562830525
15242,422,1,302.04,5.713864809997713,0.6931471805599453,1.0542095196010592,-1.058145946714099,-0.8089989561045619
15243,74,2,927.2800000000001,6.833333411414558,1.0986122886681098,-0.608309615632606,-0.5571872395918231,-0.002317541774759241
15244,65,3,912.08,6.816823499976432,1.3862943611198906,-0.6513058001645111,-0.20175138038774237,-0.014214470989666331
15245,134,8,4610.84,8.43638218867962,2.1972245773362196,-0.3216683854199051,0.8001660338568091,1.1528284384226113
15246,238,3,780.4,6.66108718262097,1.3862943611198906,0.1751764136154431,-0.20175138038774237,-0.12643699566594327
15247,122,3,976.06,6.884548062644319,1.3862943611198906,-0.3789966314624453,-0.20175138038774237,0.034587385470312516
15248,411,3,1893.93,7.546937177520269,1.3862943611198906,1.0016586273953973,-0.20175138038774237,0.511900449319106
15249,32,18,9266.0,9.134214981586691,2.9444389791664403,-0.8089584767814967,1.7233615276208618,1.6556819741408326
15250,641,1,60.0,4.110873864173311,0.6931471805599453,2.1004500098774175,-1.058145946714099,-1.964103263361499
15251,9,21,20324.54,9.919633502328765,3.091042453358316,-0.9188376150296986,1.9044924940644754,2.2216491860404335
15252,36,5,2103.41,7.6517904217936605,1.791759469228055,-0.7898490614339833,0.2992073267345332,0.5874569796947464
15253,16,8,2055.09,7.628561399936054,2.1972245773362196,-0.8853961381715503,0.8001660338568091,0.5707183054863983
15254,127,3,1088.35,6.993336467072343,1.3862943611198906,-0.3551098622780536,-0.20175138038774237,0.11297956532744426
15255,67,9,3729.42,8.22427610683509,2.302585092994046,-0.6417510924907545,0.9303406571479473,0.9999862471599492
15256,149,2,170.4,5.1440000061636795,1.0986122886681098,-0.2500080778667299,-0.5571872395918231,-1.2196396345048313
15257,283,2,685.9,6.5321887212198355,1.0986122886681098,0.3901573362749688,-0.5571872395918231,-0.21932034497685868
15258,169,2,623.16,6.4364067457583465,1.0986122886681098,-0.15446100112916294,-0.5571872395918231,-0.2883401811158857
15259,513,4,1182.3799999999999,7.076130029643467,1.6094379124341003,1.488948718756989,0.07394609082159041,0.17264004000958189
15260,100,25,9188.23,9.125787425114728,3.258096538021482,-0.48409841587376895,2.110890520920167,1.6496091346118427
15261,135,4,1508.0,7.319202458767849,1.6094379124341003,-0.3168910315830268,0.07394609082159041,0.34779636923799245
15262,324,3,418.82,6.03982604798586,1.3862943611198906,0.586028843586981,-0.20175138038774237,-0.5741135183672501
15263,107,1,156.51,5.059488948313644,0.6931471805599453,-0.45065693901562054,-1.058145946714099,-1.280537724533164
15264,64,2,848.4,6.744530217879171,1.0986122886681098,-0.6560831540013895,-0.5571872395918231,-0.06630851540944992
15265,151,4,3345.64,8.115712136418376,1.6094379124341003,-0.2404533701929732,0.07394609082159041,0.9217557929157002
15266,338,5,852.21,6.749005707109851,1.791759469228055,0.652911797303278,0.2992073267345332,-0.06308350849290616
15267,22,5,1717.36,7.449125626576209,1.791759469228055,-0.8567320151502801,0.2992073267345332,0.441418114974504
15268,479,3,961.9000000000001,6.869949564246238,1.3862943611198906,1.326518688303125,-0.20175138038774237,0.024067807413410962
15269,24,3,1225.3600000000001,7.111805711239658,1.3862943611198906,-0.8471773074765234,-0.20175138038774237,0.19834769206053796
15270,16,21,8524.86,9.050859176829093,3.091042453358316,-0.8853961381715503,1.9044924940644754,1.5956163515862074
15271,7,24,4709.54,8.45755783012022,3.2188758248682006,-0.9283923227034554,2.062432694683636,1.1680874607525131
15272,57,6,2085.48,7.643233714555521,1.9459101490553132,-0.689524630859538,0.48966298795922886,0.5812910750073506
15273,600,1,228.96,5.43790538075509,0.6931471805599453,1.9045785025654052,-1.058145946714099,-1.0078534325921902
15274,4,2,716.57,6.5758705038506235,1.0986122886681098,-0.9427243842140904,-0.5571872395918231,-0.18784355130131175
15275,38,1,615.14,6.4234742104382585,0.6931471805599453,-0.7802943537602266,-1.058145946714099,-0.2976592775779705
15276,66,4,649.53,6.477787415259625,1.6094379124341003,-0.6465284463276328,0.07394609082159041,-0.2585215538163284
15277,47,2,476.34,6.168229025235398,1.0986122886681098,-0.7372981692283215,-0.5571872395918231,-0.481587211545675
15278,562,4,496.15999999999997,6.208911905877311,1.6094379124341003,1.723039056764028,0.07394609082159041,-0.4522714061236269
15279,355,5,1580.54,7.366154334869737,1.791759469228055,0.7341268125302098,0.2992073267345332,0.38162956989352864
15280,172,3,406.21999999999997,6.009353579943722,1.3862943611198906,-0.14012893961852788,-0.20175138038774237,-0.5960717703336207
15281,59,16,8543.57,9.053051272457877,2.833213344056216,-0.6799699231857812,1.5859404542672264,1.5971959606971156
15282,570,1,348.59,5.856761039253281,0.6931471805599453,1.7612578874590548,-1.058145946714099,-0.7060289110560588
15283,390,3,148.33,5.006158622069178,1.3862943611198906,0.9013341968209521,-0.20175138038774237,-1.3189671927175393
15284,500,1,24.75,3.248434627109745,0.6931471805599453,1.4268431188775703,-1.058145946714099,-2.585571076435872
15285,408,1,94.92,4.5635145107192585,0.6931471805599453,0.9873265658847623,-1.058145946714099,-1.6379335106085329
15286,50,1,240.55,5.4870764910004155,0.6931471805599453,-0.7229661077176863,-1.058145946714099,-0.9724210669977793
15287,22,5,856.03,6.753472923819396,1.791759469228055,-0.8567320151502801,0.2992073267345332,-0.05986446269848886
15288,43,10,3883.13,8.264654299499902,2.3978952727983707,-0.7564075845758348,1.0480979277381186,1.0290824965104959
15289,29,5,1593.09,7.37405831948775,1.791759469228055,-0.8232905382921317,0.2992073267345332,0.38732512712704975
15290,5,26,10496.28,9.258871454967936,3.295836866004329,-0.937947030377212,2.1575193073054413,1.7455085759099915
15291,26,40,13846.56,9.53586432280995,3.713572066704308,-0.8376225998027668,2.6736379125253507,1.945107741181141
15292,201,1,180.94,5.203676962393915,0.6931471805599453,-0.0015856783490557876,-1.058145946714099,-1.1766368281788868
15293,666,1,247.5,5.5154428455366835,0.6931471805599453,2.219883855799376,-1.058145946714099,-0.951980466012869
15294,411,1,233.35,5.456815724368715,0.6931471805599453,1.0016586273953973,-1.058145946714099,-0.9942267683763343
15295,654,1,217.23999999999998,5.3855953746550975,0.6931471805599453,2.162555609756836,-1.058145946714099,-1.045547665061896
15296,51,12,10342.83,9.244145485668538,2.5649493574615367,-0.718188753880808,1.2544959545938104,1.7348971431938072
15297,10,3,641.94,6.466051407286527,1.3862943611198906,-0.9140602611928204,-0.20175138038774237,-0.2669784408592899
15298,2,23,9459.37,9.154866773331808,3.1780538303479458,-0.9522790918878471,2.0119964593872464,1.6705635139645583
15299,67,10,7991.54,8.986263885613372,2.3978952727983707,-0.6417510924907545,1.0480979277381186,1.5490694267229346
15300,64,1,496.44,6.2094749463104435,0.6931471805599453,-0.6560831540013895,-1.058145946714099,-0.45186568304005875
15301,51,17,7603.4400000000005,8.936487566216204,2.8903717578961645,-0.718188753880808,1.6565606001831652,1.5132009515547884
15302,730,1,308.0,5.733341276897746,0.6931471805599453,2.5256345013595904,-1.058145946714099,-0.7949643473221619
15303,290,3,1224.18,7.110843050959893,1.3862943611198906,0.4235988131331172,-0.20175138038774237,0.19765400564984564
15304,61,9,919.5500000000001,6.824971317503215,2.302585092994046,-0.6704152155120245,0.9303406571479473,-0.008343209430487246
15305,555,1,93.6,4.549657476057832,0.6931471805599453,1.6895975799058796,-1.058145946714099,-1.6479187949701926
15306,64,9,3484.73,8.15643277041254,2.302585092994046,-0.6560831540013895,0.9303406571479473,0.9510988031450572
15307,96,1,205.3,5.329331420077207,0.6931471805599453,-0.5032078312212823,-1.058145946714099,-1.0860910857502806
15308,274,1,310.47,5.741303025403381,0.6931471805599453,0.3471611517430636,-1.058145946714099,-0.7892271658264637
15309,611,4,797.96,6.683310881934879,1.6094379124341003,1.957129394771067,0.07394609082159041,-0.11042275000376485
15310,479,1,1634.64,7.399789444048626,0.6931471805599453,1.326518688303125,-1.058145946714099,0.40586679942298814
15311,1,208,116771.16,11.667979964800535,5.342334251964811,-0.9570564457247255,4.685999968399436,3.481495684012979
15312,75,12,2930.19,7.983163762901939,2.5649493574615367,-0.6035322617957277,1.2544959545938104,0.8262423419086544
15313,110,1,52.0,3.970291913552122,0.6931471805599453,-0.4363248775049855,-1.058145946714099,-2.065405655061287
15314,199,3,820.4499999999999,6.711071071352346,1.3862943611198906,-0.011140386022812485,-0.20175138038774237,-0.09041894745583923
15315,64,2,570.5,6.348264483234865,1.0986122886681098,-0.6560831540013895,-0.5571872395918231,-0.3518548923857511
15316,327,1,165.0,5.111987788356544,0.6931471805599453,0.6003609050976161,-1.058145946714099,-1.2427074196162766
15317,677,1,129.75,4.873287102945032,0.6931471805599453,2.272434748005038,-1.058145946714099,-1.4147135002384086
15318,4,1,312.62,5.748182061952885,0.6931471805599453,-0.9427243842140904,-1.058145946714099,-0.7842701791580057
15319,284,1,204.5,5.32544603393629,0.6931471805599453,0.3949346901118471,-1.058145946714099,-1.088890868418062
15320,44,1,267.13,5.591471937527057,0.6931471805599453,-0.7516302307389565,-1.058145946714099,-0.8971944225460117
15321,71,12,6709.7300000000005,8.811463016894713,2.5649493574615367,-0.622641677143241,1.2544959545938104,1.4231091167816108
15322,86,2,1390.86,7.238396261123746,1.0986122886681098,-0.5509813695900658,-0.5571872395918231,0.2895679761239216
15323,563,3,434.6,6.076724391058805,1.3862943611198906,1.7278164106009062,-0.20175138038774237,-0.5475248248220828
15324,701,1,140.22000000000003,4.950318958088201,0.6931471805599453,2.3870912400901183,-1.058145946714099,-1.3592048725049533
15325,104,8,1602.01,7.379638390893277,2.1972245773362196,-0.4649890005262556,0.8001660338568091,0.3913460884007958
15326,334,5,1700.52,7.43927724820629,1.791759469228055,0.6338023819557645,0.2992073267345332,0.43432144090767744
15327,53,1,208.75,5.345916345347316,0.6931471805599453,-0.7086340462070513,-1.058145946714099,-1.0741401020813208
15328,408,1,107.24,4.684350983862532,0.6931471805599453,0.9873265658847623,-1.058145946714099,-1.5508595748728893
15329,39,11,2984.33,8.001465572480015,2.4849066497880004,-0.7755169999233482,1.15560189306089,0.8394305006623268
15330,32,2,714.96,6.5736242994783,1.0986122886681098,-0.8089584767814967,-0.5571872395918231,-0.18946215080258114
15331,500,3,767.91,6.644973927545967,1.3862943611198906,1.4268431188775703,-0.20175138038774237,-0.13804809701966494
15332,366,6,6553.74,8.787943731032811,1.9459101490553132,0.7866777047358717,0.48966298795922886,1.4061612803178698
15333,208,1,1028.56,6.936886805488385,0.6931471805599453,0.03185579850909265,-1.058145946714099,0.07230232544116906
15334,157,3,351.67,5.8655327755013085,1.3862943611198906,-0.2117892471717031,-0.20175138038774237,-0.6997080579354523
15335,54,1,173.97,5.164614530656529,0.6931471805599453,-0.703856692370173,-1.058145946714099,-1.2047849492080922
15336,402,1,240.5,5.486869473092628,0.6931471805599453,0.9586624428634922,-1.058145946714099,-0.972570242685632
15337,411,1,373.02,5.924309271920574,0.6931471805599453,1.0016586273953973,-1.058145946714099,-0.6573541167879875
15338,677,1,283.43,5.650487177597977,0.6931471805599453,2.272434748005038,-1.058145946714099,-0.854668444356744
15339,66,7,1827.84,7.511437165067318,2.0794415416798357,-0.6465284463276328,0.654643185938614,0.4863193832507696
15340,562,1,105.5,4.66814498514948,0.6931471805599453,1.723039056764028,-1.058145946714099,-1.5625375066576004
15341,81,2,2402.7200000000003,7.784772816325887,1.0986122886681098,-0.5748681387744575,-0.5571872395918231,0.6832831832760254
15342,130,1,406.09,6.0090342912180414,0.6931471805599453,-0.34077780076741854,-1.058145946714099,-0.5963018476046453
15343,87,1,364.5,5.901266279189834,0.6931471805599453,-0.5462040157531874,-1.058145946714099,-0.6739587396804018
15344,1,3,563.94,6.3367195308171205,1.3862943611198906,-0.9570564457247255,-0.20175138038774237,-0.36017410610280337
15345,46,1,393.54,5.9777205293157225,0.6931471805599453,-0.7420755230651997,-1.058145946714099,-0.6188663301701939
15346,333,3,596.12,6.3921180982189245,1.3862943611198906,0.6290250281188862,-0.20175138038774237,-0.3202542774921822
15347,366,4,1363.6,7.2186166243813235,1.6094379124341003,0.7866777047358717,0.07394609082159041,0.27531490522750485
15348,72,1,158.04,5.069155742908264,0.6931471805599453,-0.6178643233063628,-1.058145946714099,-1.273571898492349
15349,158,2,473.81,6.1629147240133015,1.0986122886681098,-0.20701189333482475,-0.5571872395918231,-0.4854166606437467
15350,373,2,663.25,6.498658584639923,1.0986122886681098,0.8201191815940201,-0.5571872395918231,-0.24348193196976056
15351,12,10,3738.29,8.226651032814573,2.3978952727983707,-0.9045055535190636,1.0480979277381186,1.0016976025705728
15352,549,1,114.95,4.753159063701541,0.6931471805599453,1.6609334568846095,-1.058145946714099,-1.501276943353257
15353,255,7,3175.95,8.06367689602795,2.0794415416798357,0.25639142884237504,0.654643185938614,0.8842595547362518
15354,603,3,284.4,5.653891705042736,1.3862943611198906,1.9189105640760402,-0.20175138038774237,-0.8522151651751871
15355,29,2,277.05,5.627800953633573,1.0986122886681098,-0.8232905382921317,-0.5571872395918231,-0.871015982117291
15356,31,13,3464.95,8.150742044320372,2.6390573296152584,-0.813735830618375,1.3460575542855853,0.9469981048612618
15358,5,42,17050.41,9.74398817723959,3.7612001156935624,-0.937947030377212,2.7324831383346417,2.095080366616624
15359,663,8,181.35,5.205927917254689,2.1972245773362196,2.2055517942887413,0.8001660338568091,-1.1750148055081453
15360,40,1,427.93,6.061293735451147,0.6931471805599453,-0.7707396460864698,-1.058145946714099,-0.558644049670254
15361,362,4,689.07,6.536793041721038,1.6094379124341003,0.7675682893883583,0.07394609082159041,-0.21600250312829183
15362,449,2,613.08,6.420125212819335,1.0986122886681098,1.1831980731967746,-0.5571872395918231,-0.3000725423469877
15363,373,2,1004.11,6.912852267239981,1.0986122886681098,0.8201191815940201,-0.5571872395918231,0.05498320163327719
15364,96,2,913.19,6.818038427312331,1.0986122886681098,-0.5032078312212823,-0.5571872395918231,-0.01333900266443562
15365,26,13,4557.13,8.42466773068017,2.6390573296152584,-0.8376225998027668,1.3460575542855853,1.1443870801432072
15366,75,7,2389.08,7.779082117168702,2.0794415416798357,-0.6035322617957277,0.654643185938614,0.6791825044013939
15367,57,11,5081.33,8.533525096836854,2.4849066497880004,-0.689524630859538,1.15560189306089,1.2228289533501475
15368,21,2,722.74,6.584432211866017,1.0986122886681098,-0.8615093689871585,-0.5571872395918231,-0.1816740430880443
15369,492,11,6251.26,8.740698277368923,2.4849066497880004,1.3886242881825435,1.15560189306089,1.3721165296799305
15370,41,8,3739.01,8.226843564201795,2.1972245773362196,-0.7659622922495916,0.8001660338568091,1.0018363393708287
15371,662,1,59.400000000000006,4.100989104940769,0.6931471805599453,2.200774440451863,-1.058145946714099,-1.9712261532289992
15372,137,8,6017.06,8.702520227230021,2.1972245773362196,-0.30733632390927007,0.8001660338568091,1.3446056879793018
15373,8,17,3421.39,8.138094416397738,2.8903717578961645,-0.923614968866577,1.6565606001831652,0.9378843107203321
15374,129,2,307.32,5.731138204666056,1.0986122886681098,-0.34555515460429687,-0.5571872395918231,-0.7965518660980176
15375,690,1,60.959999999999994,4.1264890155486675,0.6931471805599453,2.3345403478844564,-1.058145946714099,-1.952851092125518
15376,40,3,1233.3600000000001,7.118307896116917,1.3862943611198906,-0.7707396460864698,-0.20175138038774237,0.2030331219925459
15377,383,4,1211.75,7.100645787125326,1.6094379124341003,0.8678927199628036,0.07394609082159041,0.19030592710440739
15378,463,2,246.5,5.511410582008745,1.0986122886681098,1.2500810269130715,-0.5571872395918231,-0.9548860875207444
15379,169,8,4877.84,8.492662765672868,2.1972245773362196,-0.15446100112916294,0.8001660338568091,1.1933838371097656
15380,9,11,3479.0600000000004,8.154804813999199,2.4849066497880004,-0.9188376150296986,1.15560189306089,0.9499257088927319
15381,214,5,1890.5700000000002,7.545162451054191,1.791759469228055,0.06051992153036274,0.2992073267345332,0.510621593571037
15382,15,12,13733.550000000001,9.527669834978457,2.5649493574615367,-0.8901734920084285,1.2544959545938104,1.9392028493197258
15384,170,4,2027.79,7.615194835208677,1.6094379124341003,-0.1496836472922846,0.07394609082159041,0.5610864504032234
15385,40,3,942.08,6.849151114666084,1.3862943611198906,-0.7707396460864698,-0.20175138038774237,0.009080586957248473
15386,186,1,394.14,5.979240132485259,0.6931471805599453,-0.07324598590223101,-1.058145946714099,-0.6177713145239575
15387,492,1,468.65,6.151987736440525,0.6931471805599453,1.3886242881825435,-1.058145946714099,-0.49329057312187763
15388,270,1,140.54,4.952582362647639,0.6931471805599453,0.32805173639555024,-1.058145946714099,-1.3575738786665401
15389,172,5,2733.8,7.913813586039639,1.791759469228055,-0.14012893961852788,0.2992073267345332,0.7762690789832828
15390,396,2,1216.66,7.104686263160091,1.0986122886681098,0.9299983198422221,-0.5571872395918231,0.1932174664885088
15391,584,1,289.87,5.672876431960318,0.6931471805599453,1.8281408411753517,-1.058145946714099,-0.8385349008594599
15392,5,7,2911.62,7.976808298741926,2.0794415416798357,-0.937947030377212,0.654643185938614,0.8216626379215728
15393,16,5,891.34,6.793847225874017,1.791759469228055,-0.8853961381715503,0.2992073267345332,-0.030771016895024955
15394,10,11,5286.8,8.57315755933367,2.4849066497880004,-0.9140602611928204,1.15560189306089,1.2513878346442189
15395,326,1,107.45,4.6862892372728835,0.6931471805599453,0.5955835512607377,-1.058145946714099,-1.549462882727694
15396,113,2,796.38,6.681331353117785,1.0986122886681098,-0.42199281599435046,-0.5571872395918231,-0.11184918492463655
15397,290,1,94.0,4.553876891600541,0.6931471805599453,0.4235988131331172,-1.058145946714099,-1.6448783130010425
15398,16,2,1345.53,7.205286191988605,1.0986122886681098,-0.8853961381715503,-0.5571872395918231,0.265709086857453
15399,1,3,815.77,6.705357537478585,1.3862943611198906,-0.9570564457247255,-0.20175138038774237,-0.09453608087099079
15400,92,8,1302.3,7.172654788536674,2.1972245773362196,-0.5223172465687957,0.8001660338568091,0.24219512080708377
15401,452,2,216.95000000000002,5.384265678684402,1.0986122886681098,1.1975301347074097,-0.5571872395918231,-1.0465058348800682
15402,149,6,1830.54,7.512912422002219,1.9459101490553132,-0.2500080778667299,0.48966298795922886,0.4873824433037623
15403,492,2,170.88,5.146796558906795,1.0986122886681098,1.3886242881825435,-0.5571872395918231,-1.2176244577332729
15404,376,1,257.06,5.5531921160237,0.6931471805599453,0.8344512431046551,-1.058145946714099,-0.9247785999955069
15405,189,2,659.84,6.493511753062391,1.0986122886681098,-0.05891392439159597,-0.5571872395918231,-0.24719070358785336
15406,31,4,975.87,6.884353582800518,1.6094379124341003,-0.813735830618375,0.07394609082159041,0.034447244625578466
15407,34,4,1056.44,6.963606171722143,1.6094379124341003,-0.7994037691077399,0.07394609082159041,0.09155611792464217
15408,264,1,267.18,5.591658396851496,0.6931471805599453,0.29938761337428016,-1.058145946714099,-0.8970600612326499
15409,721,1,131.25,4.8846940707384086,0.6931471805599453,2.482638316827685,-1.058145946714099,-1.4064937172975303
15410,84,10,4685.72,8.45248825643265,2.3978952727983707,-0.5605360772638225,1.0480979277381186,1.1644343606412981
15411,26,4,1358.88,7.215151739543018,1.6094379124341003,-0.8376225998027668,0.07394609082159041,0.2728181329211472
15412,171,1,190.53,5.25504445431457,0.6931471805599453,-0.14490629345540623,-1.058145946714099,-1.1396217649777542
15413,692,5,6798.72,8.824636713845836,1.791759469228055,2.3440950555582134,0.2992073267345332,1.432601992664895
15414,10,3,774.9000000000001,6.654023645899904,1.3862943611198906,-0.9140602611928204,-0.20175138038774237,-0.1315269318956049
15415,313,1,572.8100000000001,6.3522983310705525,0.6931471805599453,0.5334779513813193,-1.058145946714099,-0.3489481292365522
15416,65,7,4572.82,8.428104020944367,2.0794415416798357,-0.6513058001645111,0.654643185938614,1.1468632473951177
15417,85,1,508.8,6.234018491942015,0.6931471805599453,-0.5557587234269442,-1.058145946714099,-0.4341797719946878
15418,425,2,452.32,6.116598277864748,1.0986122886681098,1.0685415811116943,-0.5571872395918231,-0.5187919748227757
15419,25,1,135.86,4.918958505524352,0.6931471805599453,-0.842399953639645,-1.058145946714099,-1.381803000041724
15420,434,6,743.0,6.612041034833092,1.9459101490553132,1.1115377656435994,0.48966298795922886,-0.1617793141685612
15421,59,10,3805.34,8.244423376498858,2.3978952727983707,-0.6799699231857812,1.0480979277381186,1.0145042318239967
15422,323,7,1619.97,7.390780014470032,2.0794415416798357,0.5812514897501027,0.654643185938614,0.3993746661147681
15423,38,3,266.89,5.590576448492924,1.3862943611198906,-0.7802943537602266,-0.20175138038774237,-0.8978397058167145
15424,254,3,597.78,6.394894251854076,1.3862943611198906,0.25161407500549665,-0.20175138038774237,-0.3182538001782437
15425,400,4,1944.57,7.573310272245073,1.6094379124341003,0.9491077351897356,0.07394609082159041,0.5309047209225546
15426,19,9,2615.39,7.869550784034195,2.302585092994046,-0.8710640766609151,0.9303406571479473,0.7443736067219253
15427,33,3,1483.14,7.302590758900265,1.3862943611198906,-0.8041811229446183,-0.20175138038774237,0.3358260919772946
15428,15,4,762.75,6.638240510485805,1.6094379124341003,-0.8901734920084285,0.07394609082159041,-0.14290015128048955
15429,27,2,397.35,5.987331015826375,1.0986122886681098,-0.8328452459658884,-0.5571872395918231,-0.6119410793494038
15430,468,2,954.75,6.862496372576522,1.0986122886681098,1.2739677960974631,-0.5571872395918231,0.01869708849392674
15431,503,1,153.24,5.038509830862235,0.6931471805599453,1.4411751803882054,-1.058145946714099,-1.2956551330211503
15432,23,2,320.76,5.773805926024342,1.0986122886681098,-0.8519546613134018,-0.5571872395918231,-0.7658057980368237
15433,214,2,533.3,6.2809574789637255,1.0986122886681098,0.06051992153036274,-0.5571872395918231,-0.40035585912213517
15434,8,11,2567.06,7.850906029022887,2.4849066497880004,-0.923614968866577,1.15560189306089,0.7309383238356355
15435,22,1,149.29,5.012566760946003,0.6931471805599453,-0.8567320151502801,-1.058145946714099,-1.314349531689944
15436,12,3,1122.53,7.024230793538577,1.3862943611198906,-0.9045055535190636,-0.20175138038774237,0.135241805587695
15437,262,2,393.45,5.977492389541099,1.0986122886681098,0.28983290570052345,-0.5571872395918231,-0.6190307261307643
15438,131,1,156.57999999999998,5.059933265817542,0.6931471805599453,-0.33600044693054015,-1.058145946714099,-1.2802175523800525
15439,405,4,1269.05,7.1468115487563955,1.6094379124341003,0.9729945043741273,0.07394609082159041,0.22357265905118098
15440,55,3,383.68,5.952411819844281,1.3862943611198906,-0.6990793385332946,-0.20175138038774237,-0.6371036130430185
15441,396,3,1254.21,7.135058168244959,1.3862943611198906,0.9299983198422221,-0.20175138038774237,0.21510325347596262
15442,249,1,594.0,6.38856140554563,0.6931471805599453,0.22772730582110493,-1.058145946714099,-0.32281720589624674
15443,2,14,5175.93,8.55196749546608,2.70805020110221,-0.9522790918878471,1.4312993642702228,1.2361184196121122
15444,9,2,1418.26,7.257890888001,1.0986122886681098,-0.9188376150296986,-0.5571872395918231,0.30361567086164953
15445,264,2,284.5,5.654242029096065,1.0986122886681098,0.29938761337428016,-0.5571872395918231,-0.8519627240594152
15446,377,3,406.95,6.011144617874809,1.3862943611198906,0.8392285969415335,-0.20175138038774237,-0.5947811606554764
15447,331,5,492.88,6.202292572699543,1.791759469228055,0.6194703204451295,0.2992073267345332,-0.45704125231940557
15448,313,2,788.81,6.671792410205668,1.0986122886681098,0.5334779513813193,-0.5571872395918231,-0.11872288191785198
15449,26,3,974.52,6.882970662159506,1.3862943611198906,-0.8376225998027668,-0.20175138038774237,0.03345072147416054
15450,30,1,429.84,6.0657367914825695,0.6931471805599453,-0.8185131844552533,-1.058145946714099,-0.5554424138951747
15451,434,2,233.21,5.45621814880031,1.0986122886681098,1.1115377656435994,-0.5571872395918231,-0.9946573772420765
15452,30,6,1799.1100000000001,7.49560305312816,1.9459101490553132,-0.8185131844552533,0.48966298795922886,0.4749094305307286
15453,2,7,1388.37,7.236605685971544,2.0794415416798357,-0.9522790918878471,0.654643185938614,0.2882776999210756
15454,362,2,307.69,5.732337537073475,1.0986122886681098,0.7675682893883583,-0.5571872395918231,-0.795687635371543
15455,598,1,38.25,3.6699514442284173,0.6931471805599453,1.8950237948916484,-1.058145946714099,-2.2818289422065314
15456,283,10,2119.27,7.6592987180472205,2.3978952727983707,0.3901573362749688,1.0480979277381186,0.5928674066003007
15457,262,1,237.07,5.472564748074418,0.6931471805599453,0.28983290570052345,-1.058145946714099,-0.9828781296551137
15458,25,2,370.43999999999994,5.917387343711666,1.0986122886681098,-0.842399953639645,-0.5571872395918231,-0.66234201089273
15459,417,2,202.82999999999998,5.3172863130956385,1.0986122886681098,1.0303227504166674,-0.5571872395918231,-1.0947707074237671
15460,354,1,216.76,5.383393538903156,0.6931471805599453,0.7293494586933315,-1.058145946714099,-1.0471342928389058
15461,461,2,429.7,6.065411792060065,1.0986122886681098,1.2405263192393148,-0.5571872395918231,-0.5556766062552557
15462,94,4,737.05,6.604011572983006,1.6094379124341003,-0.5127625388950391,0.07394609082159041,-0.16756528943694887
15463,29,1,126.14,4.845288841508263,0.6931471805599453,-0.8232905382921317,-1.058145946714099,-1.4348888558544601
15464,338,1,1048.85,6.956402575803658,0.6931471805599453,0.652911797303278,-1.058145946714099,0.08636525599566167
15465,20,32,12655.65,9.445938047727795,3.4965075614664802,-0.8662867228240368,2.4054512011867506,1.8803074826684223
15466,85,4,1571.01,7.360110334292074,1.6094379124341003,-0.5557587234269442,0.07394609082159041,0.37727430443272975
15467,9,3,524.88,6.265073049828404,1.3862943611198906,-0.9188376150296986,-0.20175138038774237,-0.4118020700694412
15468,51,3,1430.48,7.266464153081855,1.3862943611198906,-0.718188753880808,-0.20175138038774237,0.3097935070172108
15469,50,3,874.25,6.774509559834775,1.3862943611198906,-0.7229661077176863,-0.20175138038774237,-0.044705606726869934
15470,576,1,63.419999999999995,4.165424143903053,0.6931471805599453,1.7899220104803248,-1.058145946714099,-1.9247947050430432
15471,2,3,1316.56,7.18353682017553,1.3862943611198906,-0.9522790918878471,-0.20175138038774237,0.2500366383468381
15472,113,1,371.56,5.920398098674122,0.6931471805599453,-0.42199281599435046,-1.058145946714099,-0.660172481467572
15473,14,8,2046.0,7.624130585661289,2.1972245773362196,-0.8949508458453069,0.8001660338568091,0.5675254910374031
15474,596,1,163.1,5.100475998096045,0.6931471805599453,1.8854690872178919,-1.058145946714099,-1.251002736909726
15475,77,1,454.10999999999996,6.120539147973894,0.6931471805599453,-0.593977554121971,-1.058145946714099,-0.5159522107871316
15476,380,4,2209.98,7.701191135135846,1.6094379124341003,0.8535606584521686,0.07394609082159041,0.6230547957097189
15477,650,1,368.4,5.911880067765139,0.6931471805599453,2.1434461944093224,-1.058145946714099,-0.666310516256816
15478,40,3,2024.98,7.613808813091591,1.3862943611198906,-0.7707396460864698,-0.20175138038774237,0.560087692349368
15479,733,1,147.4,4.99991133073328,0.6931471805599453,2.5399665628702257,-1.058145946714099,-1.3234689481077253
15480,116,5,6279.0,8.745125259462244,1.791759469228055,-0.4076607544837154,0.2992073267345332,1.3753065826851985
15481,401,1,1993.34,7.598068447520948,0.6931471805599453,0.9538850890266138,-1.058145946714099,0.5487452926210289
15482,16,19,14592.56,9.588335614494607,2.995732273553991,-0.8853961381715503,1.7867352234743035,1.9829181949395758
15483,161,10,862.2,6.760646413943925,2.3978952727983707,-0.1926798318241897,1.0480979277381186,-0.05469529479863687
15484,1,6,4656.0,8.446126742982377,1.9459101490553132,-0.9570564457247255,0.48966298795922886,1.159850297577047
15485,30,7,5771.51,8.660862273578818,2.0794415416798357,-0.8185131844552533,0.654643185938614,1.3145872516185977
15486,527,1,102.0,4.634728988229636,0.6931471805599453,1.5558316724732857,-1.058145946714099,-1.586616845392446
15487,680,1,231.32,5.448115731636431,0.6931471805599453,2.2867668095156732,-1.058145946714099,-1.0004959236103939
15488,93,5,431.92,6.070552953426946,1.791759469228055,-0.5175398927319174,0.2992073267345332,-0.5519719205521604
15489,23,8,2419.61,7.791774853503108,2.1972245773362196,-0.8519546613134018,0.8001660338568091,0.6883288033551969
15490,430,1,217.6,5.387243575742438,0.6931471805599453,1.0924283502960859,-1.058145946714099,-1.0443599826360082
15491,95,6,3100.09,8.039508941575132,1.9459101490553132,-0.5079851850581607,0.48966298795922886,0.8668442921243461
15492,28,2,659.4599999999999,6.492936561946857,1.0986122886681098,-0.82806789212901,-0.5571872395918231,-0.2476051823700196
15493,33,9,4314.9800000000005,8.370079692446993,2.302585092994046,-0.8041811229446183,0.9303406571479473,1.1050513133055342
15494,21,5,3780.05,8.237757027818308,1.791759469228055,-0.8615093689871585,0.2992073267345332,1.0097005065786118
15495,379,1,246.5,5.511410582008745,0.6931471805599453,0.8487833046152902,-1.058145946714099,-0.9548860875207444
15496,631,1,146.14000000000001,4.9913845145041185,0.6931471805599453,2.052676471508634,-1.058145946714099,-1.3296133135385775
15497,18,9,8657.39,9.066284072032474,2.302585092994046,-0.8758414304977935,0.9303406571479473,1.6067314255264717
15498,3,44,26039.58,10.167411369499955,3.8066624897703196,-0.9475017380509687,2.7886526377188545,2.400196221728889
15499,724,1,161.6,5.0912931971137105,0.6931471805599453,2.4969703783383204,-1.058145946714099,-1.2576198004652055
15500,8,4,1131.56,7.032235836086242,1.6094379124341003,-0.923614968866577,0.07394609082159041,0.1410101844738447
15501,405,2,402.5,6.000176487710004,1.0986122886681098,0.9729945043741273,-0.5571872395918231,-0.6026847202039088
15502,16,14,13993.47,9.546417530564346,2.70805020110221,-0.8853961381715503,1.4312993642702228,1.952712310479698
15503,363,2,267.15,5.591546525428934,1.0986122886681098,0.7723456432252367,-0.5571872395918231,-0.8971406750142793
15504,81,4,423.85,6.05173616544955,1.6094379124341003,-0.5748681387744575,0.07394609082159041,-0.5655311692166947
15505,53,5,3610.96,8.192005840278435,1.791759469228055,-0.7086340462070513,0.2992073267345332,0.9767325138852733
15506,23,6,2040.03,7.621209861378939,1.9459101490553132,-0.8519546613134018,0.48966298795922886,0.5654208371043034
15507,172,1,492.36,6.201239130683238,0.6931471805599453,-0.14012893961852788,-1.058145946714099,-0.4578003554282841
15508,189,6,1000.27,6.909024473214282,1.9459101490553132,-0.05891392439159597,0.48966298795922886,0.052224919449653184
15509,380,1,166.51,5.1210430509755955,0.6931471805599453,0.8535606584521686,-1.058145946714099,-1.2361822593327105
15510,331,1,250.0,5.5254529391317835,0.6931471805599453,0.6194703204451295,-1.058145946714099,-0.9447672610612974
15511,12,5,909.23,6.813697314828437,1.791759469228055,-0.9045055535190636,0.2992073267345332,-0.016467178616704225
15512,156,4,331.58,5.806880432659768,1.6094379124341003,-0.21656660100858147,0.07394609082159041,-0.7419725348643167
15513,33,35,27750.55,10.231046973470557,3.58351893845611,-0.8041811229446183,2.5129551665095216,2.446051602529892
15514,12,18,6598.55,8.794756743871849,2.9444389791664403,-0.9045055535190636,1.7233615276208618,1.4110706907523258
15515,387,1,171.81,5.1521927250659,0.6931471805599453,0.887002135310317,-1.058145946714099,-1.2137360173217453
15516,45,3,62.43,4.149936935645806,1.3862943611198906,-0.7468528769020781,-0.20175138038774237,-1.9359546813435524
15517,233,1,267.03,5.591098914544516,0.6931471805599453,0.15128964443105136,-1.058145946714099,-0.8974632203548585
15518,64,15,4218.94,8.347576188919502,2.772588722239781,-0.6560831540013895,1.5110377522649707,1.0888354426415814
15519,383,2,344.61,5.845310971696471,1.0986122886681098,0.8678927199628036,-0.5571872395918231,-0.7142797513915617
15520,2,1,343.5,5.842094090453713,0.6931471805599453,-0.9522790918878471,-1.058145946714099,-0.7165978140039072
15521,40,16,7106.69,8.868932575492861,2.833213344056216,-0.7707396460864698,1.5859404542672264,1.4645212874777689
15522,33,2,398.84,5.991064467086642,1.0986122886681098,-0.8041811229446183,-0.5571872395918231,-0.6092507799170198
15523,84,16,17359.99,9.761981014238096,2.833213344056216,-0.5605360772638225,1.5859404542672264,2.1080458818435717
15524,25,2,591.4,6.384182082393644,1.0986122886681098,-0.842399953639645,-0.5571872395918231,-0.3259729161944903
15525,2,4,1295.7,7.167577854554839,1.6094379124341003,-0.9522790918878471,0.07394609082159041,0.23853671691818312
15526,33,2,148.44,5.006894974480533,1.0986122886681098,-0.8041811229446183,-0.5571872395918231,-1.318436582208334
15527,19,23,5575.64,8.626341723472278,3.1780538303479458,-0.8710640766609151,2.0119964593872464,1.2897119794152125
15528,254,1,229.33,5.4395130632148145,0.6931471805599453,0.25161407500549665,-1.058145946714099,-1.0066949476121183
15529,23,12,5111.95,8.539531816037465,2.5649493574615367,-0.8519546613134018,1.2544959545938104,1.2271573541057368
15530,22,5,1813.72,7.503686464825663,1.791759469228055,-0.8567320151502801,0.2992073267345332,0.48073428169001925
15531,8,2,2007.44,7.605113580313547,1.0986122886681098,-0.923614968866577,-0.5571872395918231,0.5538219671057639
15532,25,10,3771.9,8.235599215504934,2.3978952727983707,-0.842399953639645,1.0480979277381186,1.0081456017902077
15533,19,3,807.57,6.695267255355902,1.3862943611198906,-0.8710640766609151,-0.20175138038774237,-0.10180706912685708
15534,726,1,162.25,5.09528276815654,0.6931471805599453,2.506525086012077,-1.058145946714099,-1.2547449428699806
15535,173,6,1087.82,6.992849820014987,1.9459101490553132,-0.13535158578164955,0.48966298795922886,0.11262889078774724
15536,409,1,259.09,5.561027724964261,0.6931471805599453,0.9921039197216407,-1.058145946714099,-0.9191323138073036
15537,163,1,110.92,4.717784330357226,0.6931471805599453,-0.18312512415043303,-1.058145946714099,-1.5267677341531196
15538,538,6,3358.3999999999996,8.119517665582903,1.9459101490553132,1.6083825646789476,0.48966298795922886,0.9244980311927083
15539,7,1,538.46,6.290568639224737,0.6931471805599453,-0.9283923227034554,-1.058145946714099,-0.3934301228014468
15540,11,2,460.68,6.134872010402711,1.0986122886681098,-0.909282907355942,-0.5571872395918231,-0.505624048192094
15541,114,1,85.13000000000001,4.455857782801083,0.6931471805599453,-0.4172154621574721,-1.058145946714099,-1.7155102121160506
15542,512,3,918.45,6.823775665186862,1.3862943611198906,1.4841713649201105,-0.20175138038774237,-0.009204788308520636
15543,288,2,242.84,5.496512272498282,1.0986122886681098,0.4140441054593605,-0.5571872395918231,-0.9656217074138016
15544,9,20,8162.43,9.00741970277598,3.044522437723423,-0.9188376150296986,1.8470162614078611,1.5643141638137614
15545,54,2,428.05,6.06157346225313,1.0986122886681098,-0.703856692370173,-0.5571872395918231,-0.5584424804507476
15546,607,2,1079.1000000000001,6.984808908424428,1.0986122886681098,1.9380199794235535,-0.5571872395918231,0.10683466491471837
15547,7,26,10154.39,9.225759878003778,3.295836866004329,-0.9283923227034554,2.1575193073054413,1.7216486001122504
15548,596,1,158.09,5.069470079817148,0.6931471805599453,1.8854690872178919,-1.058145946714099,-1.2733453894666258
15549,77,8,2345.96,7.76087615267213,2.1972245773362196,-0.593977554121971,0.8001660338568091,0.6660634109576425
15550,4,12,2218.8,7.70517238071788,2.5649493574615367,-0.9427243842140904,1.2544959545938104,0.6259236540348602
15551,37,7,1710.08,7.444880029082028,2.0794415416798357,-0.7850717075971049,0.654643185938614,0.4383587664702703
15552,217,2,252.52,5.535442715382666,1.0986122886681098,0.07485198304099779,-0.5571872395918231,-0.9375686966489497
15553,60,1,437.23,6.082743886707506,0.6931471805599453,-0.6751925693489029,-1.058145946714099,-0.5431872174454216
15554,278,1,217.2,5.38541207339897,0.6931471805599453,0.36627056709057704,-1.058145946714099,-1.045679750692841
15555,12,36,12112.35,9.402063429175437,3.6109179126442243,-0.9045055535190636,2.5468070428147276,1.848691732747252
15556,24,1,279.77,5.637535828837275,0.6931471805599453,-0.8471773074765234,-1.058145946714099,-0.8640010976554064
15557,29,1,473.65000000000003,6.162577690327808,0.6931471805599453,-0.8232905382921317,-1.058145946714099,-0.48565952481139435
15558,639,1,214.13,5.371242496562593,0.6931471805599453,2.090895302203661,-1.058145946714099,-1.0558902508072314
15559,568,1,1109.4,7.01247558975254,0.6931471805599453,1.751703179785298,-1.058145946714099,0.12677108617327498
15560,398,2,153.52,5.040323537798081,1.0986122886681098,0.9395530275159788,-0.5571872395918231,-1.2943481882132872
15561,12,8,1934.3899999999999,7.568064135542929,2.1972245773362196,-0.9045055535190636,0.8001660338568091,0.5271243907111515
15562,352,3,673.3800000000001,6.513793750257388,1.3862943611198906,0.7197947510195748,-0.20175138038774237,-0.2325756351866616
15563,22,7,2867.0,7.961370201719511,2.0794415416798357,-0.8567320151502801,0.654643185938614,0.8105380508408444
15564,463,2,70.74000000000001,4.273048472104136,1.0986122886681098,1.2500810269130715,-0.5571872395918231,-1.8472413505499703
15565,50,2,173.16,5.159974416926292,1.0986122886681098,-0.7229661077176863,-0.5571872395918231,-1.2081285834125899
15566,393,2,227.87,5.4331541567702475,1.0986122886681098,0.9156662583315871,-0.5571872395918231,-1.0112771320858964
15567,19,1,186.01,5.231162091360629,0.6931471805599453,-0.8710640766609151,-1.058145946714099,-1.1568312323097005
15568,3,3,758.29,6.6323837861074395,1.3862943611198906,-0.9475017380509687,-0.20175138038774237,-0.14712046679349317
15569,104,10,3586.35,8.185169047347047,2.3978952727983707,-0.4649890005262556,1.0480979277381186,0.9718059676789823
15570,7,25,9311.04,9.139063465494639,3.258096538021482,-0.9283923227034554,2.110890520920167,1.6591757584696367
15571,12,14,4051.63,8.307121332058914,2.70805020110221,-0.9045055535190636,1.4312993642702228,1.0596839495961259
15572,5,10,4068.67,8.31131719406831,2.3978952727983707,-0.937947030377212,1.0480979277381186,1.0627074590503336
15573,32,5,1207.18,7.096870374016893,1.791759469228055,-0.8089584767814967,0.2992073267345332,0.18758539025135465
15574,178,6,1518.7,7.326268225939559,1.9459101490553132,-0.1114648165972578,0.48966298795922886,0.3528879127151263
15575,620,1,30.1,3.4372078191851885,0.6931471805599453,2.000125579302972,-1.058145946714099,-2.449542405887865
15576,38,1,940.6700000000001,6.8476548947291755,0.6931471805599453,-0.7802943537602266,-1.058145946714099,0.008002421108446687
15577,151,5,397.98,5.988911290320265,1.791759469228055,-0.2404533701929732,0.2992073267345332,-0.6108023443619761
15578,162,1,127.1,4.852811208902689,0.6931471805599453,-0.18790247798731138,-1.058145946714099,-1.4294682893810784
15579,69,5,1302.5,7.172808233373557,1.791759469228055,-0.6321963848169978,0.2992073267345332,0.2423056921066108
15580,377,8,1381.19,7.231424476788119,2.1972245773362196,0.8392285969415335,0.8001660338568091,0.28454415603540123
15581,121,38,7794.59,8.961313468172147,3.6635616461296463,-0.38377398529932366,2.611849228042442,1.5310903266355067
15582,25,3,682.9100000000001,6.527826330017913,1.3862943611198906,-0.842399953639645,-0.20175138038774237,-0.22246385422774176
15583,376,1,107.86,4.690062653006054,0.6931471805599453,0.8344512431046551,-1.058145946714099,-1.5467437851695884
15584,24,6,1277.5,7.153442794731241,1.9459101490553132,-0.8471773074765234,0.48966298795922886,0.2283510895270218
15585,177,1,455.3,6.123150487933357,0.6931471805599453,-0.11624217043413615,-1.058145946714099,-0.5140704970801738
15586,593,3,1139.1,7.038871256839674,1.3862943611198906,1.8711370257072568,-0.20175138038774237,0.14579162326656966
15587,50,7,1522.0800000000002,7.3284898794210696,2.0794415416798357,-0.7229661077176863,0.654643185938614,0.35448882101246243
15588,678,1,579.6,6.36406205159053,0.6931471805599453,2.2772121018419162,-1.058145946714099,-0.3404712727219297
15589,256,3,478.53000000000003,6.172806457538428,1.3862943611198906,0.26116878267925336,-0.20175138038774237,-0.4782887451487311
15590,382,5,1496.6,7.311619105723327,1.791759469228055,0.8631153661259252,0.2992073267345332,0.3423318569224395
15591,583,3,217.9,5.388615004528817,1.3862943611198906,1.8233634873384732,-0.20175138038774237,-1.043371740436407
15592,47,1,388.58,5.965069235748451,0.6931471805599453,-0.7372981692283215,-1.058145946714099,-0.6279827657495677
15593,71,1,199.8,5.302309387817574,0.6931471805599453,-0.622641677143241,-1.058145946714099,-1.1055629773010374
15594,16,5,1771.78,7.48030421490088,1.791759469228055,-0.8853961381715503,0.2992073267345332,0.4638851923849106
15595,488,1,357.6,5.8822075611710325,0.6931471805599453,1.3695148728350302,-1.058145946714099,-0.687692321477391
15596,101,9,3130.04,8.049120496715895,2.302585092994046,-0.4793210620368906,0.9303406571479473,0.8737703129926819
15597,35,2,563.37,6.335710064774309,1.0986122886681098,-0.7946264152708616,-0.5571872395918231,-0.3609015204260834
15598,53,2,548.02,6.308134870718474,1.0986122886681098,-0.7086340462070513,-0.5571872395918231,-0.38077201658222964
15599,27,3,1250.06,7.131746470947484,1.3862943611198906,-0.8328452459658884,-0.20175138038774237,0.21271686706335743
15600,428,4,1199.31,7.090335135747115,1.6094379124341003,1.0828736426223293,0.07394609082159041,0.18287614227086266
15601,11,30,14960.12,9.613210115036287,3.4339872044851463,-0.909282907355942,2.3282062876889484,2.000842589828645
15602,8,16,3230.51,8.080704799236303,2.833213344056216,-0.923614968866577,1.5859404542672264,0.896529745276478
15603,79,2,88.48,4.494015136621929,1.0986122886681098,-0.5844228464482143,-0.5571872395918231,-1.6880142840405998
15604,52,1,216.39,5.381692975469088,0.6931471805599453,-0.7134114000439297,-1.058145946714099,-1.048359707213561
15605,36,9,1936.8,7.5693085879509034,2.302585092994046,-0.7898490614339833,0.9303406571479473,0.5280211346012978
15606,61,17,5230.99,8.562546981820223,2.8903717578961645,-0.6704152155120245,1.6565606001831652,1.2437419250898374
15607,337,9,1708.97,7.444231105483161,2.302585092994046,0.6481344434663996,0.9303406571479473,0.43789115656512134
15608,28,5,1785.98,7.488282323154996,1.791759469228055,-0.82806789212901,0.2992073267345332,0.4696341626034245
15609,184,1,298.48,5.702047637362485,0.6931471805599453,-0.08280069357598771,-1.058145946714099,-0.8175143298476937
15610,52,1,112.46000000000001,4.731450351898421,0.6931471805599453,-0.7134114000439297,-1.058145946714099,-1.5169200925389106
15611,10,26,2997.28,8.00579406989851,3.295836866004329,-0.9140602611928204,2.1575193073054413,0.8425495862847866
15612,36,2,195.15,5.278879672655561,1.0986122886681098,-0.7898490614339833,-0.5571872395918231,-1.122446269731317
15613,610,1,433.71999999999997,6.074702145678038,0.6931471805599453,1.9523520409341886,-1.058145946714099,-0.5489820410064534
15614,438,4,3147.36,8.054636961321624,1.6094379124341003,1.1306471809911127,0.07394609082159041,0.8777454396417161
15615,10,47,21373.97,9.969975890295204,3.871201010907891,-0.9140602611928204,2.8683910257136036,2.25792556634633
15616,438,1,317.11,5.762397234916117,0.6931471805599453,1.1306471809911127,-1.058145946714099,-0.7740268227865907
15617,396,3,828.5500000000001,6.720883385089365,1.3862943611198906,0.9299983198422221,-0.20175138038774237,-0.08334826131671218
15618,33,4,776.851,6.656534989127213,1.6094379124341003,-0.8041811229446183,0.07394609082159041,-0.12971727514961923
15619,11,1,336.40000000000003,5.821269170111868,0.6931471805599453,-0.909282907355942,-1.058145946714099,-0.7316041091098208
15620,57,4,1942.36,7.57217371270921,1.6094379124341003,-0.689524630859538,0.07394609082159041,0.530085723897806
15621,4,4,1293.03,7.165516658717914,1.6094379124341003,-0.9427243842140904,0.07394609082159041,0.23705143330162007
15622,43,17,7852.61,8.968728577678917,2.8903717578961645,-0.7564075845758348,1.6565606001831652,1.5364336038089448
15623,141,8,2437.05,7.798953818444536,2.1972245773362196,-0.2882269085617567,0.8001660338568091,0.693501916370645
15624,117,4,588.13,6.3786468723710446,1.6094379124341003,-0.40288340064683703,0.07394609082159041,-0.3299615506626582
15625,104,9,3236.4,8.08252581749986,2.302585092994046,-0.4649890005262556,0.9303406571479473,0.8978419585770634
15626,75,3,1067.52,6.9740297924127574,1.3862943611198906,-0.6035322617957277,-0.20175138038774237,0.09906730767172424
15627,457,2,566.9,6.341945346883387,1.0986122886681098,1.2214169038918015,-0.5571872395918231,-0.356408418802572
15628,5,17,5652.26,8.639987648895538,2.8903717578961645,-0.937947030377212,1.6565606001831652,1.2995451399043434
15629,450,4,2240.9,7.715078999604354,1.6094379124341003,1.1879754270336529,0.07394609082159041,0.6330622958194115
15630,45,3,1481.4,7.30141767497115,1.3862943611198906,-0.7468528769020781,-0.20175138038774237,0.3349807757246831
15631,642,1,596.67,6.393038762166311,0.6931471805599453,2.1052273637142958,-1.058145946714099,-0.31959085335124576
15632,16,8,3285.31,8.097520633770152,2.1972245773362196,-0.8853961381715503,0.8001660338568091,0.9086471205809155
15633,509,13,4352.46,8.378726210216813,2.6390573296152584,1.4698393034094754,1.3460575542855853,1.1112819348475398
15634,17,2,554.65,6.3201385996316555,1.0986122886681098,-0.8806187843346719,-0.5571872395918231,-0.3721222116616975
15635,396,1,100.35,4.618579872898009,0.6931471805599453,0.9299983198422221,-1.058145946714099,-1.5982537874017206
15636,90,4,1444.58,7.276265904096536,1.6094379124341003,-0.5318719542425524,0.07394609082159041,0.31685658173089565
15637,53,5,797.59,6.682847672637373,1.791759469228055,-0.7086340462070513,0.2992073267345332,-0.11075653545408493
15638,379,6,2265.2,7.725859698946466,1.9459101490553132,0.8487833046152902,0.48966298795922886,0.6408307939994877
15639,134,3,1065.08,6.971743648814227,1.3862943611198906,-0.3216683854199051,-0.20175138038774237,0.09741992823733076
15640,4,29,23957.58,10.084081785030715,3.4011973816621555,-0.9427243842140904,2.2876939305965793,2.340149493334645
15641,105,12,5345.55,8.584206772065448,2.5649493574615367,-0.4602116466893772,1.2544959545938104,1.2593498217356132
15642,730,1,105.78000000000002,4.67077064307204,0.6931471805599453,2.5256345013595904,-1.058145946714099,-1.5606454755244035
15643,192,3,664.0,6.499787040655854,1.3862943611198906,-0.04458186288096092,-0.20175138038774237,-0.24266877428602715
15644,166,4,813.0,6.70196036600254,1.6094379124341003,-0.16879306263979799,0.07394609082159041,-0.0969840593918254
15645,19,3,1055.17,6.962404436158021,1.3862943611198906,-0.8710640766609151,-0.20175138038774237,0.09069015549989072
15646,158,5,974.61,6.883062916391735,1.791759469228055,-0.20701189333482475,0.2992073267345332,0.033517199242664164
15647,415,1,169.0,5.135798437050262,0.6931471805599453,1.0207680427429107,-1.058145946714099,-1.2255496290895491
15648,204,2,657.35,6.489736704802353,1.0986122886681098,0.012746383161579257,-0.5571872395918231,-0.24991097753364905
15649,336,4,2170.35,7.6831043729138635,1.6094379124341003,0.6433570896295212,0.07394609082159041,0.6100215986094074
15650,522,2,553.88,6.318751874152122,1.0986122886681098,1.531944903288894,-0.5571872395918231,-0.37312147655371986
15651,37,5,1259.06,7.138914617859392,1.791759469228055,-0.7850717075971049,0.2992073267345332,0.21788218468075463
15652,91,5,1420.34,7.25935536759809,1.791759469228055,-0.5270946004056741,0.2992073267345332,0.3046709648387587
15653,93,2,877.4399999999999,6.7781476070590925,1.0986122886681098,-0.5175398927319174,-0.5571872395918231,-0.04208405478999862
15654,9,2,922.53,6.828203284222655,1.0986122886681098,-0.9188376150296986,-0.5571872395918231,-0.006014276326865575
15655,243,1,560.67,6.330914488818843,0.6931471805599453,0.19906318279983484,-1.058145946714099,-0.36435717964634673
15656,45,4,748.5,6.619406317542652,1.6094379124341003,-0.7468528769020781,0.07394609082159041,-0.156471941844257
15657,23,1,30.0,3.4339872044851463,0.6931471805599453,-0.8519546613134018,-1.058145946714099,-2.4518631588039836
15658,190,8,2423.4700000000003,7.793368222783556,2.1972245773362196,-0.05413657055471762,0.8001660338568091,0.6894769743562186
15659,44,3,532.49,6.279440326423679,1.3862943611198906,-0.7516302307389565,-0.20175138038774237,-0.40144910886152896
15660,25,15,2812.99,7.94235868400775,2.772588722239781,-0.842399953639645,1.5110377522649707,0.7968384812621447
15661,317,8,1215.95,7.104103007509184,2.1972245773362196,0.5525873667288326,0.8001660338568091,0.19279717645733302
15662,661,2,283.73,5.6515413628105104,1.0986122886681098,2.1959970866149843,-0.5571872395918231,-0.8539088057057488
15663,106,1,138.14,4.935480620495495,0.6931471805599453,-0.45543429285249887,-1.058145946714099,-1.3698972770444262
15664,51,4,1254.03,7.134914755662649,1.6094379124341003,-0.718188753880808,0.07394609082159041,0.2149999113504361
15665,168,5,4015.12,8.29807154140324,1.791759469228055,-0.15923835496604127,0.2992073267345332,1.0531627323719288
15666,472,2,632.9399999999999,6.451954312734866,1.0986122886681098,1.2930772114449767,-0.5571872395918231,-0.277136710735267
15667,40,1,301.32,5.711486059041233,0.6931471805599453,-0.7707396460864698,-1.058145946714099,-0.8107130677674377
15668,218,1,76.32000000000001,4.34795265434013,0.6931471805599453,0.07962933687787613,-1.058145946714099,-1.7932659093550376
15669,40,4,684.34,6.529915065486092,1.6094379124341003,-0.7707396460864698,0.07394609082159041,-0.22095872574133382
15670,297,2,325.2,5.787510690186913,1.0986122886681098,0.45704028999126567,-0.5571872395918231,-0.7559302387547436
15671,19,7,2657.13,7.885378147031288,2.0794415416798357,-0.8710640766609151,0.654643185938614,0.7557786962004928
15672,725,1,45.300000000000004,3.8351419610921886,0.6931471805599453,2.5017477321751986,-1.058145946714099,-2.162793786053975
15673,88,9,6414.79,8.766517418337374,2.302585092994046,-0.5414266619163092,0.9303406571479473,1.3907216259969244
15674,73,13,6948.2300000000005,8.846386141054115,2.6390573296152584,-0.6130869694694844,1.3460575542855853,1.4482744810929156
15675,81,4,542.04,6.297182982045862,1.6094379124341003,-0.5748681387744575,0.07394609082159041,-0.3886638726225187
15676,19,3,3435.76,8.142284446073054,1.3862943611198906,-0.8710640766609151,-0.20175138038774237,0.9409036174345086
15677,49,3,1305.63,7.175206582498185,1.3862943611198906,-0.7277434615545647,-0.20175138038774237,0.2440339260753555
15678,53,3,1893.89,7.5469160683383025,1.3862943611198906,-0.7086340462070513,-0.20175138038774237,0.5118852381870181
15679,24,4,781.28,6.6622127327244485,1.6094379124341003,-0.8471773074765234,0.07394609082159041,-0.12562593196284
15680,9,10,4507.58,8.413737527043374,2.3978952727983707,-0.9188376150296986,1.0480979277381186,1.1365108501913495
15681,25,14,2989.7,8.003262752696768,2.70805020110221,-0.842399953639645,1.4312993642702228,0.8407255364294947
15682,599,2,318.24,5.765943171007808,1.0986122886681098,1.899801148728527,-0.5571872395918231,-0.7714716455016286
15683,117,2,524.54,6.2644263054030525,1.0986122886681098,-0.40288340064683703,-0.5571872395918231,-0.41226810967706573
15684,547,3,173.95,5.164500218813697,1.3862943611198906,1.6513787492108527,-0.20175138038774237,-1.2048673215398693
15685,450,1,55.980000000000004,4.0427003290697625,0.6931471805599453,1.1879754270336529,-1.058145946714099,-2.013228646286567
15686,420,1,90.0,4.51085950651685,0.6931471805599453,1.0446548119273025,-1.058145946714099,-1.6758763463502246
15687,9,9,2993.1,8.004398964555403,2.302585092994046,-0.9188376150296986,0.9303406571479473,0.8415442829204114
15688,419,1,190.57,5.25525327707701,0.6931471805599453,1.0398774580904242,-1.058145946714099,-1.1394712887239884
15689,120,3,521.03,6.2577250574955965,1.3862943611198906,-0.388551339136202,-0.20175138038774237,-0.4170969830665645
15690,4,2,239.76,5.48380058667957,1.0986122886681098,-0.9427243842140904,-0.5571872395918231,-0.974781661236335
15691,252,4,571.3,6.349663329415057,1.6094379124341003,0.24205936733173997,0.07394609082159041,-0.35084689339976904
15692,28,1,191.04,5.25770368366274,0.6931471805599453,-0.82806789212901,-1.058145946714099,-1.1377055425049718
15693,659,1,37.5,3.6506582412937387,0.6931471805599453,2.1864423789412277,-1.058145946714099,-2.2957314922294625
15694,1,24,10810.81,9.288394334174967,3.2188758248682006,-0.9570564457247255,2.062432694683636,1.76678256065925
15695,267,4,1131.04,7.031776593827884,1.6094379124341003,0.3137196748849152,0.07394609082159041,0.1406792576447905
15696,33,13,3906.57,8.270670976402608,2.6390573296152584,-0.8041811229446183,1.3460575542855853,1.0334180727180795
15697,690,1,246.75,5.5124201732100975,0.6931471805599453,2.3345403478844564,-1.058145946714099,-0.954158583009076
15698,624,1,46.2,3.8543938925915096,0.6931471805599453,2.0192349946504855,-1.058145946714099,-2.148920975944967
15699,18,1,309.65,5.738666876509702,0.6931471805599453,-0.8758414304977935,-1.058145946714099,-0.7911267566816651
15700,172,2,696.68,6.54776054491873,1.0986122886681098,-0.14012893961852788,-0.5571872395918231,-0.20809939536807093
15701,2,4,1542.14,7.34157458058683,1.6094379124341003,-0.9522790918878471,0.07394609082159041,0.3639175671417591
15702,476,2,140.39000000000001,4.951522029603749,1.0986122886681098,1.31218662679249,-0.5571872395918231,-1.3583379474027446
15703,265,1,211.5,5.358941988364472,0.6931471805599453,0.3041649672111585,-1.058145946714099,-1.0647539128498091
15704,140,6,3817.96,8.247733413224605,1.9459101490553132,-0.29300426239863503,0.48966298795922886,1.016889421639977
15705,201,1,143.1,4.970507503005476,0.6931471805599453,-0.0015856783490557876,-1.058145946714099,-1.3446571451756504
15706,64,4,1060.56,6.967494803332995,1.6094379124341003,-0.6560831540013895,0.07394609082159041,0.0943582392558522
15707,35,4,945.58,6.852855489000475,1.6094379124341003,-0.7946264152708616,0.07394609082159041,0.01174993375580225
15708,41,9,4378.72,8.384740074386439,2.302585092994046,-0.7659622922495916,0.9303406571479473,1.115615484218912
15709,284,2,327.85,5.79560171974736,1.0986122886681098,0.3949346901118471,-0.5571872395918231,-0.7500998982155407
15710,417,1,898.87,6.802250308446763,0.6931471805599453,1.0303227504166674,-1.058145946714099,-0.02471581309035025
15711,557,2,420.25,6.043226481666571,1.0986122886681098,1.699152287579636,-0.5571872395918231,-0.5716631891240548
15712,9,12,3472.4100000000003,8.152892099332306,2.5649493574615367,-0.9188376150296986,1.2544959545938104,0.9485474197913258
15713,143,4,1010.79,6.919476318432833,1.6094379124341003,-0.278672200888,0.07394609082159041,0.059756447598443195
15714,12,5,784.8100000000001,6.666715032927835,1.791759469228055,-0.9045055535190636,0.2992073267345332,-0.12238160524281569
15715,556,5,658.02,6.490753883055643,1.791759469228055,1.6943749337427578,0.2992073267345332,-0.24917800584426839
15716,146,11,3056.81,8.025454252446236,2.4849066497880004,-0.26434013937736495,1.15560189306089,0.8567165793058588
15717,234,5,607.0,6.410174881966167,1.791759469228055,0.15606699826792972,0.2992073267345332,-0.30724268267564364
15718,540,1,293.79,5.686263238437263,0.6931471805599453,1.6179372723527043,-1.058145946714099,-0.8288884597100483
15719,33,31,10223.06,9.232499045144698,3.4657359027997265,-0.8041811229446183,2.3674323185913275,1.7265047978419243
15720,24,2,741.92,6.610588367319141,1.0986122886681098,-0.8471773074765234,-0.5571872395918231,-0.16282609643938262
15721,12,1,507.08,6.230638915494719,0.6931471805599453,-0.9045055535190636,-1.058145946714099,-0.43661507165819774
15722,36,11,5258.1,8.567715188430428,2.4849066497880004,-0.7898490614339833,1.15560189306089,1.2474660994102185
15723,365,4,947.65,6.8550399213101425,1.6094379124341003,0.7819003508989933,0.07394609082159041,0.013324020731390761
15724,201,3,310.85,5.742522302972132,1.3862943611198906,-0.0015856783490557876,-0.20175138038774237,-0.7883485627532058
15725,15,1,415.25,6.031286041294654,0.6931471805599453,-0.8901734920084285,-1.058145946714099,-0.5802673887547978
15726,390,1,321.91,5.777373646625042,0.6931471805599453,0.9013341968209521,-1.058145946714099,-0.763234922983728
15727,17,15,9445.51,9.153400640105943,2.772588722239781,-0.8806187843346719,1.5110377522649707,1.669507028393869
15728,380,2,544.6,6.301886106529253,1.0986122886681098,0.8535606584521686,-0.5571872395918231,-0.38527483330044293
15729,213,3,192.55,5.265535877023657,1.3862943611198906,0.055742567693484395,-0.20175138038774237,-1.1320617175600893
15730,66,5,1726.58,7.454476864265657,1.791759469228055,-0.6465284463276328,0.2992073267345332,0.4452741802382151
15731,554,1,125.3,4.838660029356445,0.6931471805599453,1.684820226069001,-1.058145946714099,-1.4396655325340806
15732,212,10,1682.07,7.4283747857204,2.3978952727983707,0.050965213856606045,1.0480979277381186,0.42646520103934665
15733,283,1,162.3,5.095588999976419,0.6931471805599453,0.3901573362749688,-1.058145946714099,-1.2545242743159362
15734,115,4,2263.3,7.725020939378476,1.6094379124341003,-0.41243810832059374,0.07394609082159041,0.6402263895939222
15735,421,1,327.68,5.795084633062987,0.6931471805599453,1.0494321657641807,-1.058145946714099,-0.7504725073421862
15736,435,2,1815.72,7.504787956356414,1.0986122886681098,1.1163151194804777,-0.5571872395918231,0.48152800895023323
15737,15,8,1205.1200000000001,7.095163874824649,2.1972245773362196,-0.8901734920084285,0.8001660338568091,0.1863556986099722
15738,19,41,13372.970000000001,9.50106555945304,3.7376696182833684,-0.8710640766609151,2.703410827734218,1.9200319904131868
15739,66,1,449.12,6.109514213881797,0.6931471805599453,-0.6465284463276328,-1.058145946714099,-0.523896702856896
15740,49,1,154.88,5.049086480470509,0.6931471805599453,-0.7277434615545647,-1.058145946714099,-1.2880336716830882
15741,458,2,208.62,5.345296367742031,1.0986122886681098,1.2261942577286797,-0.5571872395918231,-1.074586853701555
15742,619,1,156.87,5.061771909543635,0.6931471805599453,1.9953482254660937,-1.058145946714099,-1.2788926382917642
15743,16,4,784.46,6.666269533420063,1.6094379124341003,-0.8853961381715503,0.07394609082159041,-0.12270262913983071
15744,78,1,34.8,3.5779478934066544,0.6931471805599453,-0.5892002002850927,-1.058145946714099,-2.3481260714036623
15745,19,4,1094.59,6.999048309928502,1.6094379124341003,-0.8710640766609151,0.07394609082159041,0.11709548020688279
15746,134,1,196.88,5.287660786359508,0.6931471805599453,-0.3216683854199051,-1.058145946714099,-1.1161186592801393
15747,13,9,2562.61,7.849171700387013,2.302585092994046,-0.8997281996821853,0.9303406571479473,0.7296885784875938
15748,40,3,614.7600000000001,6.422857277226062,1.3862943611198906,-0.7707396460864698,-0.20175138038774237,-0.2981038354293758
15749,235,3,44534.3,10.70403741211812,1.3862943611198906,0.16084435210480805,-0.20175138038774237,2.7868852762298797
15750,3,18,6797.191,8.824411826360333,2.9444389791664403,-0.9475017380509687,1.7233615276208618,1.4324399402816115
15751,461,11,1380.44,7.230881712367113,2.4849066497880004,1.2405263192393148,1.15560189306089,0.2841530437074353
15752,40,9,4207.54,8.344871073180538,2.302585092994046,-0.7707396460864698,0.9303406571479473,1.086886154749566
15753,305,1,79.2,4.384523514872469,0.6931471805599453,0.4952591206862924,-1.058145946714099,-1.7669131974878647
15754,51,9,3037.61,8.019155452993521,2.302585092994046,-0.718188753880808,0.9303406571479473,0.8521777075191335
15755,10,17,5993.12,8.69853426769623,2.8903717578961645,-0.9140602611928204,1.6565606001831652,1.3417334328127786
15756,61,4,532.96,6.280320929787532,1.6094379124341003,-0.6704152155120245,0.07394609082159041,-0.40081455210297656
15757,66,6,2940.36,7.986627338407268,1.9459101490553132,-0.6465284463276328,0.48966298795922886,0.8287381707186277
15758,25,1,205.25,5.32908902521479,0.6931471805599453,-0.842399953639645,-1.058145946714099,-1.0862657538295757
15759,218,7,830.9300000000001,6.7237483026663085,2.0794415416798357,0.07962933687787613,0.654643185938614,-0.08128382131367638
15760,631,2,13916.34,9.540890823673994,1.0986122886681098,2.052676471508634,-0.5571872395918231,1.9487298033104457
15761,443,1,143.05,4.970160461530537,0.6931471805599453,1.1545339501755045,-1.058145946714099,-1.344907220887895
15762,65,2,583.75,6.371184405464288,1.0986122886681098,-0.6513058001645111,-0.5571872395918231,-0.3353389532544884
15763,32,2,1086.92,6.992022895300703,1.0986122886681098,-0.8089584767814967,-0.5571872395918231,0.11203301449678342
15764,88,8,4503.08,8.412738931651127,2.1972245773362196,-0.5414266619163092,0.8001660338568091,1.135791269184485
15765,667,1,370.63,5.917898735650893,0.6931471805599453,2.2246612096362544,-1.058145946714099,-0.6619735053604707
15766,64,3,831.06,6.723904553605634,1.3862943611198906,-0.6560831540013895,-0.20175138038774237,-0.08117122795592953
15768,116,34,15601.09,9.65516015862284,3.5553480614894135,-0.4076607544837154,2.478149591821275,2.031071504198166
15769,7,46,88704.32,11.393075143951181,3.8501476017100584,-0.9283923227034554,2.842379197713229,3.2834011511174883
15770,613,1,321.45,5.7759480854563865,0.6931471805599453,1.9666841024448236,-1.058145946714099,-0.7642621726076025
15771,604,3,1006.54,6.915266995265976,1.3862943611198906,1.9236879179129185,-0.20175138038774237,0.056723238126275805
15772,418,1,280.88,5.641481448458822,0.6931471805599453,1.0351001042535457,-1.058145946714099,-0.8611579111536247
15773,6,2,774.52,6.653533772097066,1.0986122886681098,-0.9331696765403337,-0.5571872395918231,-0.13187993160601785
15774,69,6,1329.94,7.193640738490974,1.9459101490553132,-0.6321963848169978,0.48966298795922886,0.2573174527499035
15775,245,2,150.5,5.020585624949423,1.0986122886681098,0.20861789047359153,-0.5571872395918231,-1.3085711931573485
15776,133,1,241.62,5.491496433342773,0.6931471805599453,-0.3264457392567835,-1.058145946714099,-0.969236086788887
15777,241,7,1762.61,7.475118123687712,2.0794415416798357,0.18950847512607816,0.654643185938614,0.46014813054200876
15778,431,1,307.95,5.733179451506989,0.6931471805599453,1.0972057041329644,-1.058145946714099,-0.7950809575914675
15779,463,2,124.08000000000001,4.82895353258964,1.0986122886681098,1.2500810269130715,-0.5571872395918231,-1.4466599676885135
15780,184,3,475.28000000000003,6.166005916582974,1.3862943611198906,-0.08280069357598771,-0.20175138038774237,-0.48318916842921456
15781,25,3,345.46,5.847767371850795,1.3862943611198906,-0.842399953639645,-0.20175138038774237,-0.712509686248027
15782,10,4,4014.1,8.297817532670948,1.6094379124341003,-0.9140602611928204,0.07394609082159041,1.0529796954174675
15783,11,1,246.3,5.510602174527371,0.6931471805599453,-0.909282907355942,-1.058145946714099,-0.9554686204203758
15784,468,2,848.3299999999999,6.744447803369461,1.0986122886681098,1.2739677960974631,-0.5571872395918231,-0.06636790274123398
15785,33,16,5969.93,8.694657973148848,2.833213344056216,-0.8041811229446183,1.5859404542672264,1.3389402014850902
15786,46,5,8514.82,9.049680889106098,1.791759469228055,-0.7420755230651997,0.2992073267345332,1.5947672855153323
15787,26,3,948.05,6.855461484261003,1.3862943611198906,-0.8376225998027668,-0.20175138038774237,0.013627796109278709
15788,509,1,221.82999999999998,5.406409148898876,0.6931471805599453,1.4698393034094754,-1.058145946714099,-1.0305494017579833
15789,358,6,1962.01,7.58223428850699,1.9459101490553132,0.7484588740408449,0.48966298795922886,0.5373353059792096
15790,10,1,220.85,5.402001477824919,0.6931471805599453,-0.9140602611928204,-1.058145946714099,-1.0337255393748317
15791,44,5,3608.34,8.191280209127546,1.791759469228055,-0.7516302307389565,0.2992073267345332,0.9762096290430008
15792,400,2,933.84,6.8403753916508245,1.0986122886681098,0.9491077351897356,-0.5571872395918231,0.0027568609994537206
15793,15,8,2399.57,7.783461488137377,2.1972245773362196,-0.8901734920084285,0.8001660338568091,0.6823382491560159
15794,736,2,777.0,6.656726524178391,1.0986122886681098,2.5542986243808605,-0.5571872395918231,-0.12957925630229927
15795,150,8,1979.8700000000001,7.591291421122726,2.1972245773362196,-0.24523072402985155,0.8001660338568091,0.5438618137695909
15796,1,17,5175.83,8.551948178812031,2.8903717578961645,-0.9570564457247255,1.6565606001831652,1.236104500163377
15797,113,6,2821.08,7.945229480699816,1.9459101490553132,-0.42199281599435046,0.48966298795922886,0.7989071577153107
15798,493,3,1535.37,7.3371777701160505,1.3862943611198906,1.393401642019422,-0.20175138038774237,0.3607492556012485
15799,76,4,1424.29,7.26213058076958,1.6094379124341003,-0.5987549079588493,0.07394609082159041,0.3066707644610177
15800,107,7,1242.58,7.125749595713687,2.0794415416798357,-0.45065693901562054,0.654643185938614,0.20839555980289814
15801,46,3,1063.95,6.97068312868461,1.3862943611198906,-0.7420755230651997,-0.20175138038774237,0.09665572468843062
15802,143,1,451.42,6.11461095192969,0.6931471805599453,-0.278672200888,-1.058145946714099,-0.5202240282935011
15803,51,4,1929.66,7.565617192352807,1.6094379124341003,-0.718188753880808,0.07394609082159041,0.5253611401913122
15804,1,13,4206.39,8.344597781932357,2.6390573296152584,-0.9570564457247255,1.3460575542855853,1.0866892229460947
15805,23,30,10189.23,9.229184697110231,3.4339872044851463,-0.8519546613134018,2.3282062876889484,1.7241165013263804
15806,46,3,784.58,6.666422298467717,1.3862943611198906,-0.7420755230651997,-0.20175138038774237,-0.12259254769177035
15807,50,5,1817.52,7.505778262441902,1.791759469228055,-0.7229661077176863,0.2992073267345332,0.48224161673936644
15808,306,21,18409.93,9.820699788975132,3.091042453358316,0.5000364745231708,1.9044924940644754,2.150358229141777
15809,36,7,1274.44,7.15104649609911,2.0794415416798357,-0.7898490614339833,0.654643185938614,0.22662433312914051
15810,79,8,2999.04,8.006380900894692,2.1972245773362196,-0.5844228464482143,0.8001660338568091,0.8429724526853035
15811,22,7,3890.52,8.266555105792635,2.0794415416798357,-0.8567320151502801,0.654643185938614,1.0304522045189637
15812,107,12,5201.47,8.55688879179273,2.5649493574615367,-0.45065693901562054,1.2544959545938104,1.2396646720716216
15813,208,2,1303.9099999999999,7.173889351861321,1.0986122886681098,0.03185579850909265,-0.5571872395918231,0.24308473869144956
15814,17,6,2634.44,7.876805429957567,1.9459101490553132,-0.8806187843346719,0.48966298795922886,0.7496012549351231
15815,64,5,2100.6,7.65045423837133,1.791759469228055,-0.6560831540013895,0.2992073267345332,0.5864941350633153
15816,542,2,144.14999999999998,4.977767690470639,1.0986122886681098,1.627491980026461,-0.5571872395918231,-1.3394255037653557
15817,421,3,2766.4,7.925663530235284,1.3862943611198906,1.0494321657641807,-0.20175138038774237,0.7848080676886147
15818,588,1,340.5,5.833347679010845,0.6931471805599453,1.847250256522865,-1.058145946714099,-0.7229004182431988
15819,49,10,3934.79,8.277866903090251,2.3978952727983707,-0.7277434615545647,1.0480979277381186,1.0386034082517914
15820,320,1,206.98,5.337441921232086,0.6931471805599453,0.5669194282394676,-1.058145946714099,-1.0802467141133618
15821,44,2,570.96,6.349069058864647,1.0986122886681098,-0.7516302307389565,-0.5571872395918231,-0.35127512069215816
15822,3,6,1840.06,7.5180967716851645,1.9459101490553132,-0.9475017380509687,0.48966298795922886,0.4911182502119022
15823,372,3,3897.17,8.268262491225299,1.3862943611198906,0.8153418277571418,-0.20175138038774237,1.0316825347791279
15824,453,2,890.94,6.793398865743655,1.0986122886681098,1.202307488544288,-0.5571872395918231,-0.031094102137104434
15825,172,1,532.94,6.2802834730968256,0.6931471805599453,-0.14012893961852788,-1.058145946714099,-0.400841543138006
15826,56,4,2598.28,7.862989762582375,1.6094379124341003,-0.6943019846964162,0.07394609082159041,0.7396457795568722
15827,73,28,3794.07,8.24145813498241,3.367295829986474,-0.6130869694694844,2.245808014503504,1.0123674990766114
15828,375,1,1108.82,7.011953118994513,0.6931471805599453,0.8296738892677769,-1.058145946714099,0.12639459731999403
15829,99,2,636.14,6.456989411643809,1.0986122886681098,-0.48887576971064733,-0.5571872395918231,-0.2735084529136402
15830,38,1,576.0,6.3578422665081,0.6931471805599453,-0.7802943537602266,-1.058145946714099,-0.3449532072940756
15831,58,3,801.76,6.688055790070482,1.3862943611198906,-0.6847472770226596,-0.20175138038774237,-0.10700360166780558
15832,254,1,836.79,6.7307674724187825,0.6931471805599453,0.25161407500549665,-1.058145946714099,-0.07622585561800585
15833,738,1,80.4,4.399375273008495,0.6931471805599453,2.563853332054617,-1.058145946714099,-1.7562111221967038
15834,70,7,3772.9900000000002,8.235888076216453,2.0794415416798357,-0.6274190309801194,0.654643185938614,1.0083537528424282
15835,44,4,954.09,6.861805576878038,1.6094379124341003,-0.7516302307389565,0.07394609082159041,0.018199305840299444
15836,50,1,137.37,4.929931256681293,0.6931471805599453,-0.7229661077176863,-1.058145946714099,-1.3738961106379772
15837,65,2,777.01,6.656739377566224,1.0986122886681098,-0.6513058001645111,-0.5571872395918231,-0.12956999423897533
15838,11,34,74163.0,11.214034136217744,3.5553480614894135,-0.909282907355942,2.478149591821275,3.1543854260148403
15839,33,3,1048.49,6.9560596108684605,1.3862943611198906,-0.8041811229446183,-0.20175138038774237,0.08611811781006148
15840,59,2,355.56,5.876502528638301,1.0986122886681098,-0.6799699231857812,-0.5571872395918231,-0.691803328884367
15841,73,9,2742.41,7.916956951149568,2.302585092994046,-0.6130869694694844,0.9303406571479473,0.7785341663733382
15842,393,2,548.8,6.309554575731145,1.0986122886681098,0.9156662583315871,-0.5571872395918231,-0.3797489868642877
15843,304,1,118.95000000000002,4.787074989285704,0.6931471805599453,0.4904817668494141,-1.058145946714099,-1.4768373594436148
15844,46,1,130.73999999999998,4.880830283212546,0.6931471805599453,-0.7420755230651997,-1.058145946714099,-1.4092779361510896
15845,18,11,4426.28,8.395540678981433,2.4849066497880004,-0.8758414304977935,1.15560189306089,1.1233983259880156
15846,385,1,107.01,4.682223815430383,0.6931471805599453,0.8774474276365603,-1.058145946714099,-1.55239239789016
15847,38,5,822.57,6.713648549040965,1.791759469228055,-0.7802943537602266,0.2992073267345332,-0.08856163466955196
15848,622,1,139.94,4.948334267898876,0.6931471805599453,2.009680286976729,-1.058145946714099,-1.3606350266753378
15850,19,6,1058.72,6.965760001268711,1.9459101490553132,-0.8710640766609151,0.48966298795922886,0.09310815275853743
15851,527,1,109.73,4.707094805710017,0.6931471805599453,1.5558316724732857,-1.058145946714099,-1.5344705324719026
15852,187,3,257.26,5.553966829418505,1.3862943611198906,-0.06846863206535267,-0.20175138038774237,-0.9242203468241086
15853,52,1,110.8,4.716711560720999,0.6931471805599453,-0.7134114000439297,-1.058145946714099,-1.5275407646126669
15854,4,21,5583.81,8.627805691229005,3.091042453358316,-0.9427243842140904,1.9044924940644754,1.2907669045636585
15855,137,6,1052.72,6.9600820391599045,1.9459101490553132,-0.30733632390927007,0.48966298795922886,0.08901665211381554
15856,4,52,34220.340000000004,10.440604705066423,3.970291913552122,-0.9427243842140904,2.990819440597063,2.5970574700401974
15857,19,2,570.48,6.348229486996957,1.0986122886681098,-0.8710640766609151,-0.5571872395918231,-0.3518801104353291
15858,16,13,3960.37,8.284345204014263,2.6390573296152584,-0.8853961381715503,1.3460575542855853,1.0432716275705132
15859,432,1,438.46,6.085546700469121,0.6931471805599453,1.1019830579698426,-1.058145946714099,-0.5411675290267731
15860,41,17,2505.21,7.8265269308277645,2.8903717578961645,-0.7659622922495916,1.6565606001831652,0.7133709124877544
15861,12,12,4401.79,8.389993709864745,2.5649493574615367,-0.9045055535190636,1.2544959545938104,1.1194012179971078
15862,8,13,2928.29,7.982515351827566,2.6390573296152584,-0.923614968866577,1.3460575542855853,0.825775101325149
15863,26,5,358.7,5.885270350701578,1.791759469228055,-0.8376225998027668,0.2992073267345332,-0.6854852962985087
15864,22,7,2180.76,7.687887169509484,2.0794415416798357,-0.8567320151502801,0.654643185938614,0.6134680491104072
15865,41,5,2248.92,7.718649939010796,1.791759469228055,-0.7659622922495916,0.2992073267345332,0.6356354903219006
15866,101,1,230.53,5.444709454763107,0.6931471805599453,-0.4793210620368906,-1.058145946714099,-1.002950463418205
15867,5,31,9063.95,9.112170607453939,3.4657359027997265,-0.937947030377212,2.3674323185913275,1.6397969489771813
15868,583,1,94.53,4.559440334281917,0.6931471805599453,1.8233634873384732,-1.058145946714099,-1.640869334272139
15869,277,3,323.65999999999997,5.7827784808826985,1.3862943611198906,0.3614932132536987,-0.20175138038774237,-0.7593402363996951
15870,33,4,862.61,6.761121278008535,1.6094379124341003,-0.8041811229446183,0.07394609082159041,-0.05435311100288864
15871,437,1,33.099999999999994,3.529297384289471,0.6931471805599453,1.1258698271542344,-1.058145946714099,-2.383183295387295
15872,15,4,795.68,6.680453092519068,1.6094379124341003,-0.8901734920084285,0.07394609082159041,-0.11248205350266231
15873,500,4,313.91999999999996,5.752318638316266,1.6094379124341003,1.4268431188775703,0.07394609082159041,-0.7812893905346606
15874,64,21,11284.76,9.331297033018553,3.091042453358316,-0.6560831540013895,1.9044924940644754,1.797697951888541
15875,646,1,111.72,4.724906867590425,0.6931471805599453,2.1243367790618093,-1.058145946714099,-1.52163528255812
15876,409,2,1449.1399999999999,7.27941538247794,1.0986122886681098,0.9921039197216407,-0.5571872395918231,0.31912607430254697
15877,2,2,493.28,6.20310215823599,1.0986122886681098,-0.9522790918878471,-0.5571872395918231,-0.4564578705213493
15878,562,2,330.77,5.804441957755378,1.0986122886681098,1.723039056764028,-0.5571872395918231,-0.7437296831954013
15879,404,4,1157.3,7.0547086919383,1.6094379124341003,0.9682171505372489,0.07394609082159041,0.15720397063258465
15880,369,1,686.5600000000001,6.5331490984599565,0.6931471805599453,0.8010097662465068,-1.058145946714099,-0.21862830370891204
15881,312,5,501.39000000000004,6.219376710497294,1.791759469228055,0.5287005975444409,0.2992073267345332,-0.44473053951883834
15882,199,8,1495.98,7.3112050242769415,2.1972245773362196,-0.011140386022812485,0.8001660338568091,0.3420334726654845
15883,2,2,396.48,5.9851446183631625,1.0986122886681098,-0.9522790918878471,-0.5571872395918231,-0.6135165824011903
15884,432,2,249.70000000000002,5.524257005164248,1.0986122886681098,1.1019830579698426,-0.5571872395918231,-0.9456290428952456
15885,93,15,1951.82,7.577029760730524,2.772588722239781,-0.5175398927319174,1.5110377522649707,0.5335849588749454
15886,60,4,1052.8700000000001,6.960224381835903,1.6094379124341003,-0.6751925693489029,0.07394609082159041,0.08911922327217435
15887,407,3,1027.15,6.935516349767528,1.3862943611198906,0.9825492120478839,-0.20175138038774237,0.07131478442592466
15888,81,3,429.16,6.064157232501422,1.3862943611198906,-0.5748681387744575,-0.20175138038774237,-0.556580633289016
15889,157,8,1806.28,7.499578231548967,2.1972245773362196,-0.2117892471717031,0.8001660338568091,0.47777391690100446
15890,395,5,535.65,6.285346112927534,1.791759469228055,0.9252209660053438,0.2992073267345332,-0.39719343951660097
15891,227,1,524.52,6.2643882485842175,0.6931471805599453,0.12262552140978127,-1.058145946714099,-0.41229553316031825
15892,669,1,128.2,4.861361591348501,0.6931471805599453,2.2342159173100113,-1.058145946714099,-1.4233069422957567
15893,482,1,305.28000000000003,5.724499716244923,0.6931471805599453,1.34085074981376,-1.058145946714099,-0.8013355154310978
15894,253,2,420.29,6.043321432648199,1.0986122886681098,0.24683672116861832,-0.5571872395918231,-0.5715947680963865
15895,150,1,179.17,5.1939008496276085,0.6931471805599453,-0.24523072402985155,-1.058145946714099,-1.1836814281462205
15897,194,2,222.05,5.407395961574274,1.0986122886681098,-0.03502715520720422,-0.5571872395918231,-1.0298383112962584
15898,1,25,5596.31,8.630041404171932,3.258096538021482,-0.9570564457247255,2.110890520920167,1.2923779440126908
15899,369,1,112.5,4.7318028369214575,0.6931471805599453,0.8010097662465068,-1.058145946714099,-1.5166660942431538
15900,24,4,900.4,6.803949110256548,1.6094379124341003,-0.8471773074765234,0.07394609082159041,-0.023491668130099504
15901,17,7,703.22,6.557090807340088,2.0794415416798357,-0.8806187843346719,0.654643185938614,-0.20137607210862157
15902,380,1,145.01,4.983675112513472,0.6931471805599453,0.8535606584521686,-1.058145946714099,-1.3351686558622304
15903,10,12,8939.84,9.098384823485164,2.5649493574615367,-0.9140602611928204,1.2544959545938104,1.629863007377121
15904,8,1,164.68,5.110058217087329,0.6931471805599453,-0.923614968866577,-1.058145946714099,-1.2440978554699755
15905,543,1,114.69,4.750914200040797,0.6931471805599453,1.6322693338633394,-1.058145946714099,-1.5028945767469353
15906,20,10,2555.64,7.846449175391078,2.3978952727983707,-0.8662867228240368,1.0480979277381186,0.7277267456041261
15907,4,3,967.45,6.875696855288249,1.3862943611198906,-0.9427243842140904,-0.20175138038774237,0.028209266013023475
15908,491,2,764.57,6.640620654418016,1.0986122886681098,1.3838469343456652,-0.5571872395918231,-0.14118503584883374
15909,174,1,191.94,5.262379259742407,0.6931471805599453,-0.1305742319447712,-1.058145946714099,-1.134336354374122
15910,1,15,2681.8,7.894616304225583,2.772588722239781,-0.9570564457247255,1.5110377522649707,0.7624356490635412
15911,624,8,1702.34,7.440346308416306,2.1972245773362196,2.0192349946504855,0.8001660338568091,0.43509179838007805
15912,178,9,1074.7,6.98072689143796,2.302585092994046,-0.1114648165972578,0.9303406571479473,0.10389319140505927
15913,534,1,6.300000000000001,1.9878743481543455,0.6931471805599453,1.5892731493314343,-1.058145946714099,-3.4939221881943614
15914,378,2,205.99,5.332670482919699,1.0986122886681098,0.8440059507784119,-0.5571872395918231,-1.0836849799131818
15915,402,1,429.21,6.064273461565794,0.6931471805599453,0.9586624428634922,-1.058145946714099,-0.5564968794205157
15916,16,13,3427.17,8.139781870086647,2.6390573296152584,-0.8853961381715503,1.3460575542855853,0.939100278302328
15917,248,5,560.63,6.330843270088287,1.791759469228055,0.22294995198422657,0.2992073267345332,-0.3644084993762787
15918,191,3,582.88,6.369695482262378,1.3862943611198906,-0.04935921671783927,-0.20175138038774237,-0.33641186112597815
15919,20,2,910.61,6.8152122670349256,1.0986122886681098,-0.8662867228240368,-0.5571872395918231,-0.015375514422616804
15920,154,9,571.64,6.350257247017716,2.302585092994046,-0.22612130868233815,0.9303406571479473,-0.3504189204391143
15921,173,4,802.11,6.688491690866365,1.6094379124341003,-0.13535158578164955,0.07394609082159041,-0.10668949453689978
15922,373,1,739.0,6.606650186198215,0.6931471805599453,0.8201191815940201,-1.058145946714099,-0.16566392280851416
15923,373,1,254.16,5.541890799373754,0.6931471805599453,0.8201191815940201,-1.058145946714099,-0.9329222514453367
15924,731,1,102.82,4.642658630399083,0.6931471805599453,2.5304118551964687,-1.058145946714099,-1.5809027995029203
15925,194,1,207.15,5.3382589736409845,0.6931471805599453,-0.03502715520720422,-1.058145946714099,-1.0796579517381086
15926,542,1,134.44,4.90852873782488,0.6931471805599453,1.627491980026461,-1.058145946714099,-1.3893186192813285
15927,647,1,123.39,4.8234217912218735,0.6931471805599453,2.1291141328986876,-1.058145946714099,-1.4506461026677429
15928,656,1,293.53,5.685380865475649,0.6931471805599453,2.1721103174305925,-1.058145946714099,-0.8295242916286395
15929,644,1,594.0,6.38856140554563,0.6931471805599453,2.1147820713880523,-1.058145946714099,-0.32281720589624674
15930,67,1,426.63,6.058258335716989,0.6931471805599453,-0.6417510924907545,-1.058145946714099,-0.5608313379492715
15931,428,1,239.9,5.484381909620826,0.6931471805599453,1.0828736426223293,-1.058145946714099,-0.97436276390251
15932,4,8,2495.87,7.822793226449505,2.1972245773362196,-0.9427243842140904,0.8001660338568091,0.7106804306602771
15933,21,3,1107.46,7.010726943606016,1.3862943611198906,-0.8615093689871585,-0.20175138038774237,0.12551102372502437
15934,418,2,2190.66,7.692414526548134,1.0986122886681098,1.0351001042535457,-0.5571872395918231,0.6167304316144742
15935,239,2,416.86,6.035146448194105,1.0986122886681098,0.17995376745232144,-0.5571872395918231,-0.5774856059574985
15936,379,2,282.79,5.648234528023389,1.0986122886681098,0.8487833046152902,-0.5571872395918231,-0.8562916882266645
15937,64,1,145.35,4.986001013137895,0.6931471805599453,-0.6560831540013895,-1.058145946714099,-1.333492627787012
15938,112,9,734.81,6.600971933227955,2.302585092994046,-0.4267701698312288,0.9303406571479473,-0.16975563304600963
15939,90,16,9060.39,9.111777808902684,2.833213344056216,-0.5318719542425524,1.5859404542672264,1.6395139010288315
15940,311,1,35.8,3.6054978451748854,0.6931471805599453,0.5239232437075625,-1.058145946714099,-2.328273764667246
15941,637,1,405.0,6.0063531596017325,0.6931471805599453,2.081340594529904,-1.058145946714099,-0.5982338527019845
15942,134,1,337.44,5.8243468240563,0.6931471805599453,-0.3216683854199051,-1.058145946714099,-0.7293863727360002
15943,650,2,271.28999999999996,5.606867674804115,1.0986122886681098,2.1434461944093224,-0.5571872395918231,-0.8861003596079458
15944,277,4,2164.24,7.680286488796148,1.6094379124341003,0.3614932132536987,0.07394609082159041,0.60799105059527
15945,365,4,827.27,6.719339188186985,1.6094379124341003,0.7819003508989933,0.07394609082159041,-0.08446099903855521
15946,503,3,2304.18,7.742914043488088,1.3862943611198906,1.4411751803882054,-0.20175138038774237,0.6531200379835451
15947,83,1,1708.24,7.443804106257556,0.6931471805599453,-0.5653134311007009,-1.058145946714099,0.43758346384484925
15948,8,3,1509.0900000000001,7.319924530681809,1.3862943611198906,-0.923614968866577,-0.20175138038774237,0.3483166893184875
15949,17,2,364.72,5.901868013296226,1.0986122886681098,-0.8806187843346719,-0.5571872395918231,-0.6735251342006406
15950,32,10,7180.71,8.879292795246196,2.3978952727983707,-0.8089584767814967,1.0480979277381186,1.4719867909432611
15951,9,3,1013.17,6.921825822958919,1.3862943611198906,-0.9188376150296986,-0.20175138038774237,0.061449484483692286
15952,34,4,806.57,6.694029738646186,1.6094379124341003,-0.7994037691077399,0.07394609082159041,-0.10269881520029532
15953,15,18,3669.5499999999997,8.208096793580383,2.9444389791664403,-0.8901734920084285,1.7233615276208618,0.9883275447339293
15954,589,1,190.75,5.256192440247365,0.6931471805599453,1.8520276103597433,-1.058145946714099,-1.13879453416956
15955,24,22,8658.36,9.06639609582321,3.1354942159291497,-0.8471773074765234,1.9594133665673954,1.6068121491035647
15956,551,2,617.6,6.42745886025097,1.0986122886681098,1.670488164558366,-0.5571872395918231,-0.2947879661874959
15957,32,3,930.1,6.836366682894484,1.3862943611198906,-0.8089584767814967,-0.20175138038774237,-0.00013178710117926466
15958,74,4,492.99,6.202515274068052,1.6094379124341003,-0.608309615632606,0.07394609082159041,-0.4568807752370697
15959,682,3,579.49,6.363872574460713,1.3862943611198906,2.29632151718943,-0.20175138038774237,-0.34060780864519713
15960,374,4,410.95,6.020901982761599,1.6094379124341003,0.8248965354308985,0.07394609082159041,-0.5877500702818425
15961,379,1,451.28999999999996,6.114323567019841,0.6931471805599453,0.8487833046152902,-1.058145946714099,-0.5204311158931361
15962,449,1,295.83,5.693159584352287,0.6931471805599453,1.1831980731967746,-1.058145946714099,-0.8239190000312345
15963,20,2,470.76,6.156470381692249,1.0986122886681098,-0.8662867228240368,-0.5571872395918231,-0.49006040962553377
15964,663,1,272.96000000000004,5.612982110329704,0.6931471805599453,2.2055517942887413,-1.058145946714099,-0.8816943392056156
15965,17,13,3013.09,8.01105323939092,2.6390573296152584,-0.8806187843346719,1.3460575542855853,0.8463393078356796
15966,451,1,426.53000000000003,6.058024461353231,0.6931471805599453,1.1927527808705314,-1.058145946714099,-0.5609998662155338
15967,23,12,3041.6,8.020467692029028,2.5649493574615367,-0.8519546613134018,1.2544959545938104,0.853123297989256
15968,388,1,418.05,6.037990244544916,0.6931471805599453,0.8917794891471953,-1.058145946714099,-0.5754363857654946
15969,3,5,1127.05,7.0282457573167605,1.791759469228055,-0.9475017380509687,0.2992073267345332,0.13813496101426848
15970,304,2,1017.32,6.925909489562179,1.0986122886681098,0.4904817668494141,-0.5571872395918231,0.06439214669592408
15971,18,18,5902.83,8.683356571827812,2.9444389791664403,-0.8758414304977935,1.7233615276208618,1.3307964890218518
15972,456,5,1810.27,7.501783535671927,1.791759469228055,1.216639550054923,0.2992073267345332,0.47936304396243784
15973,367,3,988.44,6.8971391265189474,1.3862943611198906,0.79145505857275,-0.20175138038774237,0.043660419945283316
15974,39,7,3442.15,8.14414202904651,2.0794415416798357,-0.7755169999233482,0.654643185938614,0.9422421790148562
15975,84,1,371.01,5.91892073563227,0.6931471805599453,-0.5605360772638225,-1.058145946714099,-0.6612370591668227
15976,165,6,1746.6399999999999,7.466021585348187,1.9459101490553132,-0.17357041647667631,0.48966298795922886,0.45359322725669493
15977,17,2,1054.73,6.961987749755856,1.0986122886681098,-0.8806187843346719,-0.5571872395918231,0.09038989412962548
15978,77,3,3279.42,8.095726741961132,1.3862943611198906,-0.593977554121971,-0.20175138038774237,0.9073544544178593
15979,603,1,329.22,5.799759099003687,0.6931471805599453,1.9189105640760402,-1.058145946714099,-0.7471041191698804
15980,89,7,6593.68,8.794018542366926,2.0794415416798357,-0.5366493080794308,0.654643185938614,1.4105387477989477
15981,25,21,9362.77,9.14460326615622,3.091042453358316,-0.842399953639645,1.9044924940644754,1.6631677009208445
15982,605,1,324.51,5.7853931831429195,0.6931471805599453,1.928465271749797,-1.058145946714099,-0.7574560998418167
15983,22,8,3958.8199999999997,8.283953848669983,2.1972245773362196,-0.8567320151502801,0.8001660338568091,1.042989619587234
15984,3,30,8759.32,9.07798771294361,3.4339872044851463,-0.9475017380509687,2.3282062876889484,1.6151649890860522
15985,123,7,2715.28,7.907018576148396,2.0794415416798357,-0.37421927762556695,0.654643185938614,0.7713726413498241
15986,30,2,354.42,5.87330018875734,1.0986122886681098,-0.8185131844552533,-0.5571872395918231,-0.6941109130908991
15987,12,8,1682.13,7.428410434226137,2.1972245773362196,-0.9045055535190636,0.8001660338568091,0.42649088910865984
15988,19,3,770.09,6.647805098268246,1.3862943611198906,-0.8710640766609151,-0.20175138038774237,-0.1360079747691916
15989,376,2,372.51,5.922944777976174,1.0986122886681098,0.8344512431046551,-0.5571872395918231,-0.6583373617879096
15990,44,7,2010.05,7.60641225271568,2.0794415416798357,-0.7516302307389565,0.654643185938614,0.554757781552706
15991,534,1,150.55,5.020915603503812,0.6931471805599453,1.5892731493314343,-1.058145946714099,-1.3083334128689013
15992,4,3,896.6,6.799724534768432,1.3862943611198906,-0.9427243842140904,-0.20175138038774237,-0.026535868320603888
15993,9,7,2797.57,7.93686385141862,2.0794415416798357,-0.9188376150296986,0.654643185938614,0.7928789424962565
15994,55,3,1202.18,7.092723330716997,1.3862943611198906,-0.6990793385332946,-0.20175138038774237,0.1845970592251759
15995,414,1,696.19,6.547057970456371,0.6931471805599453,1.0159906889060324,-1.058145946714099,-0.20860566571835182
15996,88,7,1686.9,7.431240431694882,2.0794415416798357,-0.5414266619163092,0.654643185938614,0.4285301659206649
15998,37,16,8308.34,9.025135462312697,2.833213344056216,-0.7850717075971049,1.5859404542672264,1.577080018917619
15999,736,1,20.4,3.0633909220278057,0.6931471805599453,2.5542986243808605,-1.058145946714099,-2.7189123041749994
16000,3,3,12393.7,9.4250242408686,1.3862943611198906,-0.9475017380509687,-0.20175138038774237,1.865237136546304
16001,381,1,583.39,6.37056856816272,0.6931471805599453,0.8583380122890469,-1.058145946714099,-0.33578272140019383
16002,625,1,169.21,5.137032968819882,0.6931471805599453,2.0240123484873638,-1.058145946714099,-1.2246600339435205
16003,30,10,5613.83,8.63316659066791,2.3978952727983707,-0.8185131844552533,1.0480979277381186,1.2946299320179189
16004,475,5,2146.39,7.672008430194929,1.791759469228055,1.3074092729556117,0.2992073267345332,0.6020259382090142
16005,12,10,2436.22,7.79861332447886,2.3978952727983707,-0.9045055535190636,1.0480979277381186,0.6932565587487746
16006,211,2,347.17,5.852690866241513,1.0986122886681098,0.046187860019727696,-0.5571872395918231,-0.7089618498785899
16007,48,7,3075.14,8.031430843243916,2.0794415416798357,-0.7325208153914431,0.654643185938614,0.8610232697404461
16008,24,15,5384.13,8.591396730431873,2.772588722239781,-0.8471773074765234,1.5110377522649707,1.2645308565378928
16009,22,4,992.71,6.9014454135860985,1.6094379124341003,-0.8567320151502801,0.07394609082159041,0.04676350094053677
16010,246,11,1724.06,7.453017111469255,2.4849066497880004,0.21339524431046988,1.15560189306089,0.4442222923613395
16011,8,29,5880.46,8.679560309391226,3.4011973816621555,-0.923614968866577,2.2876939305965793,1.3280609282855915
16012,35,5,2989.79,8.00329284553317,1.791759469228055,-0.7946264152708616,0.2992073267345332,0.8407472211214989
16013,4,84,57446.44,10.958625721796674,4.442651256490317,-0.9427243842140904,3.574427058129272,2.9703398701893726
16014,38,5,1130.27,7.0310961744158655,1.791759469228055,-0.7802943537602266,0.2992073267345332,0.14018895207219162
16015,4,3,705.39,6.560167492904158,1.3862943611198906,-0.9427243842140904,-0.20175138038774237,-0.19915903354306352
16016,3,11,2533.94,7.837925247106123,2.4849066497880004,-0.9475017380509687,1.15560189306089,0.7215844612061085
16017,47,5,1553.83,7.349121493878105,1.791759469228055,-0.7372981692283215,0.2992073267345332,0.36935582122045774
16018,39,4,698.13,6.5498367049130675,1.6094379124341003,-0.7755169999233482,0.07394609082159041,-0.20660332868206702
16019,47,27,17465.85,9.768060077769146,3.332204510175204,-0.7372981692283215,2.202452120611942,2.1124264134286665
16020,17,3,851.01,6.747598263849638,1.3862943611198906,-0.8806187843346719,-0.20175138038774237,-0.0640977024759268
16021,395,2,532.25,6.27899035735146,1.0986122886681098,0.9252209660053438,-0.5571872395918231,-0.40177335349610227
16022,260,1,628.28,6.4445763086835,0.6931471805599453,0.28027819802676673,-1.058145946714099,-0.28245324997143195
16023,46,3,719.81,6.58037557967181,1.3862943611198906,-0.7420755230651997,-0.20175138038774237,-0.1845972244900923
16024,12,3,484.2,6.184561177069895,1.3862943611198906,-0.9045055535190636,-0.20175138038774237,-0.4698183746848406
16025,30,1,439.65999999999997,6.0882736030360425,0.6931471805599453,-0.8185131844552533,-1.058145946714099,-0.5392025416956057
16026,43,1,236.09,5.468439815884993,0.6931471805599453,-0.7564075845758348,-1.058145946714099,-0.9858505275663797
16027,92,15,2048.36,7.62528282826746,2.772588722239781,-0.5223172465687957,1.5110377522649707,0.5683557891753059
16028,596,1,82.2,4.421247347827163,0.6931471805599453,1.8854690872178919,-1.058145946714099,-1.740450254739841
16029,39,107,122209.14,11.713497301000492,4.68213122712422,-0.7755169999233482,3.870308439958154,3.514295165030879
16030,310,1,331.24,5.805857599322498,0.6931471805599453,0.5191458898706842,-1.058145946714099,-0.7427095815685195
16031,92,2,548.94,6.30980918136658,1.0986122886681098,-0.5223172465687957,-0.5571872395918231,-0.37956551978550657
16032,456,6,1970.45,7.586524591596127,1.9459101490553132,1.216639550054923,0.48966298795922886,0.5404268690292743
16033,6,27,10836.13,9.29073347979088,3.332204510175204,-0.9331696765403337,2.202452120611942,1.7684681329847087
16034,196,6,928.72,6.834883465546227,1.9459101490553132,-0.025472447533447528,0.48966298795922886,-0.0012005833735679633
16035,560,1,217.73,5.387838092486448,0.6931471805599453,1.7134843490902711,-1.058145946714099,-1.0439315779381955
16036,87,4,2556.84,7.846918431316224,1.6094379124341003,-0.5462040157531874,0.07394609082159041,0.7280648882129498
16037,270,5,1509.34,7.320090070025923,1.791759469228055,0.32805173639555024,0.2992073267345332,0.34843597583716995
16038,8,3,471.78000000000003,6.158630164012735,1.3862943611198906,-0.923614968866577,-0.20175138038774237,-0.4885040852634843
16039,424,2,456.4,6.125558281588681,1.0986122886681098,1.0637642272748158,-0.5571872395918231,-0.5123354574472327
16040,65,7,2416.9,7.790654673826565,2.0794415416798357,-0.6513058001645111,0.654643185938614,0.6875216095449964
16041,31,3,3166.4,8.060666341057626,1.3862943611198906,-0.813735830618375,-0.20175138038774237,0.8820901694240558
16042,22,8,2265.12,7.725824396937778,2.1972245773362196,-0.8567320151502801,0.8001660338568091,0.6408053556135777
16043,38,8,1856.5900000000001,7.52703522763887,2.1972245773362196,-0.7802943537602266,0.8001660338568091,0.49755924041165767
16044,435,1,340.84000000000003,5.83434279133577,0.6931471805599453,1.1163151194804777,-1.058145946714099,-0.7221833471108137
16045,120,8,3434.9300000000003,8.14204291037043,2.1972245773362196,-0.388551339136202,0.8001660338568091,0.9407295684598811
16046,562,1,235.78,5.46713143998349,0.6931471805599453,1.723039056764028,-1.058145946714099,-0.9867933342885729
16047,682,1,107.14,4.683426683953859,0.6931471805599453,2.29632151718943,-1.058145946714099,-1.5515256190626503
16048,373,4,1075.23,6.9812194725263,1.6094379124341003,0.8201191815940201,0.07394609082159041,0.10424814196688094
16049,40,6,1899.68,7.549966995862329,1.9459101490553132,-0.7707396460864698,0.48966298795922886,0.5140837156851673
16050,174,3,300.7,5.709433146165015,1.3862943611198906,-0.1305742319447712,-0.20175138038774237,-0.8121923827391908
16051,682,1,188.44,5.244072351695641,0.6931471805599453,2.29632151718943,-1.058145946714099,-1.1475281870494471
16052,54,1,362.06,5.894568109862285,0.6931471805599453,-0.703856692370173,-1.058145946714099,-0.6787853946662842
16053,33,6,3634.84,8.198595449928707,1.9459101490553132,-0.8041811229446183,0.48966298795922886,0.9814809415105185
16054,145,4,2111.88,7.655807224711368,1.6094379124341003,-0.2691174932142433,0.07394609082159041,0.5903514603926768
16055,221,1,134.8,4.911183215124596,0.6931471805599453,0.09396139838851118,-1.058145946714099,-1.3874058211021467
16056,45,1,664.85,6.501064419948154,0.6931471805599453,-0.7468528769020781,-1.058145946714099,-0.24174830350833512
16057,16,10,3854.85,8.257346754558858,2.3978952727983707,-0.8853961381715503,1.0480979277381186,1.02381672962712
16058,406,1,62.7,4.154184562578117,0.6931471805599453,0.9777718582110057,-1.058145946714099,-1.9328938704400882
16059,66,12,3217.77,8.076754577984975,2.5649493574615367,-0.6465284463276328,1.2544959545938104,0.8936832428717622
16060,401,3,541.95,6.29701723466291,1.3862943611198906,0.9538850890266138,-0.20175138038774237,-0.3887833090525641
16061,431,1,89.65,4.50700593720086,0.6931471805599453,1.0972057041329644,-1.058145946714099,-1.6786532020316667
16062,10,8,2863.45,7.960131638643054,2.1972245773362196,-0.9140602611928204,0.8001660338568091,0.8096455507626924
16063,260,1,335.32,5.818063087688587,0.6931471805599453,0.28027819802676673,-1.058145946714099,-0.733914390166741
16064,725,1,111.0,4.718498871295094,0.6931471805599453,2.5017477321751986,-1.058145946714099,-1.5262528408424663
16065,365,8,2382.62,7.776375619507197,2.1972245773362196,0.7819003508989933,0.8001660338568091,0.6772322207054513
16066,17,5,1521.87,7.328351991405618,1.791759469228055,-0.8806187843346719,0.2992073267345332,0.35438945985201264
16067,563,3,3395.29,8.13043893836719,1.3862943611198906,1.7278164106009062,-0.20175138038774237,0.9323678256333565
16068,594,1,122.93,4.819716890076783,0.6931471805599453,1.875914379544135,-1.058145946714099,-1.4533158290824824
16069,418,1,457.7,6.128396401603126,0.6931471805599453,1.0351001042535457,-1.058145946714099,-0.5102903275843739
16070,22,2,852.15,6.748935381973274,1.0986122886681098,-0.8567320151502801,-0.5571872395918231,-0.06313418430513104
16071,45,4,1076.8,6.982677205499396,1.6094379124341003,-0.7468528769020781,0.07394609082159041,0.1052985743729027
16072,288,4,4328.89,8.3732974165168,1.6094379124341003,0.4140441054593605,0.07394609082159041,1.1073699832532848
16073,297,1,122.39999999999999,4.8154311114712876,0.6931471805599453,0.45704028999126567,-1.058145946714099,-1.4564041318205936
16074,390,1,265.25,5.584435717023635,0.6931471805599453,0.9013341968209521,-1.058145946714099,-0.9022646748961474
16075,503,2,736.9300000000001,6.6038489691533275,1.0986122886681098,1.4411751803882054,-0.5571872395918231,-0.16768246064401468
16076,3,10,2234.73,7.712323075642278,2.3978952727983707,-0.9475017380509687,1.0480979277381186,0.6310763958694716
16077,626,1,2300.4,7.741272912389358,0.6931471805599453,2.028789702324242,-1.058145946714099,0.651937450143075
16078,284,2,362.99,5.897126394731892,1.0986122886681098,0.3949346901118471,-0.5571872395918231,-0.6769419120940522
16079,17,3,1352.0,7.210079628170788,1.3862943611198906,-0.8806187843346719,-0.20175138038774237,0.26916320417172973
16080,82,4,602.5600000000001,6.40284545564545,1.6094379124341003,-0.5700907849375793,0.07394609082159041,-0.31252421713149064
16081,56,8,4460.18,8.403168584011615,2.1972245773362196,-0.6943019846964162,0.8001660338568091,1.1288949421595926
16082,670,1,106.75,4.6798137289838575,0.6931471805599453,2.2389932711468896,-1.058145946714099,-1.5541290896927527
16083,101,4,2351.42,7.7631998645051095,1.6094379124341003,-0.4793210620368906,0.07394609082159041,0.6677378618047235
16084,299,1,436.18,6.0803450096018565,0.6931471805599453,0.4665949976650223,-1.058145946714099,-0.5449158318736779
16085,23,12,2343.53,7.759840234353084,2.5649493574615367,-0.8519546613134018,1.2544959545938104,0.665316935305105
16086,59,10,2864.9900000000002,7.960669119198499,2.3978952727983707,-0.6799699231857812,1.0480979277381186,0.81003285557329
16087,389,5,1739.92,7.462168988109326,1.791759469228055,0.8965568429840737,0.2992073267345332,0.4508170720473802
16088,576,2,1437.43,7.271307520007092,1.0986122886681098,1.7899220104803248,-0.5571872395918231,0.3132836040832861
16089,386,2,271.44,5.607418406373117,1.0986122886681098,0.8822247814734386,-0.5571872395918231,-0.8857035062076479
16090,624,1,205.91,5.33228391611131,0.6931471805599453,2.0192349946504855,-1.058145946714099,-1.0839635373102627
16091,155,2,315.06,5.755932068980957,1.0986122886681098,-0.2213439548454598,-0.5571872395918231,-0.7786855771222196
16092,115,6,1587.94,7.370822406226574,1.9459101490553132,-0.41243810832059374,0.48966298795922886,0.3849933501724569
16093,107,1,17.0,2.8903717578961645,0.6931471805599453,-0.45065693901562054,-1.058145946714099,-2.843588729982052
16094,12,11,3695.56,8.215157936435828,2.4849066497880004,-0.9045055535190636,1.15560189306089,0.993415755960404
16095,456,1,447.05,6.104904833330228,0.6931471805599453,1.216639550054923,-1.058145946714099,-0.5272181909431338
16096,264,4,1584.97,7.368951486505174,1.6094379124341003,0.29938761337428016,0.07394609082159041,0.38364517822279603
16097,240,1,185.04999999999998,5.226015454792631,0.6931471805599453,0.1847311212891998,-1.058145946714099,-1.1605398634052568
16098,88,14,4448.1,8.400457107514553,2.70805020110221,-0.5414266619163092,1.4312993642702228,1.1269410707488146
16099,50,7,1573.2,7.36150248570835,2.0794415416798357,-0.7229661077176863,0.654643185938614,0.3782774792176423
16100,463,1,582.64,6.3692843543958215,0.6931471805599453,1.2500810269130715,-1.058145946714099,-0.3367081170535175
16101,71,4,3229.16,8.08028695059357,1.6094379124341003,-0.622641677143241,0.07394609082159041,0.8962286464036116
16102,42,3,1842.14,7.519225917888408,1.3862943611198906,-0.7611849384127132,-0.20175138038774237,0.49193190523989055
16103,7,22,6191.71,8.731128072778827,3.1354942159291497,-0.9283923227034554,1.9594133665673954,1.3652203057354684
16104,62,9,2778.61,7.930065909073649,2.302585092994046,-0.6656378616751462,0.9303406571479473,0.7879803917567065
16105,249,5,2386.19,7.7778722209926245,1.791759469228055,0.22772730582110493,0.2992073267345332,0.6783106614955051
16106,66,1,108.38,4.694828057918627,0.6931471805599453,-0.6465284463276328,-1.058145946714099,-1.5433098669963918
16107,18,7,3204.1600000000003,8.072517290105589,2.0794415416798357,-0.8758414304977935,0.654643185938614,0.8906298822190923
16108,85,4,2235.92,7.712855198669154,1.6094379124341003,-0.5557587234269442,0.07394609082159041,0.6314598400816406
16109,219,3,939.48,6.846390383230553,1.3862943611198906,0.08440669071475448,-0.20175138038774237,0.007091222774831586
16110,45,4,1819.27,7.5067401207161755,1.6094379124341003,-0.7468528769020781,0.07394609082159041,0.48293472523038933
16111,428,1,562.48,6.334131840392106,0.6931471805599453,1.0828736426223293,-1.058145946714099,-0.3620387781170574
16112,143,4,195.73999999999998,5.281883060084612,1.6094379124341003,-0.278672200888,0.07394609082159041,-1.1202820493003194
16113,183,1,161.38,5.089939267434301,0.6931471805599453,-0.08757804741286605,-1.058145946714099,-1.2585954329280609
16114,171,1,135.75000000000003,4.918154441302091,0.6931471805599453,-0.14490629345540623,-1.058145946714099,-1.3823824032185568
16115,10,12,2575.14,7.854047433573542,2.5649493574615367,-0.9140602611928204,1.2544959545938104,0.7332019984600929
16116,212,1,612.78,6.419636557751217,0.6931471805599453,0.050965213856606045,-1.058145946714099,-0.3004246638455003
16117,190,3,654.4,6.485245736264714,1.3862943611198906,-0.05413657055471762,-0.20175138038774237,-0.2531471387328718
16118,653,1,4376.25,8.384175952306427,0.6931471805599453,2.1577782559199576,-1.058145946714099,1.1152089817080035
16119,8,8,1720.81,7.451131342082467,2.1972245773362196,-0.923614968866577,0.8001660338568091,0.44286341984440736
16120,59,6,3056.91,8.025486955055253,1.9459101490553132,-0.6799699231857812,0.48966298795922886,0.8567401445821523
16121,57,5,1477.09,7.29850599275302,1.791759469228055,-0.689524630859538,0.2992073267345332,0.33288263744119095
16122,73,6,1001.34,6.9100925454456235,1.9459101490553132,-0.6130869694694844,0.48966298795922886,0.05299456499138144
16123,52,1,307.78,5.732629049213781,0.6931471805599453,-0.7134114000439297,-1.058145946714099,-0.795477573717881
16124,317,4,1772.49,7.480704635629976,1.6094379124341003,0.5525873667288326,0.07394609082159041,0.4641737328224586
16125,367,14,4587.65,8.431341142146454,2.70805020110221,0.79145505857275,1.4312993642702228,1.1491958947836656
16126,29,15,14646.800000000001,9.592045432520008,2.772588722239781,-0.8232905382921317,1.5110377522649707,1.9855914644246233
16127,39,2,801.31,6.6874950668474575,1.0986122886681098,-0.7755169999233482,-0.5571872395918231,-0.10740765498562499
16128,18,11,3801.05,8.243295673935073,2.4849066497880004,-0.8758414304977935,1.15560189306089,1.0136916170727244
16129,407,3,1396.05,7.242118149597153,1.3862943611198906,0.9825492120478839,-0.20175138038774237,0.29224994349121186
16130,422,4,987.48,6.896168409730217,1.6094379124341003,1.0542095196010592,0.07394609082159041,0.04296092806935615
16131,52,12,9957.42,9.206173703456702,2.5649493574615367,-0.7134114000439297,1.2544959545938104,1.7075349367500545
16132,544,2,664.1999999999999,6.500087747318773,1.0986122886681098,1.6370466877002177,-0.5571872395918231,-0.24245208712228308
16133,4,56,22992.260000000002,10.042956408487395,4.04305126783455,-0.9427243842140904,3.0807148010694942,2.3105148283937758
16134,22,5,2145.34,7.6715193449376216,1.791759469228055,-0.8567320151502801,0.2992073267345332,0.6016735067191148
16135,263,2,819.45,6.709852970221159,1.0986122886681098,0.29461025953740183,-0.5571872395918231,-0.09129670279623804
16136,60,4,946.8,6.854143509533488,1.6094379124341003,-0.6751925693489029,0.07394609082159041,0.0126780725387408
16137,680,1,422.7,6.049025657632513,0.6931471805599453,2.2867668095156732,-1.058145946714099,-0.5674843426032746
16138,379,3,910.35,6.814927016670943,1.3862943611198906,0.8487833046152902,-0.20175138038774237,-0.015581063883105881
16139,19,5,1111.15,7.014050357799739,1.791759469228055,-0.8710640766609151,0.2992073267345332,0.12790585325289475
16140,66,3,1557.6000000000001,7.351543261409461,1.3862943611198906,-0.6465284463276328,-0.20175138038774237,0.37110093033285224
16141,88,2,955.94,6.863740693562717,1.0986122886681098,-0.5414266619163092,-0.5571872395918231,0.019593737682438276
16142,250,1,535.34,6.284768288327816,0.6931471805599453,0.23250465965798328,-1.058145946714099,-0.3976098159694506
16143,3,12,4910.83,8.499401860107549,2.5649493574615367,-0.9475017380509687,1.2544959545938104,1.1982399824478212
16144,247,1,175.2,5.171619713502079,0.6931471805599453,0.21817259814734824,-1.058145946714099,-1.1997370623818466
16145,9,19,6805.4400000000005,8.825624501810465,2.995732273553991,-0.9188376150296986,1.7867352234743035,1.433313785913367
16146,157,4,946.38,6.8537002798593925,1.6094379124341003,-0.2117892471717031,0.07394609082159041,0.012358684268342001
16147,134,5,2398.91,7.783186515632894,1.791759469228055,-0.3216683854199051,0.2992073267345332,0.6821401058507576
16148,296,2,386.62,5.960025478272602,1.0986122886681098,0.4522629361543873,-0.5571872395918231,-0.6316172628752617
16149,5,3,422.22,6.047892138406626,1.3862943611198906,-0.937947030377212,-0.20175138038774237,-0.568301148801458
16150,43,10,4395.59,8.3885845194386,2.3978952727983707,-0.7564075845758348,1.0480979277381186,1.1183857650182714
16152,269,1,1829.04,7.512093103520083,0.6931471805599453,0.3232743825586719,-1.058145946714099,0.4867920480116395
16153,50,11,5133.49,8.543735799027143,2.4849066497880004,-0.7229661077176863,1.15560189306089,1.2301867154827681
16155,382,5,796.9,6.681983276314235,1.791759469228055,0.8631153661259252,0.2992073267345332,-0.11137941352999325
16156,9,20,6218.18,8.735393344245091,3.044522437723423,-0.9188376150296986,1.8470162614078611,1.3682938311693684
16157,16,3,656.69,6.488733695691184,1.3862943611198906,-0.8853961381715503,-0.20175138038774237,-0.2506337390361689
16158,522,9,628.32,6.444639871372223,2.302585092994046,1.531944903288894,0.9303406571479473,-0.28240744713285937
16159,282,4,1232.79,7.1178460117013564,1.6094379124341003,0.3853799824380904,0.07394609082159041,0.20270029124309036
16160,65,2,1025.44,6.933851783703411,1.0986122886681098,-0.6513058001645111,-0.5571872395918231,0.07011530950974809
16161,2,43,12831.8,9.459759672302631,3.784189633918261,-0.9522790918878471,2.7608870603908318,1.890267250763975
16162,252,1,37.4,3.648057459593681,0.6931471805599453,0.24205936733173997,-1.058145946714099,-2.2976055977269376
16163,232,6,2849.58,7.955277761329525,1.9459101490553132,0.146512290594173,0.48966298795922886,0.8061478799827307
16164,17,3,822.48,6.713539262741108,1.3862943611198906,-0.8806187843346719,-0.20175138038774237,-0.0886403856294483
16165,505,1,79.9,4.393213824064446,0.6931471805599453,1.4507298880619621,-1.058145946714099,-1.7606510201466912
16166,428,2,435.83,6.079544103390923,1.0986122886681098,1.0828736426223293,-0.5571872395918231,-0.5454929594091567
16167,414,5,1386.1200000000001,7.234984934236418,1.791759469228055,1.0159906889060324,0.2992073267345332,0.28710979731057396
16168,11,66,10636.47,9.272137952666137,4.204692619390966,-0.909282907355942,3.2804253085186272,1.7550683233766404
16169,8,4,1822.97,7.5087707231305965,1.6094379124341003,-0.923614968866577,0.07394609082159041,0.48439796343602853
16170,51,20,6869.0,8.834919385216395,3.044522437723423,-0.718188753880808,1.8470162614078611,1.4400116152963767
16171,59,1,73.2,4.3067641501733345,0.6931471805599453,-0.6799699231857812,-1.058145946714099,-1.8229460636294383
16172,95,8,1884.55,7.5419748345117545,2.1972245773362196,-0.5079851850581607,0.8001660338568091,0.5083246189015026
16173,16,6,1418.32,7.257933162659462,1.9459101490553132,-0.8853961381715503,0.48966298795922886,0.3036461336912777
16174,126,7,2246.75,7.717684994864882,2.0794415416798357,-0.3598872161149319,0.654643185938614,0.6349401581728881
16175,94,7,1836.44,7.516128577492644,2.0794415416798357,-0.5127625388950391,0.654643185938614,0.4896999829439425
16176,421,4,2052.69,7.627393454073833,1.6094379124341003,1.0494321657641807,0.07394609082159041,0.5698766916896337
16177,50,8,2247.31,7.717934101862074,2.1972245773362196,-0.7229661077176863,0.8001660338568091,0.6351196629705749
16178,138,2,612.6,6.419343250053046,1.0986122886681098,-0.30255897007239174,-0.5571872395918231,-0.300636019365874
16179,61,1,215.83,5.379113636376126,0.6931471805599453,-0.6704152155120245,-1.058145946714099,-1.050218361315081
16180,100,13,16249.87,9.69590172478629,2.6390573296152584,-0.48409841587376895,1.3460575542855853,2.060429598005485
16181,73,1,305.54,5.725348252570762,0.6931471805599453,-0.6130869694694844,-1.058145946714099,-0.8007240659607224
16182,72,9,9971.65,9.207601625030192,2.302585092994046,-0.6178643233063628,0.9303406571479473,1.7085638872655013
16183,67,4,1077.81,6.983613860781381,1.6094379124341003,-0.6417510924907545,0.07394609082159041,0.10597352176013193
16184,64,6,1158.79,7.055994233228931,1.9459101490553132,-0.6560831540013895,0.48966298795922886,0.15813032289042664
16185,17,3,644.72,6.470365973289328,1.3862943611198906,-0.8806187843346719,-0.20175138038774237,-0.2638693941196549
16186,23,26,9026.11,9.107987550889137,3.295836866004329,-0.8519546613134018,2.1575193073054413,1.6367826670387284
16187,32,15,6911.4400000000005,8.841077965865253,2.772588722239781,-0.8089584767814967,1.5110377522649707,1.4444494463724757
16188,45,5,1087.66,6.992702861144837,1.791759469228055,-0.7468528769020781,0.2992073267345332,0.11252299323146815
16189,16,2,215.48,5.3774981644224775,1.0986122886681098,-0.8853961381715503,-0.5571872395918231,-1.0513824593511762
16190,40,8,2723.55,7.910058555845948,2.1972245773362196,-0.7707396460864698,0.8001660338568091,0.773563229919125
16191,3,24,15688.02,9.66071638361065,3.2188758248682006,-0.9475017380509687,2.062432694683636,2.0350752819064724
16192,736,1,351.3,5.864483085347192,0.6931471805599453,2.5542986243808605,-1.058145946714099,-0.7004644574781093
16193,237,2,630.43,6.44798708845731,1.0986122886681098,0.17039905977856476,-0.5571872395918231,-0.2799954654043412
16194,375,1,308.59999999999997,5.735281141715572,0.6931471805599453,0.8296738892677769,-1.058145946714099,-0.7935664940077659
16195,723,1,323.25,5.781514823196553,0.6931471805599453,2.492193024501442,-1.058145946714099,-0.7602508194818809
16196,489,1,93.3,4.546481189639412,0.6931471805599453,1.3742922266719084,-1.058145946714099,-1.6502076052298862
16197,469,9,2016.71,7.609718483946528,2.302585092994046,1.2787451499343416,0.9303406571479473,0.5571402291551009
16198,75,2,1030.0410000000002,6.93832425044256,1.0986122886681098,-0.6035322617957277,-0.5571872395918231,0.07333813843957519
16199,392,7,942.75,6.8498613005632345,2.0794415416798357,0.9108889044947087,0.654643185938614,0.009592342055359833
16200,4,12,5643.45,8.638428040481838,2.5649493574615367,-0.9427243842140904,1.2544959545938104,1.2984212967528945
16201,3,5,2112.12,7.6559208072954945,1.791759469228055,-0.9475017380509687,0.2992073267345332,0.590433307225621
16202,361,9,2501.9900000000002,7.82524129621804,2.302585092994046,0.7627909355514799,0.9303406571479473,0.7124444929848126
16203,59,6,1114.54,7.0170938715891715,1.9459101490553132,-0.6799699231857812,0.48966298795922886,0.13009898846462298
16204,23,3,944.24,6.851438863503233,1.3862943611198906,-0.8519546613134018,-0.20175138038774237,0.010729123115607395
16205,31,7,1830.61,7.512950640475396,2.0794415416798357,-0.813735830618375,0.654643185938614,0.4874099832740278
16206,55,13,2602.32,7.864542832513582,2.6390573296152584,-0.6990793385332946,1.3460575542855853,0.7407649111225753
16207,25,1,394.38,5.979847327767791,0.6931471805599453,-0.842399953639645,-1.058145946714099,-0.6173337737580376
16208,45,10,3440.45,8.14364817318428,2.3978952727983707,-0.7468528769020781,1.0480979277381186,0.9418863098596926
16209,89,9,4146.78,8.330328530334388,2.302585092994046,-0.5366493080794308,0.9303406571479473,1.0764068978805148
16210,2,35,38489.51,10.558166996384864,3.58351893845611,-0.9522790918878471,2.5129551665095216,2.6817720527561257
16211,89,3,1090.59,6.995390627927437,1.3862943611198906,-0.5366493080794308,-0.20175138038774237,0.11445977958423613
16212,19,4,1293.71,7.1660420108317915,1.6094379124341003,-0.8710640766609151,0.07394609082159041,0.2374299984402111
16213,79,1,159.0,5.075173815233827,0.6931471805599453,-0.5844228464482143,-1.058145946714099,-1.2692353167526027
16214,171,4,2038.25,7.62033737218069,1.6094379124341003,-0.14490629345540623,0.07394609082159041,0.5647921273579645
16215,81,1,242.35,5.494500736279464,0.6931471805599453,-0.5748681387744575,-1.058145946714099,-0.967071206649348
16216,267,1,914.9300000000001,6.81993994254006,0.6931471805599453,0.3137196748849152,-1.058145946714099,-0.011968783802260512
16217,235,2,304.25,5.721131112990814,1.0986122886681098,0.16084435210480805,-0.5571872395918231,-0.8037629078866803
16218,30,13,4439.97,8.398628100033978,2.6390573296152584,-0.8185131844552533,1.3460575542855853,1.1256231004731116
16219,501,1,40.8,3.7328963395307104,0.6931471805599453,1.4316204727144486,-1.058145946714099,-2.236471281345807
16221,37,9,2235.5099999999998,7.712671894134983,2.302585092994046,-0.7850717075971049,0.9303406571479473,0.6313277520885597
16222,318,2,1345.22,7.205055944099741,1.0986122886681098,0.557364720565711,-0.5571872395918231,0.265543171804186
16223,375,2,1102.3500000000001,7.00610628532909,1.0986122886681098,0.8296738892677769,-0.5571872395918231,0.12218140898706083
16224,57,5,1616.54,7.388661755590151,1.791759469228055,-0.689524630859538,0.2992073267345332,0.39784826325989925
16225,45,15,2867.4100000000003,7.961513148266462,2.772588722239781,-0.7468528769020781,1.5110377522649707,0.8106410571444802
16226,203,5,672.1700000000001,6.511997898043822,1.791759469228055,0.00796902932470091,0.2992073267345332,-0.23386971400381995
16227,225,3,1027.22,6.935584430900813,1.3862943611198906,0.11307081373602457,-0.20175138038774237,0.07136384322473197
16228,385,3,890.8100000000001,6.793253105407027,1.3862943611198906,0.8774474276365603,-0.20175138038774237,-0.031199136038328263
16229,87,6,2867.86,7.961670017300314,1.9459101490553132,-0.5462040157531874,0.48966298795922886,0.8107540958969132
16230,190,2,542.03,6.297164567026571,1.0986122886681098,-0.05413657055471762,-0.5571872395918231,-0.38867714235941675
16231,379,4,1078.22,6.983993836967935,1.6094379124341003,0.8487833046152902,0.07394609082159041,0.10624733000021358
16232,44,7,2712.97,7.906167786538584,2.0794415416798357,-0.7516302307389565,0.654643185938614,0.7707595681784358
16233,71,9,1965.71,7.584117374881264,2.302585092994046,-0.622641677143241,0.9303406571479473,0.5386922451356821
16234,476,3,333.18,5.8116797699659974,1.3862943611198906,1.31218662679249,-0.20175138038774237,-0.73851416524043
16235,41,9,2053.71,7.627889997750669,2.302585092994046,-0.7659622922495916,0.9303406571479473,0.5702344976656116
16236,78,1,432.2,6.071199515126835,0.6931471805599453,-0.5892002002850927,-1.058145946714099,-0.551506012615253
16237,437,1,136.65,4.9247142315886165,0.6931471805599453,1.1258698271542344,-1.058145946714099,-1.377655463222791
16238,423,1,63.66,4.169142772297287,0.6931471805599453,1.0589868734379375,-1.058145946714099,-1.922115086866498
16239,57,6,1492.2,7.308676747040429,1.9459101490553132,-0.689524630859538,0.48966298795922886,0.34021161338833583
16240,24,2,3718.8,8.221425182381026,1.0986122886681098,-0.8471773074765234,-0.5571872395918231,0.9979318905055142
16241,10,16,4329.31,8.373394411967329,2.833213344056216,-0.9140602611928204,1.5859404542672264,1.107439877511254
16242,8,14,7474.4,8.919372908532873,2.70805020110221,-0.923614968866577,1.4312993642702228,1.500868246333502
16243,34,2,409.1,6.016401032398013,1.0986122886681098,-0.7994037691077399,-0.5571872395918231,-0.5909934243165423
16244,212,2,2579.38,7.855691953891729,1.0986122886681098,0.050965213856606045,-0.5571872395918231,0.7343870285489141
16245,24,3,1413.66,7.254644498519316,1.3862943611198906,-0.8471773074765234,-0.20175138038774237,0.3012763448142417
16246,460,2,827.25,6.719315041180005,1.0986122886681098,1.2357489654024365,-0.5571872395918231,-0.08447839920656133
16247,170,1,114.56,4.749789875598035,0.6931471805599453,-0.1496836472922846,-1.058145946714099,-1.503704757247313
16248,62,1,152.94,5.036562916106171,0.6931471805599453,-0.6656378616751462,-1.058145946714099,-1.2970580664728018
16249,53,5,1800.07,7.496136211716589,1.791759469228055,-0.7086340462070513,0.2992073267345332,0.4752936209614669
16250,261,3,791.38,6.675041074727977,1.3862943611198906,0.2850555518636451,-0.20175138038774237,-0.11638191649173575
16251,512,1,128.31,4.86221262230776,0.6931471805599453,1.4841713649201105,-1.058145946714099,-1.4226936952096083
16252,383,1,295.09000000000003,5.690663462163048,0.6931471805599453,0.8678927199628036,-1.058145946714099,-0.8257176886013354
16253,67,7,7310.15,8.89715585911198,2.0794415416798357,-0.6417510924907545,0.654643185938614,1.4848587925387293
16254,378,3,985.14,6.893798332352932,1.3862943611198906,0.8440059507784119,-0.20175138038774237,0.04125306652830037
16255,17,15,4906.8,8.498581055204255,2.772588722239781,-0.8806187843346719,1.5110377522649707,1.1976485160507828
16256,267,3,1629.37,7.396562261906629,1.3862943611198906,0.3137196748849152,-0.20175138038774237,0.4035413140531343
16257,177,1,46.95,3.8701588013294472,0.6931471805599453,-0.11624217043413615,-1.058145946714099,-2.1375608905782095
16258,45,15,11942.52,9.387944150869624,2.772588722239781,-0.7468528769020781,1.5110377522649707,1.8385174774098232
16259,410,3,361.94,5.894237531346878,1.3862943611198906,0.996881273558519,-0.20175138038774237,-0.6790236072825363
16260,51,1,1035.45,6.9435566914455205,0.6931471805599453,-0.718188753880808,-1.058145946714099,0.07710859962385802
16261,17,6,1059.45,6.966448625321355,1.9459101490553132,-0.8806187843346719,0.48966298795922886,0.0936043705390323
16262,378,1,755.15,6.62823976919675,0.6931471805599453,0.8440059507784119,-1.058145946714099,-0.15010661702431788
16263,423,1,351.01,5.863659584285475,0.6931471805599453,1.0589868734379375,-1.058145946714099,-0.7010578667084595
16264,438,2,837.53,6.731650358798553,1.0986122886681098,1.1306471809911127,-0.5571872395918231,-0.07558965373380452
16265,9,12,6935.17,8.844505027963939,2.5649493574615367,-0.9188376150296986,1.2544959545938104,1.4469189638714612
16266,74,14,1757.95,7.472472319091938,2.70805020110221,-0.608309615632606,1.4312993642702228,0.458241581853946
16267,591,1,186.66,5.2346318148619035,0.6931471805599453,1.8615823180335,-1.058145946714099,-1.1543309732959155
16268,71,2,667.65,6.5052607543188055,1.0986122886681098,-0.622641677143241,-0.5571872395918231,-0.23872445367383902
16269,438,1,717.57,6.577263125964925,0.6931471805599453,1.1306471809911127,-1.058145946714099,-0.18684003733462268
16270,353,1,1141.24,7.040746525754151,0.6931471805599453,0.7245721048564532,-1.058145946714099,0.14714292921500274
16271,3,10,3463.02,8.150185043337714,2.3978952727983707,-0.9475017380509687,1.0480979277381186,0.9465967337643815
16272,117,1,411.7,6.022720936758536,0.6931471805599453,-0.40288340064683703,-1.058145946714099,-0.5864393444776588
16273,648,2,336.03999999999996,5.820201617670761,1.0986122886681098,2.133891486735566,-0.5571872395918231,-0.7323733800942624
16274,373,1,715.9,6.5749363608588265,0.6931471805599453,0.8201191815940201,-1.058145946714099,-0.18851668834942134
16275,197,3,2151.11,7.674204035216971,1.3862943611198906,-0.020695093696569182,-0.20175138038774237,0.6036080761646911
16276,177,3,2629.3900000000003,7.8748874031514715,1.3862943611198906,-0.11624217043413615,-0.20175138038774237,0.7482191379425557
16277,734,1,188.69,5.245391160738632,0.6931471805599453,2.544743916707104,-1.058145946714099,-1.1465778622768859
16278,100,3,1117.84,7.020047713280759,1.3862943611198906,-0.48409841587376895,-0.20175138038774237,0.13222750657621646
16279,21,9,5705.08,8.649287552004639,2.302585092994046,-0.8615093689871585,0.9303406571479473,1.3062465864511108
16280,725,1,238.05,5.476672735072112,0.6931471805599453,2.5017477321751986,-1.058145946714099,-0.9799179423330624
16281,72,3,3424.02,8.138862590095334,1.3862943611198906,-0.6178643233063628,-0.20175138038774237,0.9384378514306684
16282,340,3,1307.58,7.17669785880975,1.3862943611198906,0.6624665049770346,-0.20175138038774237,0.24510852958156149
16283,6,8,4403.82,8.390454674879306,2.1972245773362196,-0.9331696765403337,0.8001660338568091,1.1197333862324939
16284,31,3,1029.77,6.938061374745844,1.3862943611198906,-0.813735830618375,-0.20175138038774237,0.0731487120112226
16285,646,1,176.9,5.18122159467179,0.6931471805599453,2.1243367790618093,-1.058145946714099,-1.192818012510858
16286,477,2,328.95,5.798941127829431,1.0986122886681098,1.3169639806293683,-0.5571872395918231,-0.747693543601164
16287,170,5,1006.98,6.915703607164632,1.791759469228055,-0.1496836472922846,0.2992073267345332,0.05703785767297426
16288,470,1,129.85,4.874051628976154,0.6931471805599453,1.28352250377122,-1.058145946714099,-1.4141625880115745
16289,462,1,136.31,4.92224114333366,0.6931471805599453,1.245303673076193,-1.058145946714099,-1.3794375536974552
16290,465,4,2069.3,7.635448803294666,1.6094379124341003,1.259635734586828,0.07394609082159041,0.5756813212202497
16291,682,1,117.72,4.77676777941907,0.6931471805599453,2.29632151718943,-1.058145946714099,-1.4842646643474653
16292,122,5,1253.76,7.134699598218368,1.791759469228055,-0.3789966314624453,0.2992073267345332,0.21484487036828004
16293,22,15,4657.95,8.446545379842489,2.772588722239781,-0.8567320151502801,1.5110377522649707,1.1601519644339624
16294,477,1,126.05000000000001,4.8445807097661735,0.6931471805599453,1.3169639806293683,-1.058145946714099,-1.4353991307424898
16295,10,4,1328.55,7.192595818099261,1.6094379124341003,-0.9140602611928204,0.07394609082159041,0.2565644902653974
16296,626,4,1313.67,7.181340962548159,1.6094379124341003,2.028789702324242,0.07394609082159041,0.248454318365489
16297,269,1,301.9,5.713402718033191,0.6931471805599453,0.3232743825586719,-1.058145946714099,-0.8093319364123787
16298,23,7,1085.7,6.990900860068806,2.0794415416798357,-0.8519546613134018,0.654643185938614,0.11122448358609151
16299,477,1,193.65,5.271203074056465,0.6931471805599453,1.3169639806293683,-1.058145946714099,-1.127977974155473
16300,430,3,1392.43,7.239523612434581,1.3862943611198906,1.0924283502960859,-0.20175138038774237,0.2903803377647221
16301,737,1,107.33,4.6851821239574765,0.6931471805599453,2.559075978217739,-1.058145946714099,-1.5502606610074647
16302,127,1,233.22,5.4562608446139915,0.6931471805599453,-0.3551098622780536,-1.058145946714099,-0.9946266109308791
16303,26,7,7928.27,8.97831625490603,2.0794415416798357,-0.8376225998027668,0.654643185938614,1.5433424184160867
16304,695,1,381.66,5.9471468664568565,0.6931471805599453,2.3584271170688482,-1.058145946714099,-0.6408975024290833
16305,139,1,361.21999999999997,5.8922517620363895,0.6931471805599453,-0.29778161623551336,-1.058145946714099,-0.6804545390602478
16306,214,7,1192.82,7.084913528819212,2.0794415416798357,0.06051992153036274,0.654643185938614,0.17896936941541478
16307,429,3,1194.92,7.0866710426412585,1.3862943611198906,1.0876509964592076,-0.20175138038774237,0.18023582184997028
16308,38,7,5120.0,8.54110501146255,2.0794415416798357,-0.7802943537602266,0.654643185938614,1.2282909879646216
16309,106,2,706.57,6.56183656455249,1.0986122886681098,-0.45543429285249887,-0.5571872395918231,-0.1979563119337306
16310,414,2,460.08,6.133571563732811,1.0986122886681098,1.0159906889060324,-0.5571872395918231,-0.5065611411642486
16311,18,2,616.26,6.425290328985104,1.0986122886681098,-0.8758414304977935,-0.5571872395918231,-0.2963505949797216
16312,432,1,171.15,5.148366189784533,0.6931471805599453,1.1019830579698426,-1.058145946714099,-1.2164933924628158
16313,3,2,274.15000000000003,5.617316403505768,1.0986122886681098,-0.9475017380509687,-0.5571872395918231,-0.8785710771999086
16314,390,3,1491.4,7.308140841347003,1.3862943611198906,0.9013341968209521,-0.20175138038774237,0.3398254434125337
16315,331,2,402.71,6.00069679842156,1.0986122886681098,0.6194703204451295,-0.5571872395918231,-0.6023097878653353
16316,64,13,5744.91,8.656243576346606,2.6390573296152584,-0.6560831540013895,1.3460575542855853,1.3112590499960364
16317,120,5,2192.51,7.693258279519971,1.791759469228055,-0.388551339136202,0.2992073267345332,0.6173384342326849
16318,35,1,328.15,5.796513573913885,0.6931471805599453,-0.7946264152708616,-1.058145946714099,-0.7494428223424128
16319,218,1,404.40000000000003,6.004874234017899,0.6931471805599453,0.07962933687787613,-1.058145946714099,-0.5992995563582953
16320,172,6,5628.99,8.635862944933224,1.9459101490553132,-0.14012893961852788,0.48966298795922886,1.2965729064519718
16321,72,7,604.5500000000001,6.40613713596706,2.0794415416798357,-0.6178643233063628,0.654643185938614,-0.31015225481472986
16322,1,2,326.75,5.792251122643809,1.0986122886681098,-0.9570564457247255,-0.5571872395918231,-0.752514315562236
16323,196,2,353.66,5.871159584064333,1.0986122886681098,-0.025472447533447528,-0.5571872395918231,-0.6956534181858076
16324,128,3,428.68,6.0630407455972035,1.3862943611198906,-0.3503325084411752,-0.20175138038774237,-0.5573851661127469
16325,47,12,3597.5,8.188272370947859,2.5649493574615367,-0.7372981692283215,1.2544959545938104,0.9740422014315477
16326,6,24,4826.99,8.482185510964241,3.2188758248682006,-0.9331696765403337,2.062432694683636,1.1858339990562892
16327,14,16,10731.34,9.28101689199784,2.833213344056216,-0.8949508458453069,1.5859404542672264,1.7614664263058175
16328,563,1,310.83,5.742458167518031,0.6931471805599453,1.7278164106009062,-1.058145946714099,-0.7883947783225908
16329,428,4,1703.07,7.440774786357715,1.6094379124341003,1.0828736426223293,0.07394609082159041,0.4354005566528405
16330,18,7,634.33,6.4541445489425575,2.0794415416798357,-0.8758414304977935,0.654643185938614,-0.27555844151047537
16331,432,6,2037.7,7.620067628803093,1.9459101490553132,1.1019830579698426,0.48966298795922886,0.5645977521257599
16332,28,11,2010.41,7.6065912476595505,2.4849066497880004,-0.82806789212901,1.15560189306089,0.5548867640845042
16333,8,22,26626.8,10.189711061801596,3.1354942159291497,-0.923614968866577,1.9594133665673954,2.4162652274180516
16334,492,1,277.48,5.629346243503184,0.6931471805599453,1.3886242881825435,-1.058145946714099,-0.8699024568107395
16335,552,7,2774.0,7.928406026180535,2.0794415416798357,1.6752655183952445,0.654643185938614,0.78678429150151
16336,421,4,3517.69,8.165844040232853,1.6094379124341003,1.0494321657641807,0.07394609082159041,0.9578804997819093
16337,37,1,151.05,5.024209414123374,0.6931471805599453,-0.7850717075971049,-1.058145946714099,-1.3059599154740125
16338,157,1,214.79999999999998,5.374352052824034,0.6931471805599453,-0.2117892471717031,-1.058145946714099,-1.0536495258420628
16339,284,1,109.95,4.709079649378603,0.6931471805599453,0.3949346901118471,-1.058145946714099,-1.533040267705412
16340,107,3,1526.06,7.331099597177538,1.3862943611198906,-0.45065693901562054,-0.20175138038774237,0.3563693657710424
16341,25,7,3850.79,8.256293254297947,2.0794415416798357,-0.842399953639645,0.654643185938614,1.0230575845475771
16342,75,4,322.41,5.778920868124441,1.6094379124341003,-0.6035322617957277,0.07394609082159041,-0.7621200057579686
16343,16,3,687.0699999999999,6.533890576943802,1.3862943611198906,-0.8853961381715503,-0.20175138038774237,-0.21809399938694513
16344,158,4,842.42,6.73746505457173,1.6094379124341003,-0.20701189333482475,0.07394609082159041,-0.07139962374612359
16345,44,2,1198.74,7.0898601456338115,1.0986122886681098,-0.7516302307389565,-0.5571872395918231,0.1825338676452879
16346,385,1,224.51,5.418364503857487,0.6931471805599453,0.8774474276365603,-1.058145946714099,-1.021934454778121
16347,11,11,3509.41,8.163488118755067,2.4849066497880004,-0.909282907355942,1.15560189306089,0.9561828388851721
16348,32,8,1798.22,7.495108516634901,2.1972245773362196,-0.8089584767814967,0.8001660338568091,0.4745530709175027
16349,291,1,53.5,3.9982007016691985,0.6931471805599453,0.42837616696999553,-1.058145946714099,-2.0452947733071944
16350,21,9,2253.89,7.720856470259167,2.302585092994046,-0.8615093689871585,0.9303406571479473,0.6372255016415087
16351,333,13,3330.0299999999997,8.111036844457535,2.6390573296152584,0.6290250281188862,1.3460575542855853,0.9183868095189333
16352,18,2,494.44,6.205446256629806,1.0986122886681098,-0.8758414304977935,-0.5571872395918231,-0.4547687292580229
16353,4,38,9999.460000000001,9.210386370918215,3.6635616461296463,-0.9427243842140904,2.611849228042442,1.7105705560980677
16354,63,5,1129.51,7.030424137322423,1.791759469228055,-0.6608605078382679,0.2992073267345332,0.1397046867410029
16355,375,1,416.35,6.033925198296746,0.6931471805599453,0.8296738892677769,-1.058145946714099,-0.578365630277256
16356,198,6,415.87,6.032774422594961,1.9459101490553132,-0.015917739859690833,0.48966298795922886,-0.5791948713738957
16357,33,4,868.37,6.767768811403081,1.6094379124341003,-0.8041811229446183,0.07394609082159041,-0.04956294392385638
16358,1,5,2919.65,7.97956147322974,1.791759469228055,-0.9570564457247255,0.2992073267345332,0.8236465566191722
16359,7,16,2697.75,7.900543981829017,2.833213344056216,-0.9283923227034554,1.5859404542672264,0.766707092985039
16360,5,6,3512.53,8.164376509090179,1.9459101490553132,-0.937947030377212,0.48966298795922886,0.956823006881932
16361,10,4,896.66,6.799791377454196,1.6094379124341003,-0.9140602611928204,0.07394609082159041,-0.026487701938606566
16362,32,6,946.94,6.854291209112812,1.9459101490553132,-0.8089584767814967,0.48966298795922886,0.01278450384498244
16363,53,1,109.36000000000001,4.703747749349086,0.6931471805599453,-0.7086340462070513,-1.058145946714099,-1.5368823983836932
16364,12,2,707.04,6.562500589272956,1.0986122886681098,-0.9045055535190636,-0.5571872395918231,-0.197477820263685
16365,18,15,3307.2,8.10415951380812,2.772588722239781,-0.8758414304977935,1.5110377522649707,0.9134310521104073
16366,19,4,1548.1299999999999,7.3454487620083295,1.6094379124341003,-0.8710640766609151,0.07394609082159041,0.3667092757653956
16367,37,3,1362.4,7.217736858928685,1.3862943611198906,-0.7850717075971049,-0.20175138038774237,0.2746809522620401
16368,2,3,640.21,6.463357016371739,1.3862943611198906,-0.9522790918878471,-0.20175138038774237,-0.268920000516388
16369,18,7,2664.81,7.888263230382028,2.0794415416798357,-0.8758414304977935,0.654643185938614,0.7578576675221441
16370,82,4,1320.56,7.186568135964853,1.6094379124341003,-0.5700907849375793,0.07394609082159041,0.252220983763151
16371,449,1,157.2,5.063860055333554,0.6931471805599453,1.1831980731967746,-1.058145946714099,-1.2773879347234764
16372,33,5,1328.61,7.192640945131866,1.791759469228055,-0.8041811229446183,0.2992073267345332,0.25659700849631534
16373,382,2,309.49,5.738151694735743,1.0986122886681098,0.8631153661259252,-0.5571872395918231,-0.7914979931429009
16374,66,5,1771.45,7.480118049263697,1.791759469228055,-0.6465284463276328,0.2992073267345332,0.46375104270057654
16375,470,2,104.0,4.653960350157523,1.0986122886681098,1.28352250377122,-0.5571872395918231,-1.572758857575868
16376,9,2,987.01,6.895692819154136,1.0986122886681098,-0.9188376150296986,-0.5571872395918231,0.0426182207544127
16377,267,2,1308.48,7.17738539082617,1.0986122886681098,0.3137196748849152,-0.5571872395918231,0.24560396044822475
16378,247,3,362.95,5.897016495564267,1.3862943611198906,0.21817259814734824,-0.20175138038774237,-0.6770211046822687
16379,4,4,2157.4,7.677122485453491,1.6094379124341003,-0.9427243842140904,0.07394609082159041,0.6057110914359258
16380,61,1,1780.59,7.485261502995209,0.6931471805599453,-0.6704152155120245,-1.058145946714099,0.4674573802659401
16381,396,2,258.7,5.5595271186687025,1.0986122886681098,0.9299983198422221,-0.5571872395918231,-0.9202136404361358
16382,408,2,353.1,5.869579359117858,1.0986122886681098,0.9873265658847623,-0.5571872395918231,-0.6967921174697077
16383,75,7,2974.84,7.998281631066817,2.0794415416798357,-0.6035322617957277,0.654643185938614,0.8371361742657748
16384,90,4,1358.95,7.215203213348377,1.6094379124341003,-0.5318719542425524,0.07394609082159041,0.27285522459308487
16385,60,5,1030.61,6.938875967639927,1.791759469228055,-0.6751925693489029,0.2992073267345332,0.0737357020769285
16386,29,3,1102.59,7.006323781048,1.3862943611198906,-0.8232905382921317,-0.20175138038774237,0.12233813491391454
16387,323,5,918.55,6.82388441994499,1.791759469228055,0.5812514897501027,0.2992073267345332,-0.009126420373957085
16388,654,1,186.05,5.231375960794155,0.6931471805599453,2.162555609756836,-1.058145946714099,-1.1566771194592813
16389,53,4,1382.07,7.2320609449898114,1.6094379124341003,-0.7086340462070513,0.07394609082159041,0.28500279066657136
16390,537,3,467.5,6.149536101678477,1.3862943611198906,1.6036052108420693,-0.20175138038774237,-0.4950572043563454
16391,401,4,1103.61,7.007247610476987,1.6094379124341003,0.9538850890266138,0.07394609082159041,0.12300384007923278
16392,270,3,763.05,6.638633232051266,1.3862943611198906,0.32805173639555024,-0.20175138038774237,-0.14261715880757653
16393,2,23,5561.66,8.623831690105762,3.1780538303479458,-0.9522790918878471,2.0119964593872464,1.2879032665459518
16394,57,5,1555.34,7.350092189866152,1.791759469228055,-0.689524630859538,0.2992073267345332,0.3700552981075551
16395,61,14,3537.85,8.171557094592721,2.70805020110221,-0.6704152155120245,1.4312993642702228,0.9619972876626309
16396,476,1,137.8,4.933034048072704,0.6931471805599453,1.31218662679249,-1.058145946714099,-1.371660260391864
16397,628,1,127.88,4.858881738868719,0.6931471805599453,2.038344409997999,-1.058145946714099,-1.4250939070245467
16398,154,2,1705.8,7.4423755513138445,1.0986122886681098,-0.22612130868233815,-0.5571872395918231,0.4365540569271543
16399,19,3,641.82,6.46586474725612,1.3862943611198906,-0.8710640766609151,-0.20175138038774237,-0.26711294679999903
16400,95,9,3159.44,8.058466537394228,2.302585092994046,-0.5079851850581607,0.9303406571479473,0.8805050059561461
16401,1,23,6849.15,8.832025828826737,3.1780538303479458,-0.9570564457247255,2.0119964593872464,1.4379265383608573
16402,265,2,511.4,6.239105570022579,1.0986122886681098,0.3041649672111585,-0.5571872395918231,-0.430514058337653
16403,312,1,177.5,5.184588601219693,0.6931471805599453,0.5287005975444409,-1.058145946714099,-1.1903917706308422
16404,70,1,443.05,6.095937168704513,0.6931471805599453,-0.6274190309801194,-1.058145946714099,-0.5336802287120823
16405,302,2,167.25,5.125450968524837,1.0986122886681098,0.48092705917565737,-0.5571872395918231,-1.233005944107459
16406,19,3,552.68,6.316586902533608,1.3862943611198906,-0.8710640766609151,-0.20175138038774237,-0.3746815402884209
16407,13,14,2821.65,7.945431438987258,2.70805020110221,-0.8997281996821853,1.4312993642702228,0.7990526874753621
16408,591,1,231.93,5.450737979243263,0.6931471805599453,1.8615823180335,-1.058145946714099,-0.9986063499273763
16409,36,12,5709.04,8.64998130787946,2.5649493574615367,-0.7898490614339833,1.2544959545938104,1.3067465021875517
16410,734,1,130.32,4.877637092633392,0.6931471805599453,2.544743916707104,-1.058145946714099,-1.4115789274333435
16411,19,4,910.1899999999999,6.814751437533682,1.6094379124341003,-0.8710640766609151,0.07394609082159041,-0.015707585008033164
16412,54,5,647.23,6.474245571648193,1.791759469228055,-0.703856692370173,0.2992073267345332,-0.26107378208801846
16413,57,2,528.98,6.272839269985096,1.0986122886681098,-0.689524630859538,-0.5571872395918231,-0.40620578496410825
16414,22,5,559.71,6.329203837819883,1.791759469228055,-0.8567320151502801,0.2992073267345332,-0.3655898630512399
16415,44,3,719.44,6.579862136468857,1.3862943611198906,-0.7516302307389565,-0.20175138038774237,-0.18496720814895698
16416,27,9,2972.88,7.997622776508652,2.302585092994046,-0.8328452459658884,0.9303406571479473,0.836661408179307
16417,493,1,35.7,3.6027767550605247,0.6931471805599453,1.393401642019422,-1.058145946714099,-2.330234563584869
16418,45,5,1101.94,7.005734620675105,1.791759469228055,-0.7468528769020781,0.2992073267345332,0.12191358998047747
16419,113,8,1487.42,7.30547043363024,2.1972245773362196,-0.42199281599435046,0.8001660338568091,0.3379011658838303
16420,396,1,75.0,4.330733340286331,0.6931471805599453,0.9299983198422221,-1.058145946714099,-1.8056740292407825
16421,376,3,526.27,6.26771275130897,1.3862943611198906,0.8344512431046551,-0.20175138038774237,-0.4098999192444367
16422,17,109,63651.47,11.061193409202769,4.700480365792417,-0.8806187843346719,3.892979097926521,3.0442494439251324
16423,25,1,346.12,5.849670541490095,0.6931471805599453,-0.842399953639645,-1.058145946714099,-0.7111382752281937
16424,191,2,443.06,6.09595968843743,1.0986122886681098,-0.04935921671783927,-0.5571872395918231,-0.5336640011466309
16425,302,1,302.7,5.716040372051703,0.6931471805599453,0.48092705917565737,-1.058145946714099,-0.8074312609745213
16426,2,10,1908.25,7.554465773768493,2.3978952727983707,-0.9522790918878471,1.0480979277381186,0.5173255042619145
16427,263,2,241.06,5.489185629310458,1.0986122886681098,0.29461025953740183,-0.5571872395918231,-0.9709012363631292
16428,414,3,660.28,6.494177350763422,1.3862943611198906,1.0159906889060324,-0.20175138038774237,-0.24671107843877532
16429,106,1,284.55,5.654417145110872,0.6931471805599453,-0.45543429285249887,-1.058145946714099,-0.8518365366573589
16430,57,7,1117.94,7.02013708757141,2.0794415416798357,-0.689524630859538,0.654643185938614,0.13229190907852495
16431,213,3,642.81,6.467403651518229,1.3862943611198906,0.055742567693484395,-0.20175138038774237,-0.2660040229185209
16432,64,1,287.4,5.664348405410794,0.6931471805599453,-0.6560831540013895,-1.058145946714099,-0.8446801384388837
16433,28,2,384.52,5.954593072332077,1.0986122886681098,-0.82806789212901,-0.5571872395918231,-0.6355318174253132
16434,29,12,2741.74,7.916712699715199,2.5649493574615367,-0.8232905382921317,1.2544959545938104,0.7783581604609978
16435,512,3,1011.5699999999999,6.920246932393394,1.3862943611198906,1.4841713649201105,-0.20175138038774237,0.060311746745574865
16436,668,3,329.34,5.800122427092944,1.3862943611198906,2.229438563473133,-0.20175138038774237,-0.7468423074347975
16437,381,2,301.25,5.711254489494902,1.0986122886681098,0.8583380122890469,-0.5571872395918231,-0.8108799351980327
16438,6,5,798.35,6.683798897410901,1.791759469228055,-0.9331696765403337,0.2992073267345332,-0.11007108939094074
16439,722,1,310.70000000000005,5.7420411867732915,0.6931471805599453,2.487415670664564,-1.058145946714099,-0.788695251794101
16440,8,6,3856.9700000000003,8.257896417385673,1.9459101490553132,-0.923614968866577,0.48966298795922886,1.0242128128991101
16441,67,5,1034.43,6.942572078357499,1.791759469228055,-0.6417510924907545,0.2992073267345332,0.07639909416974591
16442,2,5,899.47,6.802916849235962,1.791759469228055,-0.9522790918878471,0.2992073267345332,-0.024235508358391656
16443,521,1,162.24,5.095221510537605,0.6931471805599453,1.5271675494520156,-1.058145946714099,-1.2547890846910366
16444,46,17,3656.58,8.20455700551905,2.8903717578961645,-0.7420755230651997,1.6565606001831652,0.9857767976775756
16445,34,4,602.73,6.403127078124099,1.6094379124341003,-0.7994037691077399,0.07394609082159041,-0.3123212819003501
16446,1,2,168472.5,12.034533746376653,1.0986122886681098,-0.9570564457247255,-0.5571872395918231,3.7456318309093906
16447,136,3,775.14,6.654332916281998,1.3862943611198906,-0.3121136777461484,-0.20175138038774237,-0.1313040737744193
16448,198,2,367.87,5.910444278444026,1.0986122886681098,-0.015917739859690833,-0.5571872395918231,-0.6673451362173664
16449,198,2,707.69,6.563418195373777,1.0986122886681098,-0.015917739859690833,-0.5571872395918231,-0.19681659958606046
16450,150,3,1505.73,7.317697018672935,1.3862943611198906,-0.24523072402985155,-0.20175138038774237,0.34671155940641957
16451,88,3,1013.15,6.921806102204797,1.3862943611198906,-0.5414266619163092,-0.20175138038774237,0.06143527384320914
16452,631,2,332.17,5.808652870224797,1.0986122886681098,2.052676471508634,-0.5571872395918231,-0.7406953284826827
16453,531,2,251.71,5.532242586226923,1.0986122886681098,1.5749410878207992,-0.5571872395918231,-0.9398746878220163
16454,45,4,30.950000000000003,3.4641721808235437,1.6094379124341003,-0.7468528769020781,0.07394609082159041,-2.4301120713921955
16455,64,11,4384.37,8.386029279809897,2.4849066497880004,-0.6560831540013895,1.15560189306089,1.1165444768257975
16456,99,13,6862.91,8.834032529193724,2.6390573296152584,-0.48887576971064733,1.3460575542855853,1.439372552914663
16457,218,1,208.36,5.34405525822189,0.6931471805599453,0.07962933687787613,-1.058145946714099,-1.0754811887296016
16458,3,30,5715.34,8.651084019436118,3.4339872044851463,-0.9475017380509687,2.3282062876889484,1.307541108590087
16459,730,1,71.78999999999999,4.287578583130166,0.6931471805599453,2.5256345013595904,-1.058145946714099,-1.8367710519654348
16460,28,3,814.72,6.704071158824147,1.3862943611198906,-0.82806789212901,-0.20175138038774237,-0.09546303652746299
16461,178,3,1615.22,7.387845368428882,1.3862943611198906,-0.1114648165972578,-0.20175138038774237,0.3972599802575353
16462,74,3,136.0,4.919980925828125,1.3862943611198906,-0.608309615632606,-0.20175138038774237,-1.3810662509666332
16463,21,4,1422.4,7.260803654865171,1.6094379124341003,-0.8615093689871585,0.07394609082159041,0.3057145907336576
16464,20,3,1314.68,7.182108921222586,1.3862943611198906,-0.8662867228240368,-0.20175138038774237,0.249007704131601
16465,421,2,746.24,6.616386418672361,1.0986122886681098,1.0494321657641807,-0.5571872395918231,-0.15864806030683493
16466,34,15,3838.59,8.253120869048027,2.772588722239781,-0.7994037691077399,1.5110377522649707,1.0207715854432111
16467,509,7,2869.16,7.962123056328662,2.0794415416798357,1.4698393034094754,0.654643185938614,0.8110805527208667
16468,74,3,787.52,6.670157770697776,1.3862943611198906,-0.608309615632606,-0.20175138038774237,-0.11990079196238217
16469,24,5,828.91,6.721317261176341,1.791759469228055,-0.8471773074765234,0.2992073267345332,-0.0830356131771904
16470,52,11,2458.6,7.807754014079315,2.4849066497880004,-0.7134114000439297,1.15560189306089,0.6998432771306139
16471,275,4,1189.98,7.0825317766030516,1.6094379124341003,0.351938505579942,0.07394609082159041,0.17725309506534942
16472,434,2,789.6,6.672792150862585,1.0986122886681098,1.1115377656435994,-0.5571872395918231,-0.11800247564110213
16473,165,4,470.83,6.156618751217421,1.6094379124341003,-0.17357041647667631,0.07394609082159041,-0.4899534955608987
16474,7,7,1871.5,7.535029715391374,2.0794415416798357,-0.9283923227034554,0.654643185938614,0.5033200135846347
16475,88,4,544.3,6.301336101932016,1.6094379124341003,-0.5414266619163092,0.07394609082159041,-0.38567116284986075
16476,432,1,350.35,5.861782877638206,0.6931471805599453,1.1019830579698426,-1.058145946714099,-0.7024102086773052
16477,64,11,4320.02,8.371246764479425,2.4849066497880004,-0.6560831540013895,1.15560189306089,1.105892297426532
16478,25,3,331.0,5.805134968916488,1.3862943611198906,-0.842399953639645,-0.20175138038774237,-0.7432303040945643
16479,10,2,300.83,5.709863944972069,1.0986122886681098,-0.9140602611928204,-0.5571872395918231,-0.8118819520665251
16480,76,1,769.29,6.646767067319571,0.6931471805599453,-0.5987549079588493,-1.058145946714099,-0.1367559727681846
16481,682,1,453.38,6.118933852353786,0.6931471805599453,2.29632151718943,-1.058145946714099,-0.5171089758269082
16482,16,1,220.62,5.400964203508179,0.6931471805599453,-0.8853961381715503,-1.058145946714099,-1.034472992150029
16483,192,1,139.35,4.9441393028078915,0.6931471805599453,-0.04458186288096092,-1.058145946714099,-1.3636578898162752
16484,174,2,404.3,6.004627533634263,1.0986122886681098,-0.1305742319447712,-0.5571872395918231,-0.599477326966721
16485,77,5,2294.68,7.738784374903863,1.791759469228055,-0.593977554121971,0.2992073267345332,0.6501442270585946
16486,538,1,134.36,4.907937895857914,0.6931471805599453,1.6083825646789476,-1.058145946714099,-1.3897443759599477
16487,577,2,209.4,5.349010480863555,1.0986122886681098,1.7946993643172031,-0.5571872395918231,-1.0719104891996298
16488,33,3,498.8,6.214208018400852,1.3862943611198906,-0.8041811229446183,-0.20175138038774237,-0.4484550636772798
16489,380,2,303.7,5.719327685991663,1.0986122886681098,0.8535606584521686,-0.5571872395918231,-0.8050624450425004
16490,436,1,205.41000000000003,5.329864482046166,0.6931471805599453,1.121092473317356,-1.058145946714099,-1.0857069649428712
16491,47,2,1533.16,7.33573827896526,1.0986122886681098,-0.7372981692283215,-0.5571872395918231,0.359711968127562
16492,541,1,385.56,5.957287095306396,0.6931471805599453,1.6227146261895826,-1.058145946714099,-0.6335905229036002
16493,80,7,2132.09,7.665326911674032,2.0794415416798357,-0.5796454926113359,0.654643185938614,0.5972112816804729
16494,297,1,826.53,6.7184453603705006,0.6931471805599453,0.45704028999126567,-1.058145946714099,-0.08510508524718695
16495,3,3,684.41,6.530017199354501,1.3862943611198906,-0.9475017380509687,-0.20175138038774237,-0.22088512877459912
16496,9,6,2330.77,7.754382914819036,1.9459101490553132,-0.9188376150296986,0.48966298795922886,0.6613844281900295
16497,50,23,6695.28,8.809307427304605,3.1780538303479458,-0.7229661077176863,2.0119964593872464,1.4215558136723834
16498,161,2,100.97,4.624678652376135,1.0986122886681098,-0.1926798318241897,-0.5571872395918231,-1.5938590486400679
16499,360,8,2578.34,7.855288831236204,2.1972245773362196,0.7580135817146015,0.8001660338568091,0.7340965411216688
16500,5,9,843.9100000000001,6.739230112808961,2.302585092994046,-0.937947030377212,0.9303406571479473,-0.07012773485760766
16501,383,1,1237.23,7.121438219510729,0.6931471805599453,0.8678927199628036,-1.058145946714099,0.20528881161120408
16502,620,2,266.5,5.589119566336061,1.0986122886681098,2.000125579302972,-0.5571872395918231,-0.8988895251303806
16503,107,11,3614.34,8.192941182728983,2.4849066497880004,-0.45065693901562054,1.15560189306089,0.9774065152551517
16504,25,1,484.38,6.18493208931219,0.6931471805599453,-0.842399953639645,-1.058145946714099,-0.4695510978609723
16505,32,1,777.6,6.657497435176356,0.6931471805599453,-0.8089584767814967,-1.058145946714099,-0.12902374311204706
16506,20,2,90.30000000000001,4.514150787600923,1.0986122886681098,-0.8662867228240368,-0.5571872395918231,-1.673504671721301
16507,572,1,152.76,5.035392945221982,0.6931471805599453,1.7708125951328115,-1.058145946714099,-1.2979011394865405
16508,630,1,248.8,5.520660597691477,0.6931471805599453,2.0478991176717556,-1.058145946714099,-0.9482205895120684
16509,297,1,363.7,5.8990750978146345,0.6931471805599453,0.45704028999126567,-1.058145946714099,-0.6755376899864324
16510,372,6,2100.0,7.650168700845001,1.9459101490553132,0.8153418277571418,0.48966298795922886,0.5862883786756042
16511,22,6,1819.02,7.506602769021451,1.9459101490553132,-0.8567320151502801,0.48966298795922886,0.482835750538986
16513,5,4,874.59,6.774897944843427,1.6094379124341003,-0.937947030377212,0.07394609082159041,-0.04442573914712084
16515,52,10,3216.3,8.076297777476105,2.3978952727983707,-0.7134114000439297,1.0480979277381186,0.8933540755506822
16516,30,1,101.69999999999999,4.631812116934513,0.6931471805599453,-0.8185131844552533,-1.058145946714099,-1.5887187228893136
16517,277,1,162.7,5.098035484377089,0.6931471805599453,0.3614932132536987,-1.058145946714099,-1.2527613543966367
16518,61,4,959.37,6.867318626874623,1.6094379124341003,-0.6704152155120245,0.07394609082159041,0.022171971945349294
16519,25,4,556.26,6.3230319173719,1.6094379124341003,-0.842399953639645,0.07394609082159041,-0.3700373066953129
16520,186,6,2482.62,7.817472452284856,1.9459101490553132,-0.07324598590223101,0.48966298795922886,0.7068463172040924
16521,415,3,1148.01,7.0466559810310745,1.3862943611198906,1.0207680427429107,-0.20175138038774237,0.15140124225270127
16522,436,2,433.36,6.0738736833487,1.0986122886681098,1.121092473317356,-0.5571872395918231,-0.5495790252923041
16523,2,28,11916.33,9.385748922240507,3.367295829986474,-0.9522790918878471,2.245808014503504,1.836935610680313
16524,446,2,308.14,5.733794248724172,1.0986122886681098,1.1688660116861396,-0.5571872395918231,-0.794637938923453
16525,2,48,24582.64,10.10983646003242,3.8918202981106265,-0.9522790918878471,2.8938664889589134,2.3587081359171034
16526,172,2,717.21,6.576762005393183,1.0986122886681098,-0.14012893961852788,-0.5571872395918231,-0.18720114138975277
16527,81,2,1272.44,7.1494771790575395,1.0986122886681098,-0.5748681387744575,-0.5571872395918231,0.22549349400687851
16528,4,1,244.41,5.502930281242811,0.6931471805599453,-0.9427243842140904,-1.058145946714099,-0.9609969342270721
16529,190,4,2012.0,7.607381425639791,1.6094379124341003,-0.05413657055471762,0.07394609082159041,0.5554561609303523
16530,668,1,48.349999999999994,3.8989377658794906,0.6931471805599453,2.229438563473133,-1.058145946714099,-2.1168229656406155
16531,22,11,2298.33,7.7403730551320615,2.4849066497880004,-0.8567320151502801,1.15560189306089,0.6512890191606497
16532,18,5,8756.64,9.07768174124132,1.791759469228055,-0.8758414304977935,0.2992073267345332,1.614944507970963
16533,19,3,1095.56,6.999933285923126,1.3862943611198906,-0.8710640766609151,-0.20175138038774237,0.11773318785324964
16534,642,1,635.9,6.45661265737732,0.6931471805599453,2.1052273637142958,-1.058145946714099,-0.27377993946016865
16535,5,3,1001.59,6.910341930712237,1.3862943611198906,-0.937947030377212,-0.20175138038774237,0.05317427030810951
16536,110,1,548.97,6.309863731284314,0.6931471805599453,-0.4363248775049855,-1.058145946714099,-0.3795262114880398
16537,641,1,23.35,3.192531849528599,0.6931471805599453,2.1004500098774175,-1.058145946714099,-2.62585423545172
16538,541,3,399.62,5.993013347097833,1.3862943611198906,1.6227146261895826,-0.20175138038774237,-0.607846430315971
16539,3,10,3732.01,8.224970157721604,2.3978952727983707,-0.9475017380509687,1.0480979277381186,1.000486375479798
16540,414,1,226.70000000000002,5.4280289730696945,0.6931471805599453,1.0159906889060324,-1.058145946714099,-1.0149703043919616
16541,735,1,424.03,6.052159754668478,0.6931471805599453,2.5495212705439823,-1.058145946714099,-0.5652259337239014
16542,54,2,257.32,5.55419912645002,1.0986122886681098,-0.703856692370173,-0.5571872395918231,-0.9240529551726683
16543,592,1,292.21,5.680889075842892,0.6931471805599453,1.8663596718703783,-1.058145946714099,-0.8327610445033861
16544,520,4,376.70000000000005,5.934100229718411,1.6094379124341003,1.5223901956151373,0.07394609082159041,-0.6502988195925088
16545,165,2,689.82,6.5378792977932045,1.0986122886681098,-0.17357041647667631,-0.5571872395918231,-0.21521975443528613
16546,291,5,5606.47,8.631854916402343,1.791759469228055,0.42837616696999553,0.2992073267345332,1.2936847485171503
16547,546,1,111.71,4.724818148253987,0.6931471805599453,1.6466013953739744,-1.058145946714099,-1.5216992131049043
16548,599,1,30.15,3.4388142452334622,0.6931471805599453,1.899801148728527,-1.058145946714099,-2.4483848262692876
16549,10,34,13182.19,9.48669781215506,3.5553480614894135,-0.9140602611928204,2.478149591821275,1.9096786900201252
16550,109,18,9435.13,9.152301217456825,2.9444389791664403,-0.4411022313418638,1.7233615276208618,1.6687147919556038
16551,96,7,2237.12,7.713391506737356,2.0794415416798357,-0.5032078312212823,0.654643185938614,0.6318463000059525
16552,243,2,475.02000000000004,6.165459870155462,1.0986122886681098,0.19906318279983484,-0.5571872395918231,-0.4835826457486123
16553,163,33,16644.01,9.71986575078996,3.5263605246161616,-0.18312512415043303,2.442335020593583,2.0776979111722946
16554,42,8,2841.72,7.952516619287596,2.1972245773362196,-0.7611849384127132,0.8001660338568091,0.8041582199201525
16555,35,6,1915.68,7.558349801620829,1.9459101490553132,-0.7946264152708616,0.48966298795922886,0.5201243081562381
16556,67,17,8012.58,8.988892881537227,2.8903717578961645,-0.6417510924907545,1.6565606001831652,1.5509638631970246
16557,24,2,281.85,5.644916721789165,1.0986122886681098,-0.8471773074765234,-0.5571872395918231,-0.8586824766972915
16558,1,38,13873.51,9.537808622675719,3.6635616461296463,-0.9570564457247255,2.611849228042442,1.9465087903607385
16559,397,1,185.20000000000002,5.226821364842967,0.6931471805599453,0.9347756736791005,-1.058145946714099,-1.1599591301373438
16560,27,8,3048.38,8.02269357024902,2.1972245773362196,-0.8328452459658884,0.8001660338568091,0.8547272506042346
16561,6,2,511.12,6.238558972577978,1.0986122886681098,-0.9331696765403337,-0.5571872395918231,-0.43090793271619404
16562,477,1,223.85999999999999,5.415477986321614,0.6931471805599453,1.3169639806293683,-1.058145946714099,-1.0240144595637655
16563,54,6,4422.76,8.39474529218269,1.9459101490553132,-0.703856692370173,0.48966298795922886,1.122825175703196
16564,569,1,87.8,4.486386649998124,0.6931471805599453,1.7564805336221765,-1.058145946714099,-1.693511319304562
16565,364,4,773.05,6.651636470986475,1.6094379124341003,0.777122997062115,0.07394609082159041,-0.13324711380421805
16566,15,5,614.66,6.422694863102173,1.791759469228055,-0.8901734920084285,0.2992073267345332,-0.2982208699357482
16567,194,2,865.6,6.764577509305809,1.0986122886681098,-0.03502715520720422,-0.5571872395918231,-0.051862574378987204
16568,428,2,1020.9000000000001,6.929418918618164,1.0986122886681098,1.0828736426223293,-0.5571872395918231,0.06692101726075175
16569,3,5,1455.23,7.28360618331412,1.791759469228055,-0.9475017380509687,0.2992073267345332,0.3221459367099655
16570,15,20,7434.31,8.913995552712347,3.044522437723423,-0.8901734920084285,1.8470162614078611,1.4969933605232464
16571,27,10,4248.74,8.354613083576517,2.3978952727983707,-0.8328452459658884,1.0480979277381186,1.093906180782183
16572,127,3,1009.6,6.918299492857808,1.3862943611198906,-0.3551098622780536,-0.20175138038774237,0.05890843514139046
16573,85,2,663.61,6.499200402451892,1.0986122886681098,-0.5557587234269442,-0.5571872395918231,-0.24309150176178923
16574,71,3,1301.78,7.172255721733736,1.3862943611198906,-0.622641677143241,-0.20175138038774237,0.24190755599946098
16576,420,2,540.87,6.2950261202719355,1.0986122886681098,1.0446548119273025,-0.5571872395918231,-0.3902180924587005
16577,667,1,380.0,5.942799375126701,0.6931471805599453,2.2246612096362544,-1.058145946714099,-0.6440302749343216
16578,626,1,156.6,5.060060177423779,0.6931471805599453,2.028789702324242,-1.058145946714099,-1.2801261007449782
16579,426,1,295.05,5.690528358977785,0.6931471805599453,1.0733189349485726,-1.058145946714099,-0.8258150430322062
16581,183,1,105.84,4.67133238824176,0.6931471805599453,-0.08757804741286605,-1.058145946714099,-1.560240685798788
16582,113,1,313.62,5.751365561394358,0.6931471805599453,-0.42199281599435046,-1.058145946714099,-0.7819761712432546
16583,374,2,531.4,6.277395086520957,1.0986122886681098,0.8248965354308985,-0.5571872395918231,-0.40292289474108267
16584,80,5,3163.67,8.059804063739419,1.791759469228055,-0.5796454926113359,0.2992073267345332,0.8814688182886014
16585,594,2,341.59,5.83653439690594,1.0986122886681098,1.875914379544135,-0.5571872395918231,-0.7206040911327898
16586,249,3,1462.78,7.288777410005061,1.3862943611198906,0.22772730582110493,-0.20175138038774237,0.32587228727985934
16587,232,1,225.15,5.421198495923853,0.6931471805599453,0.146512290594173,-1.058145946714099,-1.019892299486403
16588,386,4,1361.28,7.216915045610148,1.6094379124341003,0.8822247814734386,0.07394609082159041,0.2740887592078771
16589,71,4,612.36,6.418952039250639,1.6094379124341003,-0.622641677143241,0.07394609082159041,-0.300917923193268
16590,401,2,605.9,6.408364032841809,1.0986122886681098,0.9538850890266138,-0.5571872395918231,-0.3085475681641034
16591,69,1,213.5,5.368309738368072,0.6931471805599453,-0.6321963848169978,-1.058145946714099,-1.0580035762951012
16592,4,28,7807.91,8.963020668432987,3.367295829986474,-0.9427243842140904,2.245808014503504,1.5323205234621224
16593,51,8,1071.1399999999999,6.977411930118625,2.1972245773362196,-0.718188753880808,0.8001660338568091,0.1015044529606356
16594,75,1,181.09,5.204501070343752,0.6931471805599453,-0.6035322617957277,-1.058145946714099,-1.1760429816291105
16595,61,5,1810.18,7.501733845545069,1.791759469228055,-0.6704152155120245,0.2992073267345332,0.47932723759702395
16596,16,4,579.63,6.364113720941144,1.6094379124341003,-0.8853961381715503,0.07394609082159041,-0.34043404014141954
16597,4,1,90.04,4.511298970378021,0.6931471805599453,-0.9427243842140904,-1.058145946714099,-1.6755596716988521
16598,286,1,145.04999999999998,4.98394902883375,0.6931471805599453,0.40448939778560383,-1.058145946714099,-1.3349712736360835
16599,386,1,172.8,5.157905212831292,0.6931471805599453,0.8822247814734386,-1.058145946714099,-1.2096196377251263
16600,4,13,2153.41,7.675272183150189,2.6390573296152584,-0.9427243842140904,1.3460575542855853,0.6043777762566732
16601,41,3,684.25,6.529783735182895,1.3862943611198906,-0.7659622922495916,-0.20175138038774237,-0.22105336145920315
16602,36,2,763.33,6.638999633081288,1.0986122886681098,-0.7898490614339833,-0.5571872395918231,-0.1423531327324047
16603,75,2,482.47,6.180989265398516,1.0986122886681098,-0.6035322617957277,-0.5571872395918231,-0.4723922697947906
16604,563,2,432.45,6.071776449314649,1.0986122886681098,1.7278164106009062,-0.5571872395918231,-0.5510902777871284
16605,724,1,60.48,4.118711918670395,0.6931471805599453,2.4969703783383204,-1.058145946714099,-1.958455214921999
16606,404,2,357.66,5.882374864520278,1.0986122886681098,0.9682171505372489,-0.5571872395918231,-0.687571763828681
16607,18,25,5706.87,8.649601203284814,3.258096538021482,-0.8758414304977935,2.110890520920167,1.3064726014174775
16608,454,2,1288.72,7.162180419532466,1.0986122886681098,1.2070848423811664,-0.5571872395918231,0.23464736217246668
16609,15,7,5493.46,8.611495590853199,2.0794415416798357,-0.8901734920084285,0.654643185938614,1.279013957833072
16610,219,1,75.66,4.339380059952409,0.6931471805599453,0.08440669071475448,-1.058145946714099,-1.7994432622137158
16611,186,6,1785.13,7.487806547141364,1.9459101490553132,-0.07324598590223101,0.48966298795922886,0.4692913216634509
16612,33,9,3245.43,8.085311210034273,2.302585092994046,-0.8041811229446183,0.9303406571479473,0.8998490933785936
16613,70,1,618.59,6.429057968967668,0.6931471805599453,-0.6274190309801194,-1.058145946714099,-0.29363565938798336
16614,183,3,1179.79,7.073938984975659,1.3862943611198906,-0.08757804741286605,-0.20175138038774237,0.171061188213962
16615,626,1,291.5,5.678464666671911,0.6931471805599453,2.028789702324242,-1.058145946714099,-0.8345080571632187
16616,15,2,500.42,6.2174440732414,1.0986122886681098,-0.8901734920084285,-0.5571872395918231,-0.44612318470156
16617,236,1,151.85,5.029457048336844,0.6931471805599453,0.1656217059416864,-1.058145946714099,-1.3021785061661946
16618,31,5,2647.59,7.881782701906185,1.791759469228055,-0.813735830618375,0.2992073267345332,0.7531878430448149
16619,264,4,1938.33,7.5700978315818475,1.6094379124341003,0.29938761337428016,0.07394609082159041,0.528589858161436
16620,4,6,1758.93,7.473029314513969,1.9459101490553132,-0.9427243842140904,0.48966298795922886,0.45864294894387614
16621,52,4,813.48,6.70254987279894,1.6094379124341003,-0.7134114000439297,0.07394609082159041,-0.09655926482798037
16622,544,1,225.4,5.422303346329028,0.6931471805599453,1.6370466877002177,-1.058145946714099,-1.0190961518442614
16623,246,4,1015.24,6.923864820715205,1.6094379124341003,0.21339524431046988,0.07394609082159041,0.06291877231523534
16624,81,2,810.5699999999999,6.6989706432467875,1.0986122886681098,-0.5748681387744575,-0.5571872395918231,-0.09913843315274376
16625,275,5,1654.03,7.411574414535091,1.791759469228055,0.351938505579942,0.2992073267345332,0.414358968518061
16626,1,17,4413.1,8.392559241748096,2.8903717578961645,-0.9570564457247255,1.6565606001831652,1.1212499227178565
16627,79,1,322.8,5.780126041243535,0.6931471805599453,-0.5844228464482143,-1.058145946714099,-0.7612515662546252
16628,30,7,2318.1,7.7489344583611635,2.0794415416798357,-0.8185131844552533,0.654643185938614,0.6574583077470011
16629,74,2,417.73,6.037226320804645,1.0986122886681098,-0.608309615632606,-0.5571872395918231,-0.5759868639856627
16630,407,1,106.80000000000001,4.680277658474897,0.6931471805599453,0.9825492120478839,-1.058145946714099,-1.5537947852759002
16631,482,7,1892.52,7.546192809736556,2.0794415416798357,1.34085074981376,0.654643185938614,0.5113640629874234
16632,486,2,406.4,6.009795503792706,1.0986122886681098,1.3599601651612734,-0.5571872395918231,-0.5957533230318627
16633,17,6,2883.1,7.966968171867508,1.9459101490553132,-0.8806187843346719,0.48966298795922886,0.8145719098259443
16634,223,6,1814.61,7.504176778388248,1.9459101490553132,0.10351610606226787,0.48966298795922886,0.4810875982882967
16635,407,1,473.0,6.161207321695077,0.6931471805599453,0.9825492120478839,-1.058145946714099,-0.48664700307153097
16636,438,4,3802.04,8.243556025885042,1.6094379124341003,1.1306471809911127,0.07394609082159041,1.01387922490644
16637,32,4,1154.47,7.052262466590724,1.6094379124341003,-0.8089584767814967,0.07394609082159041,0.1554412373851719
16638,23,15,2430.53,7.796275967830652,2.772588722239781,-0.8519546613134018,1.5110377522649707,0.691572275541203
16639,31,4,1747.98,7.466788039847446,1.6094379124341003,-0.813735830618375,0.07394609082159041,0.45414552912447337
16640,398,1,179.4,5.1951766076285235,0.6931471805599453,0.9395530275159788,-1.058145946714099,-1.1827621256600067
16641,106,2,554.5,6.319868609079685,1.0986122886681098,-0.45543429285249887,-0.5571872395918231,-0.3723167650060643
16642,5,3,1077.45,6.983280104068383,1.3862943611198906,-0.937947030377212,-0.20175138038774237,0.10573301895644198
16643,246,2,923.11,6.828831112175126,1.0986122886681098,0.21339524431046988,-0.5571872395918231,-0.005561867800164704
16644,178,2,833.78,6.72716821708184,1.0986122886681098,-0.1114648165972578,-0.5571872395918231,-0.07881945438626418
16645,736,1,160.39,5.083823796047731,0.6931471805599453,2.5542986243808605,-1.058145946714099,-1.263002199764726
16646,449,1,678.8,6.521798637262015,0.6931471805599453,1.1831980731967746,-1.058145946714099,-0.2268073683837608
16647,170,4,541.9,6.296925140911405,1.6094379124341003,-0.1496836472922846,0.07394609082159041,-0.3888496711797562
16648,43,3,672.8,6.512933330972452,1.3862943611198906,-0.7564075845758348,-0.20175138038774237,-0.23319564743605417
16649,520,1,306.58000000000004,5.728735216011778,0.6931471805599453,1.5223901956151373,-1.058145946714099,-0.7982834432800828
16650,72,7,1916.11,7.558574122724386,2.0794415416798357,-0.6178643233063628,0.654643185938614,0.520285952408567
16651,587,1,136.2,4.921439715291784,0.6931471805599453,1.8424729026859867,-1.058145946714099,-1.3800150572607404
16652,59,16,17550.39,9.772888428036879,2.833213344056216,-0.6799699231857812,1.5859404542672264,2.1159056895940944
16653,16,2,1212.66,7.101395866495808,1.0986122886681098,-0.8853961381715503,-0.5571872395918231,0.190846429166434
16654,141,8,1711.47,7.445692051734759,2.1972245773362196,-0.2882269085617567,0.8001660338568091,0.4389439044376451
16655,18,13,6548.37,8.787124140797289,2.6390573296152584,-0.8758414304977935,1.3460575542855853,1.4055706892021158
16656,22,30,16833.170000000002,9.731166028330486,3.4339872044851463,-0.8567320151502801,2.3282062876889484,2.085840813846987
16657,10,4,933.62,6.8401400295665695,1.6094379124341003,-0.9140602611928204,0.07394609082159041,0.0025872606919809223
16658,368,6,814.07,6.703273999123117,1.9459101490553132,0.7962324124096284,0.48966298795922886,-0.09603746435353999
16659,189,1,39.12,3.691874963093735,0.6931471805599453,-0.05891392439159597,-1.058145946714099,-2.266031004521654
16660,16,7,1879.55,7.5393195662301435,2.0794415416798357,-0.8853961381715503,0.654643185938614,0.5064112507461795
16661,540,4,986.63,6.89530813368038,1.6094379124341003,1.6179372723527043,0.07394609082159041,0.04234101903419548
16662,394,1,163.8,5.1047326174753715,0.6931471805599453,0.9204436121684655,-1.058145946714099,-1.247935446110473
16663,729,1,165.0,5.111987788356544,0.6931471805599453,2.520857147522712,-1.058145946714099,-1.2427074196162766
16664,569,1,109.2,4.702296896718814,0.6931471805599453,1.7564805336221765,-1.058145946714099,-1.5379278728617538
16665,362,1,135.39999999999998,4.915591745409362,0.6931471805599453,0.7675682893883583,-1.058145946714099,-1.3842290643438688
16666,19,2,225.94,5.424685665362843,1.0986122886681098,-0.8710640766609151,-0.5571872395918231,-1.0173794690492721
16667,68,2,570.13,6.347616854496022,1.0986122886681098,-0.6369737386538761,-0.5571872395918231,-0.35232156922362695
16668,15,13,862.42,6.760901247087513,2.6390573296152584,-0.8901734920084285,1.3460575542855853,-0.05451166377903757
16669,24,3,1374.8700000000001,7.226841537285894,1.3862943611198906,-0.8471773074765234,-0.20175138038774237,0.2812417211884003
16670,17,20,8030.150000000001,8.991083009638244,3.044522437723423,-0.8806187843346719,1.8470162614078611,1.5525420545208863
16671,28,3,1692.27,7.434416849630159,1.3862943611198906,-0.82806789212901,-0.20175138038774237,0.4308190709505052
16672,2,20,8134.9400000000005,9.004046563069934,3.044522437723423,-0.9522790918878471,1.8470162614078611,1.5618835024219537
16673,679,1,188.83,5.24612893480245,0.6931471805599453,2.2819894556787945,-1.058145946714099,-1.146046227334643
16674,55,2,319.61,5.770225431204915,1.0986122886681098,-0.6990793385332946,-0.5571872395918231,-0.7683858781045273
16675,442,2,608.86,6.413229422629599,1.0986122886681098,1.1497565963386263,-0.5571872395918231,-0.3050416015739615
16676,34,6,2361.9,7.767644957205523,1.9459101490553132,-0.7994037691077399,0.48966298795922886,0.670940965189542
16677,411,2,880.62,6.781761124166734,1.0986122886681098,1.0016586273953973,-0.5571872395918231,-0.03948017908735895
16678,3,12,3109.99,8.042696282491956,2.5649493574615367,-0.9475017380509687,1.2544959545938104,0.8691410681799504
16679,366,3,793.06,6.677159025142743,1.3862943611198906,0.7866777047358717,-0.20175138038774237,-0.11485573591471802
16680,43,3,821.45,6.712287690518167,1.3862943611198906,-0.7564075845758348,-0.20175138038774237,-0.08954226000954263
16681,73,7,1921.84,7.561558538799058,2.0794415416798357,-0.6130869694694844,0.654643185938614,0.5224365022114086
16682,5,5,1028.0,6.9363427358340495,1.791759469228055,-0.937947030377212,0.2992073267345332,0.07191027257099687
16683,534,1,320.25,5.77221963620943,0.6931471805599453,1.5892731493314343,-1.058145946714099,-0.7669488676234211
16684,4,55,147142.77,11.899165415014757,4.02535169073515,-0.9427243842140904,3.058846686938299,3.6480863375741843
16685,61,2,324.24,5.784563371339637,1.0986122886681098,-0.6704152155120245,-0.5571872395918231,-0.7580540565493585
16686,47,16,5070.92,8.531474723122006,2.833213344056216,-0.7372981692283215,1.5859404542672264,1.2213514680807038
16687,391,1,157.63,5.066574446420364,0.6931471805599453,0.9061115506578303,-1.058145946714099,-1.2754319630792688
16688,1,4,1260.86,7.1403421019236415,1.6094379124341003,-0.9570564457247255,0.07394609082159041,0.21891081993003697
16689,76,2,422.59999999999997,6.048789613727251,1.0986122886681098,-0.5987549079588493,-0.5571872395918231,-0.5676544342262996
16690,72,4,353.03,5.869381655305767,1.6094379124341003,-0.6178643233063628,0.07394609082159041,-0.6969345814839322
16691,418,2,178.83,5.192011960177106,1.0986122886681098,1.0351001042535457,-0.5571872395918231,-1.185042548959717
16692,256,4,1914.6999999999998,7.557838370071055,1.6094379124341003,0.26116878267925336,0.07394609082159041,0.5197557740808898
16693,69,5,1199.46,7.090460095655974,1.791759469228055,-0.6321963848169978,0.2992073267345332,0.1829661875261606
16694,723,1,98.30000000000001,4.598145571051127,0.6931471805599453,2.492193024501442,-1.058145946714099,-1.6129786054929314
16695,562,2,193.15,5.268631056177676,1.0986122886681098,1.723039056764028,-0.5571872395918231,-1.1298313526401549
16696,135,4,657.9000000000001,6.490571777919774,1.6094379124341003,-0.3168910315830268,0.07394609082159041,-0.24930922955913923
16697,241,1,112.75,4.7340030578310595,0.6931471805599453,0.18950847512607816,-1.058145946714099,-1.5150806301104847
16698,227,2,1998.0,7.6004023345004,1.0986122886681098,0.12262552140978127,-0.5571872395918231,0.5504270756090351
16699,380,7,994.6,6.903345570493437,2.0794415416798357,0.8535606584521686,0.654643185938614,0.04813274100633273
16700,9,25,9167.710000000001,9.123551879236922,3.258096538021482,-0.9188376150296986,2.110890520920167,1.6479982155487933
16701,9,26,9916.73,9.20207934344803,3.295836866004329,-0.9188376150296986,2.1575193073054413,1.7045845689430517
16702,415,4,1110.83,7.0137625854257,1.6094379124341003,1.0207680427429107,0.07394609082159041,0.12769848644921533
16704,618,2,695.66,6.54629748686697,1.0986122886681098,1.9905708716292154,-0.5571872395918231,-0.20915366498934185
16705,1,42,43515.051,10.680885137523006,3.7612001156935624,-0.9570564457247255,2.7324831383346417,2.7702019055737477
16706,37,3,531.35,6.277301167760616,1.3862943611198906,-0.7850717075971049,-0.20175138038774237,-0.40299057195715493
16707,400,4,551.11,6.313747301786717,1.6094379124341003,0.9491077351897356,0.07394609082159041,-0.37672773715694846
16708,46,1,656.63,6.488642463139346,0.6931471805599453,-0.7420755230651997,-1.058145946714099,-0.25069948058877356
16709,85,14,9087.460000000001,9.114760755877159,2.70805020110221,-0.5557587234269442,1.4312993642702228,1.6416633922081239
16710,19,22,6349.09,8.756224265014644,3.1354942159291497,-0.8710640766609151,1.9594133665673954,1.3833044501424308
16711,3,9,2868.48,7.961886107668752,2.302585092994046,-0.9475017380509687,0.9303406571479473,0.810909809137833
16712,9,13,4266.99,8.358898269401092,2.6390573296152584,-0.9188376150296986,1.3460575542855853,1.0969940563664191
16713,19,32,14560.69,9.58614938644348,3.4965075614664802,-0.8710640766609151,2.4054512011867506,1.9813428139649794
16714,219,4,1529.8,7.333545753551547,1.6094379124341003,0.08440669071475448,0.07394609082159041,0.3581320493165751
16715,78,2,625.52,6.440180697210462,1.0986122886681098,-0.5892002002850927,-0.5571872395918231,-0.28562069752237434
16716,267,3,2149.6800000000003,7.673539350185795,1.3862943611198906,0.3137196748849152,-0.20175138038774237,0.603129108679266
16717,24,14,6986.2300000000005,8.851839476287456,2.70805020110221,-0.8471773074765234,1.4312993642702228,1.4522041171481637
16718,369,5,3647.53,8.202079625729086,1.791759469228055,0.8010097662465068,0.2992073267345332,0.9839916147521495
16719,15,14,3973.3,8.287603910951965,2.70805020110221,-0.8901734920084285,1.4312993642702228,1.045619829492447
16720,26,3,795.48,6.6802020191792275,1.3862943611198906,-0.8376225998027668,-0.20175138038774237,-0.11266297523340728
16721,262,1,292.47,5.681775419393111,0.6931471805599453,0.28983290570052345,-1.058145946714099,-0.8321223514058143
16722,17,22,8989.08,9.10387702620249,3.1354942159291497,-0.8806187843346719,1.9594133665673954,1.6338206510753819
16723,91,4,1301.63,7.17214057670845,1.6094379124341003,-0.5270946004056741,0.07394609082159041,0.24182458328210807
16724,405,1,147.35,4.999574346736831,0.6931471805599453,0.9729945043741273,-1.058145946714099,-1.323711776469787
16725,302,14,1882.11,7.540679944369933,2.70805020110221,0.48092705917565737,1.4312993642702228,0.5073915299254615
16726,26,7,2088.41,7.644637008454939,2.0794415416798357,-0.8376225998027668,0.654643185938614,0.5823022789893743
16727,364,4,1437.42,7.271300567958845,1.6094379124341003,0.777122997062115,0.07394609082159041,0.31327859448488843
16728,46,4,1054.67,6.9619309154279065,1.6094379124341003,-0.7420755230651997,0.07394609082159041,0.0903489397017881
16729,38,21,7239.92,8.887503549130026,3.091042453358316,-0.7802943537602266,1.9044924940644754,1.4779034040106924
16730,52,3,743.11,6.612188873366803,1.3862943611198906,-0.7134114000439297,-0.20175138038774237,-0.1616727827327393
16731,648,1,174.05,5.165071647400675,0.6931471805599453,2.133891486735566,-1.058145946714099,-1.204455554010036
16732,32,4,4387.64,8.386774663084227,1.6094379124341003,-0.8089584767814967,0.07394609082159041,1.1170815949130695
16733,530,1,259.68,5.56329360146418,0.6931471805599453,1.5701637339839207,-1.058145946714099,-0.9174995387054943
16734,52,3,650.51,6.47929274564127,1.3862943611198906,-0.7134114000439297,-0.20175138038774237,-0.2574368230433869
16735,79,14,6270.56,8.743780406508177,2.70805020110221,-0.5844228464482143,1.4312993642702228,1.3743374908485193
16736,506,5,2956.56,7.992119883051658,1.791759469228055,1.4555072418988404,0.2992073267345332,0.8326960608071917
16737,53,2,835.1999999999999,6.728867818922464,1.0986122886681098,-0.7086340462070513,-0.5571872395918231,-0.07759473292926504
16738,298,1,3.75,1.55814461804655,0.6931471805599453,0.461817643828144,-1.058145946714099,-3.8035824913276346
16739,177,2,786.43,6.6687744778600475,1.0986122886681098,-0.11624217043413615,-0.5571872395918231,-0.12089758331620765
16740,395,1,236.81,5.471472035517174,0.6931471805599453,0.9252209660053438,-1.058145946714099,-0.9836655308470875
16741,625,1,173.06,5.159400067361368,0.6931471805599453,2.0240123484873638,-1.058145946714099,-1.208542455779145
16742,47,14,2852.6099999999997,7.95634013838393,2.70805020110221,-0.7372981692283215,1.4312993642702228,0.8069134216189268
16743,29,14,4253.26,8.355676112839369,2.70805020110221,-0.8232905382921317,1.4312993642702228,1.0946721923953235
16744,11,7,1304.76,7.174540525720933,2.0794415416798357,-0.909282907355942,0.654643185938614,0.24355397011909408
16745,87,17,7194.3,8.881183314074189,2.8903717578961645,-0.5462040157531874,1.6565606001831652,1.4733490858750284
16746,5,42,18066.4,9.801864488341764,3.7612001156935624,-0.937947030377212,2.7324831383346417,2.1367856403840197
16747,38,2,836.06,6.729895752508072,1.0986122886681098,-0.7802943537602266,-0.5571872395918231,-0.07685401102100825
16748,18,14,3637.33,8.199280064145107,2.70805020110221,-0.8758414304977935,1.4312993642702228,0.9819742698304526
16749,591,2,4387.08,8.386647052769494,1.0986122886681098,1.8615823180335,-0.5571872395918231,1.1169896397934336
16750,45,5,623.93,6.437639643463933,1.791759469228055,-0.7468528769020781,0.2992073267345332,-0.2874517634652187
16751,31,1,1764.72,7.476313818197086,0.6931471805599453,-0.813735830618375,-1.058145946714099,0.46100973982404475
16752,373,1,415.0,6.030685260261263,0.6931471805599453,0.8201191815940201,-1.058145946714099,-0.5807003074566751
16753,58,1,223.92000000000002,5.415744783424001,0.6931471805599453,-0.6847472770226596,-1.058145946714099,-1.0238222073973173
16754,372,29,67502.47,11.119934282946714,3.4011973816621555,0.8153418277571418,2.2876939305965793,3.0865777156165057
16755,114,7,2900.58,7.973010695196109,2.0794415416798357,-0.4172154621574721,0.654643185938614,0.8189261107911766
16756,215,7,1312.3700000000001,7.180351632015874,2.0794415416798357,0.06529727536724109,0.654643185938614,0.24774141355331913
16757,319,2,270.48,5.603888471835558,1.0986122886681098,0.5621420744025893,-0.5571872395918231,-0.8882471528821918
16758,65,1,369.34000000000003,5.91442150260967,0.6931471805599453,-0.6513058001645111,-1.058145946714099,-0.664479175697359
16759,8,3,789.79,6.673032445794151,1.3862943611198906,-0.923614968866577,-0.20175138038774237,-0.11782932075760949
16760,430,1,228.0,5.43372200355424,0.6931471805599453,1.0924283502960859,-1.058145946714099,-1.010867945578786
16761,97,1,316.62,5.760855699682501,0.6931471805599453,-0.498430477384404,-1.058145946714099,-0.7751376425281349
16762,20,3,1501.38,7.314805796331314,1.3862943611198906,-0.8662867228240368,-0.20175138038774237,0.3446281643699448
16763,199,2,964.6999999999999,6.872853226972872,1.0986122886681098,-0.011140386022812485,-0.5571872395918231,0.026160166906203215
16764,4,13,2799.25,7.9374639778918485,2.6390573296152584,-0.9427243842140904,1.3460575542855853,0.7933113895265601
16765,294,2,454.75,6.121944413558772,1.0986122886681098,0.44270822848063063,-0.5571872395918231,-0.514939586022057
16766,273,2,1145.6,7.044556320474283,1.0986122886681098,0.3423837979061853,-0.5571872395918231,0.14988824122219305
16767,31,15,8073.8,8.996503379982272,2.772588722239781,-0.813735830618375,1.5110377522649707,1.5564479363024548
16768,48,9,1708.12,7.4437338971514055,2.302585092994046,-0.7325208153914431,0.9303406571479473,0.4375328716433562
16769,260,4,1141.75,7.041192917211854,1.6094379124341003,0.28027819802676673,0.07394609082159041,0.14746459584503482
16770,58,9,1932.13,7.566895729921602,2.302585092994046,-0.6847472770226596,0.9303406571479473,0.5262824456151213
16771,33,10,3967.6,8.286168666651152,2.3978952727983707,-0.8041811229446183,1.0480979277381186,1.0445856022697957
16772,423,3,3723.5499999999997,8.222701318146976,1.3862943611198906,1.0589868734379375,-0.20175138038774237,0.9988514652066275
16773,57,3,421.24,6.045573872755014,1.3862943611198906,-0.689524630859538,-0.20175138038774237,-0.56997167516751
16774,68,8,1594.45,7.374911107088734,2.1972245773362196,-0.6369737386538761,0.8001660338568091,0.3879396400372059
16775,10,16,3056.89,8.025480414619006,2.833213344056216,-0.9140602611928204,1.5859404542672264,0.8567354315885445
16776,60,2,619.85,6.431089506862851,1.0986122886681098,-0.6751925693489029,-0.5571872395918231,-0.29217174708130783
16777,80,5,1307.76,7.176835403034256,1.791759469228055,-0.5796454926113359,0.2992073267345332,0.24520764300860795
16778,74,2,245.94,5.509145392139597,1.0986122886681098,-0.608309615632606,-0.5571872395918231,-0.9565183678411185
16779,2,53,33268.24,10.412388525349144,3.9889840465642745,-0.9522790918878471,3.0139138736317976,2.5767250840022937
16780,100,3,605.55,6.407787165216928,1.3862943611198906,-0.48409841587376895,-0.20175138038774237,-0.308963255027434
16781,372,2,934.25,6.840813873228256,1.0986122886681098,0.8153418277571418,-0.5571872395918231,0.003072827823884608
16782,10,38,10438.41,9.253343346429725,3.6635616461296463,-0.9140602611928204,2.611849228042442,1.7415250587228825
16783,437,1,391.95,5.973682377312184,0.6931471805599453,1.1258698271542344,-1.058145946714099,-0.621776194873295
16784,20,5,896.53,6.799646545987636,1.791759469228055,-0.8662867228240368,0.2992073267345332,-0.026592066502415114
16785,410,1,533.78,6.281855447370681,0.6931471805599453,0.996881273558519,-1.058145946714099,-0.3997087892323413
16786,394,1,51.839999999999996,3.9672684796541247,0.6931471805599453,0.9204436121684655,-1.058145946714099,-2.067584320840642
16787,398,4,1035.43,6.943537394621777,1.6094379124341003,0.9395530275159788,0.07394609082159041,0.07709469446470514
16788,123,5,1950.3,7.576251096100953,1.791759469228055,-0.37421927762556695,0.2992073267345332,0.5330238584708107
16789,8,1,80.8,4.404277243608702,0.6931471805599453,-0.923614968866577,-1.058145946714099,-1.7526787957234349
16790,4,6,1545.6200000000001,7.343827183683202,1.9459101490553132,-0.9427243842140904,0.48966298795922886,0.36554077751979513
16791,29,15,4038.69,8.303923235337827,2.772588722239781,-0.8232905382921317,1.5110377522649707,1.057379422981565
16792,282,5,623.46,6.436887276273271,1.791759469228055,0.3853799824380904,0.2992073267345332,-0.2879939141148125
16793,57,1,243.84,5.500604935982869,0.6931471805599453,-0.689524630859538,-1.058145946714099,-0.9626725621104458
16794,1,15,2090.91,7.645832803226877,2.772588722239781,-0.9570564457247255,1.5110377522649707,0.5831639605199276
16795,365,3,2492.39,7.82139850931488,1.3862943611198906,0.7819003508989933,-0.20175138038774237,0.7096754070362778
16796,89,1,305.62,5.725609195882308,0.6931471805599453,-0.5366493080794308,-1.058145946714099,-0.8005360319959006
16797,393,5,1827.77,7.511398888706521,1.791759469228055,0.9156662583315871,0.2992073267345332,0.4862918015670812
16798,554,3,848.71,6.74489511479984,1.3862943611198906,1.684820226069001,-0.20175138038774237,-0.06604557318518588
16799,432,2,495.98,6.208549783838228,1.0986122886681098,1.1019830579698426,-0.5571872395918231,-0.45253234878720633
16800,11,1,1201.49,7.092149685937022,0.6931471805599453,-0.909282907355942,-1.058145946714099,0.18418369472183233
16801,163,4,1619.73,7.390631944012902,1.6094379124341003,-0.18312512415043303,0.07394609082159041,0.3992679675565173
16802,679,2,582.61,6.369232951525817,1.0986122886681098,2.2819894556787945,-0.5571872395918231,-0.3367451576099241
16803,65,1,332.3,5.8090429853136945,0.6931471805599453,-0.6513058001645111,-1.058145946714099,-0.7404142142189462
16804,23,3,536.99,6.287839972628443,1.3862943611198906,-0.8519546613134018,-0.20175138038774237,-0.39539638128010984
16805,174,5,1097.24,7.001464177419488,1.791759469228055,-0.1305742319447712,0.2992073267345332,0.11883633779055774
16806,103,4,801.49,6.687719393867341,1.6094379124341003,-0.4697663543631339,0.07394609082159041,-0.10724600647003205
16807,143,6,2123.88,7.661470609175758,1.9459101490553132,-0.278672200888,0.48966298795922886,0.5944324564865786
16808,99,2,288.42,5.667878920309847,1.0986122886681098,-0.48887576971064733,-0.5571872395918231,-0.8421360735598189
16809,23,9,1727.43,7.454968761000411,2.302585092994046,-0.8519546613134018,0.9303406571479473,0.4456286376595251
16810,192,2,842.0400000000001,6.737014406460975,1.0986122886681098,-0.04458186288096092,-0.5571872395918231,-0.07172435769121878
16811,5,2,547.07,6.3064030160165885,1.0986122886681098,-0.937947030377212,-0.5571872395918231,-0.38201997923036707
16812,361,4,2392.0,7.780303087908373,1.6094379124341003,0.7627909355514799,0.07394609082159041,0.6800623275620314
16813,8,10,1692.98,7.434836068766861,2.3978952727983707,-0.923614968866577,1.0480979277381186,0.43112115739194834
16814,14,36,12499.710000000001,9.433540721677334,3.6109179126442243,-0.8949508458453069,2.5468070428147276,1.871374054343915
16815,454,2,410.97,6.020950531164366,1.0986122886681098,1.2070848423811664,-0.5571872395918231,-0.5877150866349959
16816,103,4,417.06,6.035624962893636,1.6094379124341003,-0.4697663543631339,0.07394609082159041,-0.5771407915392051
16817,3,13,2804.9,7.939479622108615,2.6390573296152584,-0.9475017380509687,1.3460575542855853,0.7947638489573193
16818,11,11,3349.57,8.116885759599102,2.4849066497880004,-0.909282907355942,1.15560189306089,0.9226014977493331
16819,465,2,182.59,5.212705010472114,1.0986122886681098,1.259635734586828,-0.5571872395918231,-1.1701312785072466
16820,96,1,497.61,6.211824227045576,0.6931471805599453,-0.5032078312212823,-1.058145946714099,-0.450172807417039
16821,382,1,113.35,4.73926392046879,0.6931471805599453,0.8631153661259252,-1.058145946714099,-1.5112896884906586
16822,686,1,181.39,5.206147251575906,0.6931471805599453,2.3154309325369433,-1.058145946714099,-1.1748567546970492
16823,227,7,2260.09,7.723602276881599,2.0794415416798357,0.12262552140978127,0.654643185938614,0.6392041111057278
16824,16,3,686.24,6.532683576193766,1.3862943611198906,-0.8853961381715503,-0.20175138038774237,-0.21896375586863964
16825,39,5,1826.89,7.5109175751488,1.791759469228055,-0.7755169999233482,0.2992073267345332,0.4859449703107271
16826,51,1,341.7,5.836855428880563,0.6931471805599453,-0.718188753880808,-1.058145946714099,-0.7203727576885051
16827,393,5,392.13,5.974140345974778,1.791759469228055,0.9156662583315871,0.2992073267345332,-0.6214461857886345
16828,93,2,128.5,4.863680881139593,1.0986122886681098,-0.5175398927319174,-0.5571872395918231,-1.4216356779418031
16829,157,2,513.32,6.2428456398334315,1.0986122886681098,-0.2117892471717031,-0.5571872395918231,-0.4278189896230036
16830,39,4,1207.5,7.097135200143538,1.6094379124341003,-0.7755169999233482,0.07394609082159041,0.18777622214616888
16831,565,1,91.8,4.530446639792155,0.6931471805599453,1.737371118274663,-1.058145946714099,-1.6617619921350268
16832,184,5,417.61,6.036939698880882,1.791759469228055,-0.08280069357598771,0.2992073267345332,-0.5761934017827441
16833,1,6,2409.04,7.787398623857337,1.9459101490553132,-0.9570564457247255,0.48966298795922886,0.6851753222163646
16834,228,2,898.96,6.8023503178921825,1.0986122886681098,0.1274028752466596,-0.5571872395918231,-0.024643746968285644
16835,128,6,1538.41,7.339154505116535,1.9459101490553132,-0.3503325084411752,0.48966298795922886,0.3621736773169874
16836,40,4,782.37,6.663605125885249,1.6094379124341003,-0.7707396460864698,0.07394609082159041,-0.12462258297847688
16837,31,11,3170.98,8.062111277564622,2.4849066497880004,-0.813735830618375,1.15560189306089,0.8831313807841643
16838,197,4,1159.61,7.0567010079523715,1.6094379124341003,-0.020695093696569182,0.07394609082159041,0.15863961992010275
16839,9,44,22310.49,10.01285707139101,3.8066624897703196,-0.9188376150296986,2.7886526377188545,2.2888254520338043
16840,603,2,139.85,4.947695494322382,1.0986122886681098,1.9189105640760402,-0.5571872395918231,-1.361095322543816
16841,37,12,4006.06,8.295813084319896,2.5649493574615367,-0.7850717075971049,1.2544959545938104,1.0515353036509356
16842,101,3,1264.19,7.142977587511544,1.3862943611198906,-0.4793210620368906,-0.20175138038774237,0.22080993281163508
16843,43,35,19571.43,9.881877222329129,3.58351893845611,-0.7564075845758348,2.5129551665095216,2.19444226901624
16844,563,2,614.34,6.4221749605721845,1.0986122886681098,1.7278164106009062,-0.5571872395918231,-0.29859550814147706
16845,618,1,253.88,5.540792846161739,0.6931471805599453,1.9905708716292154,-1.058145946714099,-0.9337134290172809
16846,50,3,842.41,6.737453198012385,1.3862943611198906,-0.7229661077176863,-0.20175138038774237,-0.07140816750166028
16847,43,2,614.89,6.423068376159172,1.0986122886681098,-0.7564075845758348,-0.5571872395918231,-0.29795171898260003
16848,53,4,1411.62,7.2532014151642725,1.6094379124341003,-0.7086340462070513,0.07394609082159041,0.3002364688227497
16849,187,1,124.57,4.8328633720008725,0.6931471805599453,-0.06846863206535267,-1.058145946714099,-1.443842564161462
16850,334,1,332.41,5.809372963868082,0.6931471805599453,0.6338023819557645,-1.058145946714099,-0.7401764339304995
16851,4,3,342.45,5.839041540659891,1.3862943611198906,-0.9427243842140904,-0.20175138038774237,-0.718797460498571
16852,10,2,144.91000000000003,4.982989993275932,1.0986122886681098,-0.9140602611928204,-0.5571872395918231,-1.3356623480969427
16854,417,2,1408.96,7.251316614175486,1.0986122886681098,1.0303227504166674,-0.5571872395918231,0.29887829412679084
16855,24,2,328.4,5.79727281774354,1.0986122886681098,-0.8471773074765234,-0.5571872395918231,-0.748895716433813
16856,15,3,358.49,5.884686360362535,1.3862943611198906,-0.8901734920084285,-0.20175138038774237,-0.6859061157409283
16857,443,1,352.8,5.8687317817256845,0.6931471805599453,1.1545339501755045,-1.058145946714099,-0.6974028759390449
16858,369,10,4668.28,8.4487601631878,2.3978952727983707,0.8010097662465068,1.0480979277381186,1.1617479221581615
16859,145,7,1932.41,7.567040562252569,2.0794415416798357,-0.2691174932142433,0.654643185938614,0.5263868108018157
16860,453,3,1610.62,7.38499516326749,1.3862943611198906,1.202307488544288,-0.20175138038774237,0.3952061419204784
16861,60,5,946.59,6.8539219192530085,1.791759469228055,-0.6751925693489029,0.2992073267345332,0.012518396098836516
16862,547,4,662.33,6.497272603912174,1.6094379124341003,1.6513787492108527,0.07394609082159041,-0.24448066019874276
16863,31,3,998.52,6.907275163745259,1.3862943611198906,-0.813735830618375,-0.20175138038774237,0.05096437901574968
16864,434,2,409.25,6.0167667299702,1.0986122886681098,1.1115377656435994,-0.5571872395918231,-0.5907299051482732
16865,402,1,130.95,4.882423062949333,0.6931471805599453,0.9586624428634922,-1.058145946714099,-1.408130189971196
16866,141,3,207.73999999999998,5.341089458391906,1.3862943611198906,-0.2882269085617567,-0.20175138038774237,-1.0776183237939014
16867,690,1,76.74000000000001,4.353369925424078,0.6931471805599453,2.3345403478844564,-1.058145946714099,-1.7893622608790767
16868,394,3,393.39,5.977340267437464,1.3862943611198906,0.9204436121684655,-0.20175138038774237,-0.6191403442777633
16869,23,4,825.42,6.717103118867857,1.6094379124341003,-0.8519546613134018,0.07394609082159041,-0.08607229528983978
16870,469,1,450.15999999999997,6.111822043771716,0.6931471805599453,1.2787451499343416,-1.058145946714099,-0.5222336964293136
16871,22,6,2812.34,7.942127668587332,1.9459101490553132,-0.8567320151502801,0.48966298795922886,0.7966720131308918
16872,77,6,1213.13,7.101783049906128,1.9459101490553132,-0.593977554121971,0.48966298795922886,0.19112543088264752
16873,5,12,14617.39,9.590035604120759,2.5649493574615367,-0.937947030377212,1.2544959545938104,1.9841431958321731
16874,379,1,217.74,5.38788380990708,0.6931471805599453,0.8487833046152902,-1.058145946714099,-1.0438986342777055
16875,67,11,4234.53,8.351263746835542,2.4849066497880004,-0.6417510924907545,1.15560189306089,1.091492671644136
16876,404,1,136.01,4.920053915865017,0.6931471805599453,0.9682171505372489,-1.058145946714099,-1.381013654845476
16877,12,6,853.72,6.750773929921596,1.9459101490553132,-0.9045055535190636,0.48966298795922886,-0.06180933923364904
16878,84,1,13.3,2.6602595372658615,0.6931471805599453,-0.5605360772638225,-1.058145946714099,-3.0094060216485508
16880,31,8,1840.86,7.518531209583671,2.1972245773362196,-0.813735830618375,0.8001660338568091,0.49143130318896816
16881,67,1,432.0,6.07073772800249,0.6931471805599453,-0.6417510924907545,-1.058145946714099,-0.5518387732573247
16882,67,3,705.12,6.559785194721083,1.3862943611198906,-0.6417510924907545,-0.20175138038774237,-0.19943451499795103
16883,187,19,2396.59,7.782219345156252,2.995732273553991,-0.06846863206535267,1.7867352234743035,0.6814431694230555
16884,38,4,1073.92,6.98000151918791,1.6094379124341003,-0.7802943537602266,0.07394609082159041,0.10337049312496015
16885,15,4,710.74,6.567712676182383,1.6094379124341003,-0.8901734920084285,0.07394609082159041,-0.19372202609993142
16886,456,1,134.0,4.90527477843843,0.6931471805599453,1.216639550054923,-1.058145946714099,-1.391663400150315
16887,35,3,660.72,6.4948425057388155,1.3862943611198906,-0.7946264152708616,-0.20175138038774237,-0.246231772314763
16888,401,3,437.15,6.08256131750186,1.3862943611198906,0.9538850890266138,-0.20175138038774237,-0.5433187755657993
16889,195,6,2530.9,7.8367252880133655,1.9459101490553132,-0.030249801370325877,0.48966298795922886,0.7207197788944665
16890,477,3,285.41,5.657424350678052,1.3862943611198906,1.3169639806293683,-0.20175138038774237,-0.8496695649021506
16891,2,11,2056.82,7.629402449011984,2.4849066497880004,-0.9522790918878471,1.15560189306089,0.5713243596957195
16892,1,7,762.1,6.637389084295587,2.0794415416798357,-0.9570564457247255,0.654643185938614,-0.1435136831673628
16893,367,2,401.77,5.998365679421281,1.0986122886681098,0.79145505857275,-0.5571872395918231,-0.6039895762664892
16894,502,3,1324.06,7.189213020413946,1.3862943611198906,1.436397826551327,-0.20175138038774237,0.25412686939981166
16895,65,5,1121.42,7.023242347588869,1.791759469228055,-0.6513058001645111,0.2992073267345332,0.13452953819967678
16896,555,1,103.95,4.653484046266642,0.6931471805599453,1.6895975799058796,-1.058145946714099,-1.5731020789005756
16897,299,2,289.78,5.672566967503279,1.0986122886681098,0.4665949976650223,-0.5571872395918231,-0.8387578988297226
16898,26,5,1016.37,6.924976145026455,1.791759469228055,-0.8376225998027668,0.2992073267345332,0.06371958500979719
16899,8,8,1721.02,7.4512532993220875,2.1972245773362196,-0.923614968866577,0.8001660338568091,0.4429513013967974
16900,17,3,887.11,6.789095609194309,1.3862943611198906,-0.8806187843346719,-0.20175138038774237,-0.03419499936196383
16901,729,1,204.26,5.324277468217568,0.6931471805599453,2.520857147522712,-1.058145946714099,-1.0897329288791795
16902,116,1,1706.88,7.443008114269093,0.6931471805599453,-0.4076607544837154,-1.058145946714099,0.43700987746445785
16903,29,3,1062.28,6.9691137491130775,1.3862943611198906,-0.8232905382921317,-0.20175138038774237,0.09552484050750608
16904,4,21,5132.37,8.543517642565243,3.091042453358316,-0.9427243842140904,1.9044924940644754,1.2300295134290369
16905,5,17,5034.15,8.524198596168688,2.8903717578961645,-0.937947030377212,1.6565606001831652,1.2161083407843087
16906,82,7,1448.8,7.279180894866777,2.0794415416798357,-0.5700907849375793,0.654643185938614,0.31895710413440087
16907,29,9,1707.9,7.443605167652863,2.302585092994046,-0.8232905382921317,0.9303406571479473,0.43744011004752503
16908,722,1,252.59,5.535718789608946,0.6931471805599453,2.487415670664564,-1.058145946714099,-0.9373697594505019
16909,72,1,379.14,5.940539605922692,0.6931471805599453,-0.6178643233063628,-1.058145946714099,-0.6456586491604875
16910,4,8,1510.06,7.320566670286484,2.1972245773362196,-0.9427243842140904,0.8001660338568091,0.3487794107238404
16911,636,2,255.25,5.546153530452618,1.0986122886681098,2.0765632406930257,-0.5571872395918231,-0.9298505565972155
16912,29,15,4480.31,8.407670693379636,2.772588722239781,-0.8232905382921317,1.5110377522649707,1.1321391313649585
16913,290,3,423.90999999999997,6.051877381793223,1.3862943611198906,0.4235988131331172,-0.20175138038774237,-0.5654294096857025
16914,36,1,208.46,5.344532790344999,0.6931471805599453,-0.7898490614339833,-1.058145946714099,-1.0751370823491546
16915,9,11,1543.18,7.342248304100646,2.4849066497880004,-0.9188376150296986,1.15560189306089,0.36440304769592957
16916,24,4,1123.4,7.025004839032377,1.6094379124341003,-0.8471773074765234,0.07394609082159041,0.13579957747419868
16917,277,2,1857.83,7.5277025365253865,1.0986122886681098,0.3614932132536987,-0.5571872395918231,0.4980400986292875
16918,50,16,3213.29,8.075361772469643,2.833213344056216,-0.7229661077176863,1.5859404542672264,0.8926795967475456
16919,156,24,5125.91,8.542258417504407,3.2188758248682006,-0.21656660100858147,2.062432694683636,1.2291221244663186
16920,411,1,355.45,5.876193977563638,0.6931471805599453,1.0016586273953973,-1.058145946714099,-0.6920256686775393
16921,61,3,446.67,6.104056353843788,1.3862943611198906,-0.6704152155120245,-0.20175138038774237,-0.5278295994554273
16922,573,1,611.08,6.416862992923597,0.6931471805599453,1.7755899489696898,-1.058145946714099,-0.30242327568244565
16923,12,32,13378.36,9.501468499952257,3.4965075614664802,-0.9045055535190636,2.4054512011867506,1.9203223465798418
16924,21,3,846.75,6.742585781005748,1.3862943611198906,-0.8615093689871585,-0.20175138038774237,-0.06770966331582483
16925,540,1,125.65,4.841427376447684,0.6931471805599453,1.6179372723527043,-1.058145946714099,-1.4376714011554277
16926,371,5,1421.35,7.2600657122857815,1.791759469228055,0.8105644739202634,0.2992073267345332,0.3051828343602472
16927,116,3,543.05,6.299041154397021,1.3862943611198906,-0.4076607544837154,-0.20175138038774237,-0.3873248863406304
16928,80,29,4113.23,8.322206975310369,3.4011973816621555,-0.5796454926113359,2.2876939305965793,1.0705545609011293
16929,4,7,1295.39,7.167338757569021,2.0794415416798357,-0.9427243842140904,0.654643185938614,0.2383644252661996
16930,26,3,380.55,5.944241903735643,1.3862943611198906,-0.8376225998027668,-0.20175138038774237,-0.6429907986890752
16931,5,23,5233.62,8.563049532322315,3.1780538303479458,-0.937947030377212,2.0119964593872464,1.2441040595429944
16932,53,3,440.71,6.090653558146974,1.3862943611198906,-0.7086340462070513,-0.20175138038774237,-0.5374875623272718
16933,1,9,3181.25,8.065343772750545,2.302585092994046,-0.9570564457247255,0.9303406571479473,0.8854606946971177
16934,55,6,2110.9900000000002,7.655385909966458,1.9459101490553132,-0.6990793385332946,0.48966298795922886,0.5900478638702982
16935,382,3,535.1,6.284320710833492,1.3862943611198906,0.8631153661259252,-0.20175138038774237,-0.397932337249357
16936,26,2,551.17,6.313855969878249,1.0986122886681098,-0.8376225998027668,-0.5571872395918231,-0.37664943167374076
16937,499,1,202.1,5.313698468586339,0.6931471805599453,1.422065765040692,-1.058145946714099,-1.0973560836277034
16938,9,9,7043.18,8.8599570229523,2.302585092994046,-0.9188376150296986,0.9303406571479473,1.4580535657313543
16939,489,3,449.0,6.1092475827643655,1.3862943611198906,1.3742922266719084,-0.20175138038774237,-0.5240888354157203
16940,52,8,6427.66,8.768521397380008,2.1972245773362196,-0.7134114000439297,0.8001660338568091,1.3921656795830215
16941,612,1,33.0,3.5263605246161616,0.6931471805599453,1.9619067486079453,-1.058145946714099,-2.385299576372715
16942,13,9,1920.59,7.560908247315509,2.302585092994046,-0.8997281996821853,0.9303406571479473,0.5219679066179175
16943,212,5,1299.49,7.170496395508893,1.791759469228055,0.050965213856606045,0.2992073267345332,0.240639797559852
16944,610,1,101.36,4.628496011291588,0.6931471805599453,1.9523520409341886,-1.058145946714099,-1.5911082859254861
16945,22,33,8548.16,9.053588311490355,3.5263605246161616,-0.8567320151502801,2.442335020593583,1.5975829473492837
16946,383,5,1222.04,7.109094841611854,1.791759469228055,0.8678927199628036,0.2992073267345332,0.19639425795559484
16947,236,5,955.21,6.8629775542004845,1.791759469228055,0.1656217059416864,0.2992073267345332,0.019043824679717464
16948,139,7,868.77,6.768228808881206,2.0794415416798357,-0.29778161623551336,0.654643185938614,-0.049231472888605785
16949,4,6,1286.27,7.160278975803028,1.9459101490553132,-0.9427243842140904,0.48966298795922886,0.23327719483147072
16950,57,10,3784.37,8.238898915387173,2.3978952727983707,-0.689524630859538,1.0480979277381186,1.0105233429474854
16951,135,3,1277.75,7.153638317265837,1.3862943611198906,-0.3168910315830268,-0.20175138038774237,0.22849198172760823
16952,109,5,798.78,6.684336689848494,1.791759469228055,-0.4411022313418638,0.2992073267345332,-0.10968355984020159
16953,30,1,20.8,3.0819099697950434,0.6931471805599453,-0.8185131844552533,-1.058145946714099,-2.7055676050686475
16954,1,20,6081.88,8.713233547017788,3.044522437723423,-0.9570564457247255,1.8470162614078611,1.352325632913555
16955,185,6,1309.41,7.1780953443273185,1.9459101490553132,-0.07802333973910935,0.48966298795922886,0.24611554808336722
16956,18,1,308.74,5.735733235888028,0.6931471805599453,-0.8758414304977935,-1.058145946714099,-0.7932407180405032
16957,239,2,416.64,6.03461981742191,1.0986122886681098,0.17995376745232144,-0.5571872395918231,-0.5778650924885244
16958,435,1,809.44,6.697577310057951,0.6931471805599453,1.1163151194804777,-1.058145946714099,-0.10014245951487746
16959,87,1,117.35000000000001,4.773646335959993,0.6931471805599453,-0.5462040157531874,-1.058145946714099,-1.4865139551459134
16960,39,8,2043.43,7.622874301018507,2.1972245773362196,-0.7755169999233482,0.8001660338568091,0.5666202209198156
16961,116,3,794.56,6.679046269195045,1.3862943611198906,-0.4076607544837154,-0.20175138038774237,-0.11349580076390602
16962,410,1,251.04,5.529587805073855,0.6931471805599453,0.996881273558519,-1.058145946714099,-0.9417877049558445
16963,187,1,110.55000000000001,4.714472920878541,0.6931471805599453,-0.06846863206535267,-1.058145946714099,-1.5291539131654739
16964,733,2,207.85,5.341616290943184,1.0986122886681098,2.5399665628702257,-0.5571872395918231,-1.077238691862249
16965,227,1,201.19,5.309207849379209,0.6931471805599453,0.12262552140978127,-1.058145946714099,-1.1005919931017514
16966,8,7,2154.97,7.675996017275306,2.0794415416798357,-0.923614968866577,0.654643185938614,0.6048993661744706
16967,189,1,319.02,5.768383493840728,0.6931471805599453,-0.05891392439159597,-1.058145946714099,-0.7697131655658894
16968,4,2,439.43,6.087751522419478,1.0986122886681098,-0.9427243842140904,-0.5571872395918231,-0.5395787494156178
16969,39,3,650.41,6.479139244274806,1.3862943611198906,-0.7755169999233482,-0.20175138038774237,-0.2575474350777432
16970,626,1,71.4,4.282206299391671,0.6931471805599453,2.028789702324242,-1.058145946714099,-1.840642282868084
16971,38,1,357.21,5.881119406601529,0.6931471805599453,-0.7802943537602266,-1.058145946714099,-0.6884764382145869
16972,383,2,786.25,6.668545859981134,1.0986122886681098,0.8678927199628036,-0.5571872395918231,-0.12106232379545773
16973,386,1,127.0,4.852030263919617,0.6931471805599453,0.8822247814734386,-1.058145946714099,-1.4300310329923427
16974,523,2,365.5,5.903998521326706,1.0986122886681098,1.5367222571257724,-0.5571872395918231,-0.6719899046916633
16975,423,3,926.12,6.832083007026135,1.3862943611198906,1.0589868734379375,-0.20175138038774237,-0.0032185746212907004
16976,267,1,251.51999999999998,5.5314904534994245,0.6931471805599453,0.3137196748849152,-1.058145946714099,-0.9404166695190594
16977,395,4,496.0,6.208590026096629,1.6094379124341003,0.9252209660053438,0.07394609082159041,-0.4525033504911561
16978,78,3,768.88,6.646234658546923,1.3862943611198906,-0.5892002002850927,-0.20175138038774237,-0.13713962288680095
16979,4,9,2859.74,7.958835611604893,2.302585092994046,-0.9427243842140904,0.9303406571479473,0.8087116425469281
16980,255,3,1473.3300000000002,7.295958928288776,1.3862943611198906,0.25639142884237504,-0.20175138038774237,0.3310472402162891
16982,61,1,384.06,5.95339916630119,0.6931471805599453,-0.6704152155120245,-1.058145946714099,-0.6363921379419888
16983,13,11,3710.22,8.21911594251549,2.4849066497880004,-0.8997281996821853,1.15560189306089,0.9962678680591504
16984,88,9,10754.8,9.283200422942915,2.302585092994046,-0.5414266619163092,0.9303406571479473,1.763039863764248
16985,17,23,10923.16,9.298732129135914,3.1780538303479458,-0.8806187843346719,2.0119964593872464,1.774231904972787
16986,30,11,4888.75,8.494896456417628,2.4849066497880004,-0.8185131844552533,1.15560189306089,1.1949934193766354
16987,3,11,2535.9,7.838698142188607,2.4849066497880004,-0.9475017380509687,1.15560189306089,0.7221414041140891
16988,5,2,382.67,5.949782808113339,1.0986122886681098,-0.937947030377212,-0.5571872395918231,-0.6389980609075875
16989,7,6,1133.25,7.033726918544073,1.9459101490553132,-0.9283923227034554,0.48966298795922886,0.1420846482903764
16990,219,2,344.0,5.84354441703136,1.0986122886681098,0.08440669071475448,-0.5571872395918231,-0.7155527185957684
16991,421,1,1041.21,6.949098737516397,0.6931471805599453,1.0494321657641807,-1.058145946714099,0.08110216010163923
16992,11,13,5476.5,8.608404071469621,2.6390573296152584,-0.909282907355942,1.3460575542855853,1.276786230118676
16993,464,2,1950.9499999999998,7.576584151890876,1.0986122886681098,1.2548583807499498,-0.5571872395918231,0.5332638561941286
16996,30,9,2123.61,7.661343535103169,2.302585092994046,-0.8185131844552533,0.9303406571479473,0.5943408877793626
16997,288,3,702.0,6.555356891810665,1.3862943611198906,0.4140441054593605,-0.20175138038774237,-0.20262551977498117
16998,150,5,402.0,5.998936561946683,1.791759469228055,-0.24523072402985155,0.2992073267345332,-0.6035782022248909
16999,23,2,484.82,6.185838184926078,1.0986122886681098,-0.8519546613134018,-0.5571872395918231,-0.4688981715614727
17000,396,2,406.3,6.009550014654367,1.0986122886681098,0.9299983198422221,-0.5571872395918231,-0.5959302208252152
17001,1,19,6640.8,8.801138290071108,2.995732273553991,-0.9570564457247255,1.7867352234743035,1.415669189278425
17002,86,7,2571.55,7.852652903865288,2.0794415416798357,-0.5509813695900658,0.654643185938614,0.7321971098942545
17003,402,4,830.16,6.72282231543168,1.6094379124341003,0.9586624428634922,0.07394609082159041,-0.08195108137897548
17004,46,4,2425.16,7.794065039513912,1.6094379124341003,-0.7420755230651997,0.07394609082159041,0.6899790957242147
17005,471,2,742.36,6.6111804495820445,1.0986122886681098,1.2882998576080982,-0.5571872395918231,-0.16239944601199777
17006,5,8,1636.32,7.400816037803236,2.1972245773362196,-0.937947030377212,0.8001660338568091,0.40660655585819594
17007,51,7,1120.1,7.022065625159548,2.0794415416798357,-0.718188753880808,0.654643185938614,0.13368160006871288
17008,429,1,81.36,4.411099882159589,0.6931471805599453,1.0876509964592076,-1.058145946714099,-1.7477624490668828
17009,551,1,242.06,5.493308326442654,0.6931471805599453,1.670488164558366,-1.058145946714099,-0.9679304490188086
17010,18,1,195.36,5.279949709189852,0.6931471805599453,-0.8758414304977935,-1.058145946714099,-1.1216752087263244
17011,30,3,671.7,6.51129946503156,1.3862943611198906,-0.8185131844552533,-0.20175138038774237,-0.234373000053498
17012,725,1,384.16,5.953658832372083,0.6931471805599453,2.5017477321751986,-1.058145946714099,-0.636205024348042
17014,8,3,586.33,6.3755868424430115,1.3862943611198906,-0.923614968866577,-0.20175138038774237,-0.33216658729085213
17015,29,3,1842.56,7.519453763930569,1.3862943611198906,-0.8232905382921317,-0.20175138038774237,0.4920960895388578
17016,577,1,552.4,6.316081067352825,0.6931471805599453,1.7946993643172031,-1.058145946714099,-0.3750460416585666
17017,3,29,14110.61,9.554753141810268,3.4011973816621555,-0.9475017380509687,2.2876939305965793,1.9587188949079288
17018,41,6,2287.7,7.735739249764293,1.9459101490553132,-0.7659622922495916,0.48966298795922886,0.6479499307189825
17019,11,11,4012.2,8.297344207051458,2.4849066497880004,-0.909282907355942,1.15560189306089,1.052638620214746
17020,542,2,935.62,6.842277650354465,1.0986122886681098,1.627491980026461,-0.5571872395918231,0.004127615605283179
17021,442,6,1182.22,7.07599481456678,1.9459101490553132,1.1497565963386263,0.48966298795922886,0.17254260495051654
17022,31,2,260.0,5.564520407322694,1.0986122886681098,-0.813735830618375,-0.5571872395918231,-0.9166155107981445
17023,417,3,800.18,6.6860856409239275,1.3862943611198906,1.0303227504166674,-0.20175138038774237,-0.10842327766226574
17024,45,3,95.85,4.573163389853005,1.3862943611198906,-0.7468528769020781,-0.20175138038774237,-1.630980594326239
17025,61,5,1510.6399999999999,7.320950433152212,1.791759469228055,-0.6704152155120245,0.2992073267345332,0.34905594761902536
17026,185,3,208.98,5.347012288086795,1.3862943611198906,-0.07802333973910935,-0.20175138038774237,-1.0733503732421303
17027,79,9,1327.1100000000001,7.1915121579313555,2.302585092994046,-0.5844228464482143,0.9303406571479473,0.2557836121632402
17028,581,3,1593.83,7.3745224264664655,1.3862943611198906,1.8138087796647167,-0.20175138038774237,0.387659559440307
17029,111,7,2137.3,7.66776639979559,2.0794415416798357,-0.4315475236681071,0.654643185938614,0.5989691601289159
17030,64,1,146.87,4.996333509385396,0.6931471805599453,-0.6560831540013895,-1.058145946714099,-1.326047101690128
17031,12,6,2773.85,7.928351970665508,1.9459101490553132,-0.9045055535190636,0.48966298795922886,0.7867453394672511
17032,548,8,3004.6,8.00823249425976,2.1972245773362196,1.656156103047731,0.8001660338568091,0.8443066981948301
17033,86,4,1332.79,7.195779792794182,1.6094379124341003,-0.5509813695900658,0.07394609082159041,0.25885884064453135
17034,16,5,1283.92,7.158451738581946,1.791759469228055,-0.8853961381715503,0.2992073267345332,0.2319605001926461
17035,246,4,613.59,6.420955378818814,1.6094379124341003,0.21339524431046988,0.07394609082159041,-0.2994743304080906
17036,383,1,176.9,5.18122159467179,0.6931471805599453,0.8678927199628036,-1.058145946714099,-1.192818012510858
17037,88,1,1267.32,7.145448469088846,0.6931471805599453,-0.5414266619163092,-1.058145946714099,0.2225904331694802
17038,30,2,743.17,6.612269503355827,1.0986122886681098,-0.8185131844552533,-0.5571872395918231,-0.16161468131435108
17039,604,1,1954.99,7.578651738107256,0.6931471805599453,1.9236879179129185,-1.058145946714099,0.5347537446744014
17040,138,2,463.25,6.140423200232815,1.0986122886681098,-0.30255897007239174,-0.5571872395918231,-0.5016238987839784
17041,27,6,1686.28,7.430873043877359,1.9459101490553132,-0.8328452459658884,0.48966298795922886,0.4282654287731715
17042,3,5,1044.3799999999999,6.9521357346628685,1.791759469228055,-0.9475017380509687,0.2992073267345332,0.08329059946503971
17043,32,8,2616.55,7.869994044759,2.1972245773362196,-0.8089584767814967,0.8001660338568091,0.7446930173672529
17044,25,12,11962.3,9.389598909178215,2.5649493574615367,-0.842399953639645,1.2544959545938104,1.839709884924477
17045,113,5,827.6800000000001,6.7198340733776885,1.791759469228055,-0.42199281599435046,0.2992073267345332,-0.08410438815633625
17046,157,5,1906.07,7.5533233117961665,1.791759469228055,-0.2117892471717031,0.2992073267345332,0.5165022539818367
17047,85,6,2289.23,7.736407528186082,1.9459101490553132,-0.5557587234269442,0.48966298795922886,0.6484314875770958
17048,118,7,2071.68,7.636597734866534,2.0794415416798357,-0.3981060468099587,0.654643185938614,0.5765092334494893
17049,3,19,9947.48,9.205175054663963,2.995732273553991,-0.9475017380509687,1.7867352234743035,1.7068153172631602
17050,96,11,4691.79,8.453782567296948,2.4849066497880004,-0.5032078312212823,1.15560189306089,1.1653670321939193
17051,194,4,714.39,6.572827848533204,1.6094379124341003,-0.03502715520720422,0.07394609082159041,-0.19003606790398173
17052,28,1,413.75,6.027675929070554,0.6931471805599453,-0.82806789212901,-1.058145946714099,-0.5828688109216545
17053,131,1,498.48,6.213567557246944,0.6931471805599453,-0.33600044693054015,-1.058145946714099,-0.4489165756024947
17054,28,5,1356.33,7.213274813763555,1.791759469228055,-0.82806789212901,0.2992073267345332,0.27146563304714244
17055,446,1,239.55,5.482927968145463,0.6931471805599453,1.1688660116861396,-1.058145946714099,-0.9754104641812086
17056,738,1,128.60000000000002,4.864452783918175,0.6931471805599453,2.563853332054617,-1.058145946714099,-1.4210794500812238
17057,596,1,294.74,5.689480689945341,0.6931471805599453,1.8854690872178919,-1.058145946714099,-0.826569986168415
17058,82,3,1179.89,7.074023670453844,1.3862943611198906,-0.5700907849375793,-0.20175138038774237,0.17112221199008998
17059,30,9,5602.53,8.631152035274486,2.302585092994046,-0.8185131844552533,0.9303406571479473,1.2931782571858097
17060,266,1,234.24,5.460606269591755,0.6931471805599453,0.30894232104803687,-1.058145946714099,-0.9914953274250353
17061,74,11,5232.2300000000005,8.56278395725042,2.4849066497880004,-0.608309615632606,1.15560189306089,1.2439126879633577
17062,314,6,1208.22,7.097730802629586,1.9459101490553132,0.5382553052181975,0.48966298795922886,0.18820540922226522
17063,21,13,3638.53,8.199609831414847,2.6390573296152584,-0.8615093689871585,1.3460575542855853,0.9822118978686278
17064,59,3,859.35,6.757339283199166,1.3862943611198906,-0.6799699231857812,-0.20175138038774237,-0.05707839058460077
17065,638,2,194.7,5.27658287440203,1.0986122886681098,2.086117948366782,-0.5571872395918231,-1.1241013268372007
17066,726,1,228.34,5.4352056186101585,0.6931471805599453,2.506525086012077,-1.058145946714099,-1.0097988627209775
17067,725,3,454.54,6.121483528431717,1.3862943611198906,2.5017477321751986,-0.20175138038774237,-0.5152716966910531
17068,12,47,9161.08,9.122828506126531,3.871201010907891,-0.9045055535190636,2.8683910257136036,1.647476957835053
17069,28,14,5794.28,8.664799072121697,2.70805020110221,-0.82806789212901,1.4312993642702228,1.3174240817114489
17070,114,2,445.32,6.101036183537273,1.0986122886681098,-0.4172154621574721,-0.5571872395918231,-0.5300059135130908
17071,28,13,3801.2000000000003,8.243335125557527,2.6390573296152584,-0.82806789212901,1.3460575542855853,1.013720045641921
17072,625,1,282.05,5.645623560482669,0.6931471805599453,2.0240123484873638,-1.058145946714099,-0.858173133571225
17073,18,4,1446.09,7.277309922347601,1.6094379124341003,-0.8758414304977935,0.07394609082159041,0.3176088941390233
17074,563,1,203.05,5.318365061851814,0.6931471805599453,1.7278164106009062,-1.058145946714099,-1.0939933684512966
17075,18,10,2241.73,7.715449152776177,2.3978952727983707,-0.8758414304977935,1.0480979277381186,0.6333290256622914
17076,36,6,1242.75,7.1258862884728025,1.9459101490553132,-0.7898490614339833,0.48966298795922886,0.20849405966981022
17077,578,1,306.0,5.726847747587197,0.6931471805599453,1.7994767181540816,-1.058145946714099,-0.7996435401120231
17078,36,2,378.2,5.938063770380866,1.0986122886681098,-0.7898490614339833,-0.5571872395918231,-0.6474427193112716
17079,78,1,118.80000000000001,4.785823685681349,0.6931471805599453,-0.5892002002850927,-1.058145946714099,-1.477739040258994
17080,22,7,957.53,6.865400860900437,2.0794415416798357,-0.8567320151502801,0.654643185938614,0.020790042906471403
17081,25,6,964.39,6.872532164772081,1.9459101490553132,-0.842399953639645,0.48966298795922886,0.025928811681149175
17082,33,6,4732.03,8.4623208683607,1.9459101490553132,-0.8041811229446183,0.48966298795922886,1.1715196735179947
17083,109,9,4049.79,8.306667202806915,2.302585092994046,-0.4411022313418638,0.9303406571479473,1.0593567071644692
17084,35,3,5202.97,8.557177074819469,1.3862943611198906,-0.7946264152708616,-0.20175138038774237,1.2398724068481424
17085,123,28,7891.41,8.973656817136215,3.367295829986474,-0.37421927762556695,2.245808014503504,1.5399848594408916
17086,7,6,2050.08,7.626121762674929,1.9459101490553132,-0.9283923227034554,0.48966298795922886,0.5689603195690036
17087,738,1,221.53,5.405061923978025,0.6931471805599453,2.563853332054617,-1.058145946714099,-1.0315202028176982
17088,28,4,1991.01,7.596899458212264,1.6094379124341003,-0.82806789212901,0.07394609082159041,0.547902926923883
17089,386,1,128.45,4.8632947061975464,0.6931471805599453,0.8822247814734386,-1.058145946714099,-1.4219139529626785
17090,4,13,3149.48,8.055310101163261,2.6390573296152584,-0.9427243842140904,1.3460575542855853,0.8782304996057086
17091,3,19,7811.1,8.963429092733893,2.995732273553991,-0.9475017380509687,1.7867352234743035,1.5326148312187529
17092,50,11,5594.96,8.629800187796995,2.4849066497880004,-0.7229661077176863,1.15560189306089,1.2922041251434102
17093,593,1,235.88,5.467553683793335,0.6931471805599453,1.8711370257072568,-1.058145946714099,-0.9864890682883589
17094,322,2,402.20000000000005,5.999432716757159,1.0986122886681098,0.5764741359132244,-0.5571872395918231,-0.6032206764633509
17095,23,7,2572.25,7.852924970406669,2.0794415416798357,-0.8519546613134018,0.654643185938614,0.7323931591823851
17096,15,11,3759.18,8.232222107578522,2.4849066497880004,-0.8901734920084285,1.15560189306089,1.0057120809259568
17097,2,9,1340.45,7.2015063974602995,2.302585092994046,-0.9522790918878471,0.9303406571479473,0.2629853927832197
17098,382,3,591.0699999999999,6.383624871137068,1.3862943611198906,0.8631153661259252,-0.20175138038774237,-0.3263744388133173
17099,533,1,582.17,6.368478739042131,0.6931471805599453,1.5844957954945558,-1.058145946714099,-0.3372886379650448
17100,18,2,971.74,6.880116831678181,1.0986122886681098,-0.8758414304977935,-0.5571872395918231,0.03139427075636509
17101,10,7,2507.05,7.827260837758234,2.0794415416798357,-0.9140602611928204,0.654643185938614,0.7138997608001667
17102,262,1,25.5,3.2771447329921766,0.6931471805599453,0.28983290570052345,-1.058145946714099,-2.5648827705830004
17103,722,1,424.3,6.052794802259588,0.6931471805599453,2.487415670664564,-1.058145946714099,-0.564768322774997
17104,424,1,474.03,6.163377959935002,0.6931471805599453,1.0637642272748158,-1.058145946714099,-0.4850828560082143
17105,159,2,665.78,6.50246015642561,1.0986122886681098,-0.20223453949794643,-0.5571872395918231,-0.24074254535286635
17106,389,1,491.23,6.198946086932524,0.6931471805599453,0.8965568429840737,-1.058145946714099,-0.4594527070651277
17107,33,10,16075.42,9.685108881129782,2.3978952727983707,-0.8041811229446183,1.0480979277381186,2.052652348715551
17108,664,1,174.95,5.170199863767594,0.6931471805599453,2.2103291481256195,-1.058145946714099,-1.200760196385338
17109,29,8,1295.46,7.167392752208138,2.1972245773362196,-0.8232905382921317,0.8001660338568091,0.23840333343369455
17110,165,3,510.7,6.237738515811046,1.3862943611198906,-0.17357041647667631,-0.20175138038774237,-0.431499148248553
17111,47,2,476.58,6.168731685154665,1.0986122886681098,-0.7372981692283215,-0.5571872395918231,-0.48122499824725123
17112,503,1,205.17,5.3287010711824765,0.6931471805599453,1.4411751803882054,-1.058145946714099,-1.0865453108507244
17113,574,6,2322.59,7.750868682442393,1.9459101490553132,1.780367302806568,0.48966298795922886,0.6588520963852015
17114,6,8,808.62,6.696565001785386,2.1972245773362196,-0.9331696765403337,0.8001660338568091,-0.10087192192947042
17115,8,7,2761.4900000000002,7.923887725909954,2.0794415416798357,-0.923614968866577,0.654643185938614,0.783528435242544
17116,648,1,389.78,5.968144741786365,0.6931471805599453,2.133891486735566,-1.058145946714099,-0.6257665771424867
17117,288,1,116.19999999999999,4.763881877142913,0.6931471805599453,0.4140441054593605,-1.058145946714099,-1.4935501573571757
17118,318,1,157.02,5.062721607294587,0.6931471805599453,0.557364720565711,-1.058145946714099,-1.27820829259064
17119,3,2,606.91,6.410026844693401,1.0986122886681098,-0.9475017380509687,-0.5571872395918231,-0.307349357321469
17120,233,1,307.46,5.731592175295468,0.6931471805599453,0.15128964443105136,-1.058145946714099,-0.7962247379687118
17121,403,1,314.74,5.754919090103581,0.6931471805599453,0.9634397967003706,-1.058145946714099,-0.7794155227700513
17122,119,4,570.5,6.348264483234865,1.6094379124341003,-0.3933286929730804,0.07394609082159041,-0.3518548923857511
17123,162,3,977.17,6.885683479060033,1.3862943611198906,-0.18790247798731138,-0.20175138038774237,0.035405558770503553
17124,185,1,298.89,5.703415740750875,0.6931471805599453,-0.07802333973910935,-1.058145946714099,-0.8165284839071292
17125,50,1,259.35,5.562026879608908,0.6931471805599453,-0.7229661077176863,-1.058145946714099,-0.9184123298069864
17126,152,9,2070.44,7.635999296579512,2.302585092994046,-0.23567601635609486,0.9303406571479473,0.5760780029146151
17127,429,5,1155.0300000000002,7.052747000452681,1.791759469228055,1.0876509964592076,0.2992073267345332,0.15579038917072366
17128,335,1,157.09,5.063164491108096,0.6931471805599453,0.6385797357926429,-1.058145946714099,-1.2778891535450132
17129,520,1,31.85,3.4919517449306197,0.6931471805599453,1.5223901956151373,-1.058145946714099,-2.4100943075755064
17131,5,5,2463.17,7.8096103157799615,1.791759469228055,-0.937947030377212,0.2992073267345332,0.7011809154345425
17132,452,2,1272.8,7.149759837937266,1.0986122886681098,1.1975301347074097,-0.5571872395918231,0.2256971760615443
17133,16,12,14622.33,9.590373477545919,2.5649493574615367,-0.8853961381715503,1.2544959545938104,1.9843866651104782
17134,107,3,637.1,6.458495010874302,1.3862943611198906,-0.45065693901562054,-0.20175138038774237,-0.2724235284100583
17135,16,10,1954.16,7.578227310502864,2.3978952727983707,-0.8853961381715503,1.0480979277381186,0.5344479050467799
17136,662,1,231.68,5.449664119042561,0.6931471805599453,2.200774440451863,-1.058145946714099,-0.9993801662402215
17137,416,6,1133.63,7.034061885579398,1.9459101490553132,1.0255453965797892,0.48966298795922886,0.1423260232440529
17138,276,7,4417.27,8.393503495738775,2.0794415416798357,0.3567158594168203,0.654643185938614,1.1219303456825775
17139,16,25,19584.46,9.882542733186886,3.258096538021482,-0.8853961381715503,2.110890520920167,2.1949218315866488
17140,247,1,465.32,6.144872093737295,0.6931471805599453,0.21817259814734824,-1.058145946714099,-0.4984180565657565
17141,418,4,754.33,6.627154739847439,1.6094379124341003,1.0351001042535457,0.07394609082159041,-0.15088848174922684
17142,239,4,1283.75,7.158319425872339,1.6094379124341003,0.17995376745232144,0.07394609082159041,0.23186515655943946
17143,417,2,924.11,6.82991264936105,1.0986122886681098,1.0303227504166674,-0.5571872395918231,-0.00478251950429758
17144,1,2,984.57,6.893220154004312,1.0986122886681098,-0.9570564457247255,-0.5571872395918231,0.040836435166411715
17145,513,4,3120.91,8.046200272985285,1.6094379124341003,1.488948718756989,0.07394609082159041,0.8716660197537408
17146,106,13,5860.24,8.676116464281632,2.6390573296152584,-0.45543429285249887,1.3460575542855853,1.3255793170637817
17147,23,9,3199.95,8.071202919729155,2.302585092994046,-0.8519546613134018,0.9303406571479473,0.8896827559192807
17148,52,1,124.88,4.835329072196206,0.6931471805599453,-0.7134114000439297,-1.058145946714099,-1.44206579747201
17149,451,1,143.10000000000002,4.970507503005477,0.6931471805599453,1.1927527808705314,-1.058145946714099,-1.3446571451756497
17150,377,6,1375.65,7.227408290676154,1.9459101490553132,0.8392285969415335,0.48966298795922886,0.2816501198034683
17151,735,1,231.90000000000003,5.450609176890295,0.6931471805599453,2.5495212705439823,-1.058145946714099,-0.9986991640216073
17152,195,4,2016.5,7.609614400144104,1.6094379124341003,-0.030249801370325877,0.07394609082159041,0.5570652270792571
17153,24,1,213.78,5.369614248430071,0.6931471805599453,-0.8471773074765234,-1.058145946714099,-1.0570635552704035
17154,75,1,329.34,5.800122427092944,0.6931471805599453,-0.6035322617957277,-1.058145946714099,-0.7468423074347975
17155,18,7,892.46,6.795101565830168,2.0794415416798357,-0.8758414304977935,0.654643185938614,-0.029867148105316994
17156,492,1,591.87,6.384975150681265,0.6931471805599453,1.3886242881825435,-1.058145946714099,-0.3254014366129207
17157,8,19,5151.9,8.547314941968759,2.995732273553991,-0.923614968866577,1.7867352234743035,1.2327658213965715
17158,32,5,1980.0,7.591357046698551,1.791759469228055,-0.8089584767814967,0.2992073267345332,0.543909103110494
17159,22,5,2099.59,7.6499735366327375,1.791759469228055,-0.8567320151502801,0.2992073267345332,0.5861477446796389
17160,31,17,10209.16,9.231138581946796,2.8903717578961645,-0.813735830618375,1.6565606001831652,1.725524457370349
17161,444,1,856.01,6.753449587141137,0.6931471805599453,1.1593113040123828,-1.058145946714099,-0.05988127894916289
17162,29,10,1715.46,7.448019309392898,2.3978952727983707,-0.8232905382921317,1.0480979277381186,0.4406209103820742
17163,22,4,699.78,6.552194000402157,1.6094379124341003,-0.8567320151502801,0.07394609082159041,-0.20490467768218637
17164,33,7,2467.35,7.811305190205457,2.0794415416798357,-0.8041811229446183,0.654643185938614,0.7024022303485468
17165,284,6,1794.32,7.492938558014141,1.9459101490553132,0.3949346901118471,0.48966298795922886,0.4729894135831064
17166,39,2,206.34,5.334359957894966,1.0986122886681098,-0.7755169999233482,-0.5571872395918231,-1.0824675558060668
17167,380,3,867.11,6.7663184347416205,1.3862943611198906,0.8535606584521686,-0.20175138038774237,-0.050608075422048496
17168,499,1,400.2,5.994460056087781,0.6931471805599453,1.422065765040692,-1.058145946714099,-0.606803941716775
17169,58,3,1156.73,7.054216470325016,1.3862943611198906,-0.6847472770226596,-0.20175138038774237,0.1568492791060286
17170,374,2,178.68,5.191177490990133,1.0986122886681098,0.8248965354308985,-0.5571872395918231,-1.1856438617460783
17171,289,2,384.59,5.95477462879015,1.0986122886681098,0.4188214592962389,-0.5571872395918231,-0.6354009890839075
17172,79,3,956.5699999999999,6.864398825432219,1.3862943611198906,-0.5844228464482143,-0.20175138038774237,0.02006798300440008
17173,5,8,3766.6,8.234193472948663,2.1972245773362196,-0.937947030377212,0.8001660338568091,1.007132633322811
17174,218,1,59.9,4.109233174715851,0.6931471805599453,0.07962933687787613,-1.058145946714099,-1.9652855329582923
17175,44,4,1443.69,7.275650044659092,1.6094379124341003,-0.7516302307389565,0.07394609082159041,0.3164127976342299
17176,202,3,902.3199999999999,6.8060768649491035,1.3862943611198906,0.0031916754878225607,-0.20175138038774237,-0.021958422657591355
17177,505,1,119.5,4.791649752930709,0.6931471805599453,1.4507298880619621,-1.058145946714099,-1.4735408160633832
17178,731,1,436.71,6.08155659063452,0.6931471805599453,2.5304118551964687,-1.058145946714099,-0.5440427748716619
17179,178,6,1507.26,7.318711947499455,1.9459101490553132,-0.1114648165972578,0.48966298795922886,0.3474429101742617
17180,56,11,2256.98,7.722225887274455,2.4849066497880004,-0.6943019846964162,1.15560189306089,0.6382122941726269
17181,57,3,465.37,6.144979310497521,1.3862943611198906,-0.689524630859538,-0.20175138038774237,-0.49834079690195715
17182,423,2,321.3,5.775482788821392,1.0986122886681098,1.0589868734379375,-0.5571872395918231,-0.7645974621790339
17183,8,6,3347.31,8.116211019915529,1.9459101490553132,-0.923614968866577,0.48966298795922886,0.9221152849501886
17184,569,2,198.41000000000003,5.2953630067216,1.0986122886681098,1.7564805336221765,-0.5571872395918231,-1.1105684919888827
17185,592,3,229.46,5.440077311585869,1.3862943611198906,1.8663596718703783,-0.20175138038774237,-1.0062883540967493
17186,47,2,144.0,4.976733742420574,1.0986122886681098,-0.7372981692283215,-0.5571872395918231,-1.3401705596555469
17187,227,2,467.71,6.149984240310191,1.0986122886681098,0.12262552140978127,-0.5571872395918231,-0.4947342787246754
17188,11,13,4592.93,8.432491145866956,2.6390573296152584,-0.909282907355942,1.3460575542855853,1.1500245795958748
17189,106,5,957.63,6.865505181875307,1.791759469228055,-0.45543429285249887,0.2992073267345332,0.020865215887156407
17190,59,7,1743.04,7.46395953998572,2.0794415416798357,-0.6799699231857812,0.654643185938614,0.4521073314778389
17191,28,15,4836.05,8.484060309755291,2.772588722239781,-0.82806789212901,1.5110377522649707,1.1871849662369978
17192,536,1,77.83,4.367293635071817,0.6931471805599453,1.5988278570051908,-1.058145946714099,-1.7793289309784972
17193,36,9,2310.04,7.745452918649038,2.302585092994046,-0.7898490614339833,0.9303406571479473,0.6549495340525283
17194,274,3,812.5,6.7013459266590925,1.3862943611198906,0.3471611517430636,-0.20175138038774237,-0.09742682017847436
17195,655,1,562.98,6.335018789876395,0.6931471805599453,2.167332963593714,-1.058145946714099,-0.36139964838754135
17196,428,1,352.9,5.869014387351418,0.6931471805599453,1.0828736426223293,-1.058145946714099,-0.6971992322588422
17197,30,1,1013.01,6.921668046035439,0.6931471805599453,-0.8185131844552533,-1.058145946714099,0.06133579151220534
17198,24,3,1213.88,7.102400585464924,1.3862943611198906,-0.8471773074765234,-0.20175138038774237,0.1915704227808908
17199,582,1,145.12,4.984428201927082,0.6931471805599453,1.818586133501595,-1.058145946714099,-1.334625984783722
17200,387,4,356.71,5.879722602262234,1.6094379124341003,0.887002135310317,0.07394609082159041,-0.6894829658639902
17201,54,4,1242.04,7.125315271202111,1.6094379124341003,-0.703856692370173,0.07394609082159041,0.20808258853167816
17202,421,1,160.65,5.0854335041714425,0.6931471805599453,1.0494321657641807,-1.058145946714099,-1.261842255105045
17203,36,10,5575.88,8.626384759213467,2.3978952727983707,-0.7898490614339833,1.0480979277381186,1.289742990675846
17204,175,9,5504.6900000000005,8.613537381901759,2.302585092994046,-0.12579687810789283,0.9303406571479473,1.2804852584919146
17205,54,3,999.35,6.908105217746425,1.3862943611198906,-0.703856692370173,-0.20175138038774237,0.05156251024942889
17206,53,1,204.24,5.324180026073764,0.6931471805599453,-0.7086340462070513,-1.058145946714099,-1.0898031450212669
17207,652,1,303.21999999999997,5.7177511238835965,0.6931471805599453,2.1530009020830794,-1.058145946714099,-0.8061985049101059
17208,396,1,115.35,4.756602889748301,0.6931471805599453,0.9299983198422221,-1.058145946714099,-1.4987953458679946
17209,649,3,611.6,6.417712194398675,1.3862943611198906,2.138668840572444,-0.20175138038774237,-0.30181134691008
17210,393,1,253.37,5.538789899984021,0.6931471805599453,0.9156662583315871,-1.058145946714099,-0.9351567383279866
17211,27,13,4046.65,8.305891744778615,2.6390573296152584,-0.8328452459658884,1.3460575542855853,1.0587979174152693
17212,253,3,794.41,6.678857704985231,1.3862943611198906,0.24683672116861832,-0.20175138038774237,-0.11363167884326673
17213,40,13,5182.3,8.553197198050425,2.6390573296152584,-0.7707396460864698,1.3460575542855853,1.2370045348802752
17214,60,6,1069.1200000000001,6.975526070700374,1.9459101490553132,-0.6751925693489029,0.48966298795922886,0.10014551556764714
17215,464,1,186.15,5.231910434350438,0.6931471805599453,1.2548583807499498,-1.058145946714099,-1.1562919814717052
17216,554,1,65.05,4.190412030968334,0.6931471805599453,1.684820226069001,-1.058145946714099,-1.9067886046009026
17217,234,2,218.0,5.389071729816501,1.0986122886681098,0.15606699826792972,-0.5571872395918231,-1.0430426273191988
17218,4,18,4192.68,8.341333909075471,2.9444389791664403,-0.9427243842140904,1.7233615276208618,1.084337298498144
17219,32,2,259.13,5.561181506057179,1.0986122886681098,-0.8089584767814967,-0.5571872395918231,-0.919021500203979
17220,24,21,4481.75,8.407991976372474,3.091042453358316,-0.8471773074765234,1.9044924940644754,1.1323706456912506
17221,7,5,978.52,6.887062655757048,1.791759469228055,-0.9283923227034554,0.2992073267345332,0.03639938406149508
17222,65,6,1605.01,7.381508121137384,1.9459101490553132,-0.6513058001645111,0.48966298795922886,0.39269340322125845
17223,310,3,873.53,6.773686599187567,1.3862943611198906,0.5191458898706842,-0.20175138038774237,-0.0452986265382229
17224,501,1,100.86,4.623599321456458,0.6931471805599453,1.4316204727144486,-1.058145946714099,-1.5946368071155737
17225,582,1,131.15,4.883937641050299,0.6931471805599453,1.818586133501595,-1.058145946714099,-1.4070387953549883
17226,309,3,900.12,6.803638434089568,1.3862943611198906,0.5143685360338058,-0.20175138038774237,-0.0237155392502549
17227,19,12,2022.03,7.612351666518986,2.5649493574615367,-0.8710640766609151,1.2544959545938104,0.5590376824995275
17228,16,13,3177.24,8.064082863439692,2.6390573296152584,-0.8853961381715503,1.3460575542855853,0.8845520920753623
17229,96,2,318.76,5.767570714403068,1.0986122886681098,-0.5032078312212823,-0.5571872395918231,-0.7702988488673058
17230,264,18,9924.95,9.202907818858858,2.9444389791664403,0.29938761337428016,1.7233615276208618,1.7051815626553342
17231,12,25,7197.04,8.88156404572273,3.258096538021482,-0.9045055535190636,2.110890520920167,1.4736234384958489
17232,3,2,421.52,6.046236782954962,1.0986122886681098,-0.9475017380509687,-0.5571872395918231,-0.5694939866133241
17233,35,3,560.86,6.331252708540276,1.3862943611198906,-0.7946264152708616,-0.20175138038774237,-0.36411346082931634
17234,183,1,149.89000000000001,5.0165510945255605,0.6931471805599453,-0.08757804741286605,-1.058145946714099,-1.311478448174916
17235,25,8,1904.8799999999999,7.552699123155541,2.1972245773362196,-0.842399953639645,0.8001660338568091,0.5160524679183502
17236,13,12,1929.26,7.5654099878515835,2.5649493574615367,-0.8997281996821853,1.2544959545938104,0.5252118300455064
17237,11,4,1002.08,6.910830545499065,1.6094379124341003,-0.909282907355942,0.07394609082159041,0.05352636278020057
17238,3,32,7783.1,8.959838470648686,3.4965075614664802,-0.9475017380509687,2.4054512011867506,1.5300274535126226
17239,313,4,1189.45,7.082086665884911,1.6094379124341003,0.5334779513813193,0.07394609082159041,0.17693235132748267
17240,596,1,130.6,4.879767018891217,0.6931471805599453,1.8854690872178919,-1.058145946714099,-1.4100441171457605
17241,385,12,2744.14,7.917587354464576,2.5649493574615367,0.8774474276365603,1.2544959545938104,0.7789884306886619
17242,108,5,2889.28,7.9691086622265,1.791759469228055,-0.44587958517874215,0.2992073267345332,0.8161143325325438
17243,1,69,20889.86,9.947067021726209,4.248495242049359,-0.9570564457247255,3.3345441581476316,2.2414175924071382
17244,53,5,1826.04,7.510452449953338,1.791759469228055,-0.7086340462070513,0.2992073267345332,0.4856098042774494
17245,205,2,371.63,5.920585970224212,1.0986122886681098,0.017523736998457606,-0.5571872395918231,-0.6600371025140691
17246,547,2,38.92,3.686877451443263,1.0986122886681098,1.6513787492108527,-0.5571872395918231,-2.2696321772220136
17247,15,1,282.19,5.646118050461663,0.6931471805599453,-0.8901734920084285,-1.058145946714099,-0.8578168074758598
17248,120,2,546.16,6.304741264221244,1.0986122886681098,-0.388551339136202,-0.5571872395918231,-0.383217426203723
17249,429,1,68.03,4.234541192715384,0.6931471805599453,1.0876509964592076,-1.058145946714099,-1.8749894325953236
17250,4,2,384.52,5.954593072332077,1.0986122886681098,-0.9427243842140904,-0.5571872395918231,-0.6355318174253132
17251,363,3,812.4300000000001,6.701259875015761,1.3862943611198906,0.7723456432252367,-0.20175138038774237,-0.09748882840385958
17252,117,2,353.86,5.871723345495433,1.0986122886681098,-0.40288340064683703,-0.5571872395918231,-0.6952471755560378
17253,18,1,178.26,5.188837265929216,0.6931471805599453,-0.8758414304977935,-1.058145946714099,-1.1873302119122207
17254,5,3,470.73,6.156406788013439,1.3862943611198906,-0.937947030377212,-0.20175138038774237,-0.4901062347953509
17255,41,4,799.13,6.684774214466232,1.6094379124341003,-0.7659622922495916,0.07394609082159041,-0.10936828259437745
17256,107,5,498.93,6.214468088621277,1.791759469228055,-0.45065693901562054,0.2992073267345332,-0.4482676588559458
17257,436,2,192.73,5.266465437098854,1.0986122886681098,1.121092473317356,-0.5571872395918231,-1.1313918829303236
17258,397,2,417.3,6.036198878448153,1.0986122886681098,0.9347756736791005,-0.5571872395918231,-0.5767272319175796
17259,148,6,1889.34,7.544511986054564,1.9459101490553132,-0.25478543170360823,0.48966298795922886,0.5101528729430472
17260,411,1,120.95,4.80361112466193,0.6931471805599453,1.0016586273953973,-1.058145946714099,-1.4649215334383474
17261,510,1,230.44,5.44432066066788,0.6931471805599453,1.474616657246354,-1.058145946714099,-1.003230625782941
17262,52,11,2757.62,7.922485833669513,2.4849066497880004,-0.7134114000439297,1.15560189306089,0.7825182412863887
17263,208,1,63.440000000000005,4.165734558308774,0.6931471805599453,0.03185579850909265,-1.058145946714099,-1.9245710225462598
17264,424,1,279.59,5.636894529114569,0.6931471805599453,1.0637642272748158,-1.058145946714099,-0.8644632138475596
17265,139,2,562.9,6.334876930813136,1.0986122886681098,-0.29778161623551336,-0.5571872395918231,-0.3615018710578694
17266,2,5,517.73,6.2513835165848075,1.791759469228055,-0.9522790918878471,0.2992073267345332,-0.42166665405552395
17267,127,2,317.62,5.763999170144749,1.0986122886681098,-0.3551098622780536,-0.5571872395918231,-0.7728724792219187
17268,108,11,1733.8899999999999,7.458699289794689,2.4849066497880004,-0.44587958517874215,1.15560189306089,0.448316831182914
17269,386,1,537.46,6.2887132134289745,0.6931471805599453,0.8822247814734386,-1.058145946714099,-0.39476712993430885
17270,469,2,604.4,6.405889396587618,1.0986122886681098,1.2787451499343416,-0.5571872395918231,-0.310330774116424
17271,736,1,210.39,5.353704768627595,0.6931471805599453,2.5542986243808605,-1.058145946714099,-1.0685278175570538
17272,42,4,2148.63,7.673051013288749,1.6094379124341003,-0.7611849384127132,0.07394609082159041,0.6027772164526506
17273,424,1,141.12,4.956671771152826,0.6931471805599453,1.0637642272748158,-1.058145946714099,-1.354627078879068
17274,35,2,577.38,6.360231092100106,1.0986122886681098,-0.7946264152708616,-0.5571872395918231,-0.3432318359177745
17275,383,1,114.52,4.749443675144516,0.6931471805599453,0.8678927199628036,-1.058145946714099,-1.5039542269252772
17276,402,1,508.39,6.2332139314143085,0.6931471805599453,0.9586624428634922,-1.058145946714099,-0.43475953280582874
17277,228,2,1065.3500000000001,6.9719968810436015,1.0986122886681098,0.1274028752466596,-0.5571872395918231,0.09760240564910179
17278,241,2,271.24,5.606684030192651,1.0986122886681098,0.18950847512607816,-0.5571872395918231,-0.8862326926583973
17279,58,1,187.82999999999998,5.240847139393487,0.6931471805599453,-0.6847472770226596,-1.058145946714099,-1.149852252966189
17280,438,1,118.85999999999999,4.786324395030039,0.6931471805599453,1.1306471809911127,-1.058145946714099,-1.4773782325283809
17281,374,6,797.8499999999999,6.68317319347358,1.9459101490553132,0.8248965354308985,0.48966298795922886,-0.11052196736685757
17282,130,5,2339.66,7.758188219864813,1.791759469228055,-0.34077780076741854,0.2992073267345332,0.6641265049685998
17283,379,1,188.46,5.244177920447388,0.6931471805599453,0.8487833046152902,-1.058145946714099,-1.1474521149292816
17284,60,8,2793.16,7.935286803746374,2.1972245773362196,-0.6751925693489029,0.8001660338568091,0.791742532734426
17285,628,2,428.34,6.062249145825942,1.0986122886681098,2.038344409997999,-0.5571872395918231,-0.5579555874914762
17286,22,3,395.48,5.9826255984407775,1.3862943611198906,-0.8567320151502801,-0.20175138038774237,-0.6153317709211208
17287,26,21,4111.96,8.321898242921767,3.091042453358316,-0.8376225998027668,1.9044924940644754,1.0703320904543732
17288,9,11,2499.98,7.824437934044365,2.4849066497880004,-0.9188376150296986,1.15560189306089,0.7118655956993869
17289,32,9,2079.39,7.6403106551194355,2.302585092994046,-0.8089584767814967,0.9303406571479473,0.5791847383784473
17290,4,8,1501.44,7.314845732167742,2.1972245773362196,-0.9427243842140904,0.8001660338568091,0.3446569418604179
17291,308,1,550.8000000000001,6.313185661783185,0.6931471805599453,0.5095911821969275,-1.058145946714099,-0.37713245110052795
17292,472,2,271.75,5.60855562471318,1.0986122886681098,1.2930772114449767,-0.5571872395918231,-0.8848840344531009
17293,8,17,3774.23,8.23621658697946,2.8903717578961645,-0.923614968866577,1.6565606001831652,1.0085904754504489
17294,669,2,467.78999999999996,6.150154906977272,1.0986122886681098,2.2342159173100113,-0.5571872395918231,-0.4946112974921467
17295,29,3,556.95,6.324269352631711,1.3862943611198906,-0.8232905382921317,-0.20175138038774237,-0.3691456193141192
17296,730,1,338.13,5.826383514696429,0.6931471805599453,2.5256345013595904,-1.058145946714099,-0.7279187473965735
17297,17,1,131.78,4.888693623291013,0.6931471805599453,-0.8806187843346719,-1.058145946714099,-1.4036116670946588
17298,101,5,957.5600000000001,6.865432158335615,1.791759469228055,-0.4793210620368906,0.2992073267345332,0.020812595624110915
17299,12,6,1016.08,6.924691055688339,1.9459101490553132,-0.9045055535190636,0.48966298795922886,0.06351415158344628
17300,391,2,393.64,5.977973956925482,1.0986122886681098,0.9061115506578303,-0.5571872395918231,-0.6186837119686538
17301,21,2,330.43,5.803416625940581,1.0986122886681098,-0.8615093689871585,-0.5571872395918231,-0.7444685302854145
17302,15,5,1135.63,7.035823023024634,1.791759469228055,-0.8901734920084285,0.2992073267345332,0.14359508683668482
17303,361,1,250.04,5.525612288984722,0.6931471805599453,0.7627909355514799,-1.058145946714099,-0.9446524346476052
17304,534,1,111.5,4.722953221644475,0.6931471805599453,1.5892731493314343,-1.058145946714099,-1.5230430664591463
17305,649,1,2135.46,7.666905532699596,0.6931471805599453,2.138668840572444,-1.058145946714099,0.5983488251899394
17306,11,21,9782.35,9.188437240164195,3.091042453358316,-0.909282907355942,1.9044924940644754,1.6947541626614375
17307,395,11,3999.8900000000003,8.294272115352573,2.4849066497880004,0.9252209660053438,1.15560189306089,1.050424891957008
17308,393,2,4511.76,8.41466421870983,1.0986122886681098,0.9156662583315871,-0.5571872395918231,1.137178617865404
17309,95,3,330.59000000000003,5.803899265990974,1.3862943611198906,-0.5079851850581607,-0.20175138038774237,-0.7441207431675173
17310,387,2,1025.1,6.933520486868163,1.0986122886681098,0.887002135310317,-0.5571872395918231,0.0698765792771336
17311,78,6,3566.56,8.179637167709913,1.9459101490553132,-0.5892002002850927,0.48966298795922886,0.9678197330637928
17312,139,3,644.3,6.469715324941794,1.3862943611198906,-0.29778161623551336,-0.20175138038774237,-0.26433824686689217
17313,31,1,2328.84,7.7535548746739895,0.6931471805599453,-0.813735830618375,-1.058145946714099,0.6607877481272902
17314,25,17,4904.43,8.498098033804354,2.8903717578961645,-0.842399953639645,1.6565606001831652,1.1973004541350392
17315,2,43,9650.6,9.174878983698024,3.784189633918261,-0.9522790918878471,2.7608870603908318,1.6849841758229196
17316,420,1,124.45,4.8319072728124315,0.6931471805599453,1.0446548119273025,-1.058145946714099,-1.44453152269464
17317,46,3,2600.34,7.863781975859922,1.3862943611198906,-0.7420755230651997,-0.20175138038774237,0.7402166430240331
17318,725,1,164.28,5.107641005371328,0.6931471805599453,2.5017477321751986,-1.058145946714099,-1.245839681692998
17319,669,1,29.1,3.40452517175483,0.6931471805599453,2.2342159173100113,-1.058145946714099,-2.4730932979984575
17320,100,6,2895.77,7.971351602142627,1.9459101490553132,-0.48409841587376895,0.48966298795922886,0.8177305796890144
17321,8,6,1741.18,7.462892481580637,1.9459101490553132,-0.923614968866577,0.48966298795922886,0.4513384164923755
17322,376,5,922.59,6.828268250223805,1.791759469228055,0.8344512431046551,0.2992073267345332,-0.005967462270960669
17323,15,12,1565.59,7.356656561662414,2.5649493574615367,-0.8901734920084285,1.2544959545938104,0.3747855395078887
17324,18,12,2301.87,7.741911450116271,2.5649493574615367,-0.8758414304977935,1.2544959545938104,0.6523975760599585
17325,280,3,609.5699999999999,6.414392947092451,1.3862943611198906,0.37582527476433375,-0.20175138038774237,-0.3042031738073294
17326,408,2,321.95,5.777497512478481,1.0986122886681098,0.9873265658847623,-0.5571872395918231,-0.7631456660972794
17327,410,2,152.35,5.032722890560261,1.0986122886681098,0.996881273558519,-0.5571872395918231,-1.2998251626061967
17328,673,1,104.7,4.660604892876192,0.6931471805599453,2.2533253326575244,-1.058145946714099,-1.5679708455574097
17329,14,5,1004.4300000000001,6.913170589683406,1.791759469228055,-0.8949508458453069,0.2992073267345332,0.055212582607919905
17330,23,4,423.8,6.051618469927729,1.6094379124341003,-0.8519546613134018,0.07394609082159041,-0.565615979804399
17331,124,1,175.2,5.171619713502079,0.6931471805599453,-0.3694419237886886,-1.058145946714099,-1.1997370623818466
17332,528,5,838.27,6.732532466377506,1.791759469228055,1.5606090263101642,0.2992073267345332,-0.07495401304814286
17333,86,1,494.25,6.20506268557866,0.6931471805599453,-0.5509813695900658,-1.058145946714099,-0.4550451279329319
17334,302,3,635.15,6.45543438458871,1.3862943611198906,0.48092705917565737,-0.20175138038774237,-0.27462899476942865
17335,384,2,508.0,6.2324480165505225,1.0986122886681098,0.872670073799682,-0.5571872395918231,-0.4353114458159776
17336,472,1,81.12,4.408181592150733,0.6931471805599453,1.2930772114449767,-1.058145946714099,-1.7498653488791591
17337,151,4,2027.8700000000001,7.615234266802261,1.6094379124341003,-0.2404533701929732,0.07394609082159041,0.5611148645397533
17338,17,17,12142.57,9.40455509057637,2.8903717578961645,-0.8806187843346719,1.6565606001831652,1.8504872069038223
17339,94,3,362.36,5.895394078357248,1.3862943611198906,-0.5127625388950391,-0.20175138038774237,-0.6781902074204199
17340,30,18,22404.82,10.017076025523961,2.9444389791664403,-0.8185131844552533,1.7233615276208618,2.2918656015142393
17341,157,5,1889.83,7.5447711650931915,1.791759469228055,-0.2117892471717031,0.2992073267345332,0.5103396355848756
17342,380,4,1227.54,7.113581751463728,1.6094379124341003,0.8535606584521686,0.07394609082159041,0.1996274944936263
17343,355,6,1259.94,7.1396127535481995,1.9459101490553132,0.7341268125302098,0.48966298795922886,0.21838525648118626
17344,46,2,468.11,6.150837282523528,1.0986122886681098,-0.7420755230651997,-0.5571872395918231,-0.49411958234260017
17345,15,10,1604.68,7.381302621851238,2.3978952727983707,-0.8901734920084285,1.0480979277381186,0.3925453218417698
17346,4,26,5323.0,8.579980179515003,3.295836866004329,-0.9427243842140904,2.1575193073054413,1.2563041680637963
17347,86,1,228.96,5.43790538075509,0.6931471805599453,-0.5509813695900658,-1.058145946714099,-1.0078534325921902
17348,15,9,2476.41,7.8149689386018215,2.302585092994046,-0.8901734920084285,0.9303406571479473,0.7050423023741379
17349,179,5,852.25,6.749052587786816,1.791759469228055,-0.10668746276037945,0.2992073267345332,-0.06304972659786123
17350,8,7,1906.041,7.553308105107111,2.0794415416798357,-0.923614968866577,0.654643185938614,0.5164912961457536
17351,36,12,1988.23,7.595502908166634,2.5649493574615367,-0.7898490614339833,1.2544959545938104,0.546896582516755
17352,696,1,36.25,3.6176519448255684,0.6931471805599453,2.3632044709057265,-1.058145946714099,-2.3195156036221665
17353,129,4,3242.0,8.084254106307318,1.6094379124341003,-0.34555515460429687,0.07394609082159041,0.8990873516660755
17354,51,4,3143.46,8.05339745327934,1.6094379124341003,-0.718188753880808,0.07394609082159041,0.8768522586276554
17355,386,1,285.11,5.656376352258931,0.6931471805599453,0.8822247814734386,-1.058145946714099,-0.8504247453921452
17356,312,5,946.47,6.853795274186192,1.791759469228055,0.5287005975444409,0.2992073267345332,0.012427136530244519
17357,24,2,388.14,5.96393917604323,1.0986122886681098,-0.8471773074765234,-0.5571872395918231,-0.6287970790408303
17358,303,5,866.05,6.765096645244558,1.791759469228055,0.48570441301253575,0.2992073267345332,-0.05148848857366016
17359,11,2,284.46,5.654101914201623,1.0986122886681098,-0.909282907355942,-0.5571872395918231,-0.8520636898936284
17360,17,6,1231.3799999999999,7.116702538093588,1.9459101490553132,-0.8806187843346719,0.48966298795922886,0.20187631198543576
17361,49,5,880.64,6.781783809420187,1.791759469228055,-0.7277434615545647,0.2992073267345332,-0.03946383224894256
17362,239,7,1024.04,6.932486915201321,2.0794415416798357,0.17995376745232144,0.654643185938614,0.06913179460611704
17363,395,3,940.86,6.8478566435737855,1.3862943611198906,0.9252209660053438,-0.20175138038774237,0.008147799945426495
17364,1,28,12070.42,9.398595954230528,3.367295829986474,-0.9570564457247255,2.245808014503504,1.8461930940277989
17365,13,15,8224.98,9.015052717472072,2.772588722239781,-0.8997281996821853,1.5110377522649707,1.5698144619756307
17366,432,2,1096.24,7.000553214833489,1.0986122886681098,1.1019830579698426,-0.5571872395918231,0.11817990438425623
17367,238,1,168.4,5.132262782217954,0.6931471805599453,0.1751764136154431,-1.058145946714099,-1.228097397769348
17368,23,14,2826.14,7.947020878929368,2.70805020110221,-0.8519546613134018,1.4312993642702228,0.8001980270220634
17369,456,1,979.1999999999999,6.887756632475447,0.6931471805599453,1.216639550054923,-1.058145946714099,0.03689945893630734
17370,73,4,446.18,6.102961198121657,1.6094379124341003,-0.6130869694694844,0.07394609082159041,-0.5286187611753018
17371,17,6,662.55,6.497604208883258,1.9459101490553132,-0.8806187843346719,0.48966298795922886,-0.24424170792555328
17372,41,28,4377.56,8.384475182191446,3.367295829986474,-0.7659622922495916,2.245808014503504,1.1154246047156984
17373,40,7,1167.5,7.063476153978913,2.0794415416798357,-0.7707396460864698,0.654643185938614,0.16352174378857395
17374,219,3,727.11,6.5904521356834955,1.3862943611198906,0.08440669071475448,-0.20175138038774237,-0.17733612717589164
17375,199,4,660.55,6.49458556648842,1.6094379124341003,-0.011140386022812485,0.07394609082159041,-0.24641692098051737
17376,71,4,453.64,6.119505896988866,1.6094379124341003,-0.622641677143241,0.07394609082159041,-0.5166967643770276
17377,24,78,18319.41,9.81577101789036,4.3694478524670215,-0.8471773074765234,3.48398306701111,2.1468065904227096
17378,374,1,10.95,2.4807312783775197,0.6931471805599453,0.8248965354308985,-1.058145946714099,-3.138772856599457
17379,11,1,404.66,6.005515370330642,0.6931471805599453,-0.909282907355942,-1.058145946714099,-0.5988375579182439
17380,434,3,645.0,6.470799503782602,1.3862943611198906,1.1115377656435994,-0.20175138038774237,-0.2635569950125908
17381,9,38,40002.37,10.59671897954724,3.6635616461296463,-0.9188376150296986,2.611849228042442,2.7095523480348715
17382,65,8,902.28,6.806032582872267,2.1972245773362196,-0.6513058001645111,0.8001660338568091,-0.021990332019164078
17383,4,2,309.99,5.739760757321436,1.0986122886681098,-0.9427243842140904,-0.5571872395918231,-0.790338513653499
17384,19,3,507.55,6.2315635390716055,1.3862943611198906,-0.8710640766609151,-0.20175138038774237,-0.43594879423533706
17385,15,1,261.11,5.568764262978113,0.6931471805599453,-0.8901734920084285,-1.058145946714099,-0.9135574174510045
17386,8,7,2812.77,7.942280500147702,2.0794415416798357,-0.923614968866577,0.654643185938614,0.7967821425075597
17387,20,2,784.11,6.6658238353540185,1.0986122886681098,-0.8662867228240368,-0.5571872395918231,-0.12302379611657796
17388,78,11,2691.57,7.898251406835588,2.4849066497880004,-0.5892002002850927,1.15560189306089,0.7650550791314873
17389,1,61,57224.68,10.954758027668472,4.127134385045092,-0.9570564457247255,3.184600854015305,2.967552836264898
17390,421,1,149.3,5.012633296758929,0.6931471805599453,1.0494321657641807,-1.058145946714099,-1.3143015864384142
17391,164,2,508.8,6.234018491942015,1.0986122886681098,-0.17834777031355467,-0.5571872395918231,-0.4341797719946878
17392,307,3,626.56,6.441839283964755,1.3862943611198906,0.5048138283600492,-0.20175138038774237,-0.2844255312559436
17393,411,2,381.15,5.945813201688893,1.0986122886681098,1.0016586273953973,-0.5571872395918231,-0.6418585321354107
17394,219,1,203.86999999999998,5.3223756316411075,0.6931471805599453,0.08440669071475448,-1.058145946714099,-1.0911033793030518
17395,508,1,97.5,4.590056548178043,0.6931471805599453,1.4650619495725972,-1.058145946714099,-1.6188075000269513
17396,39,14,8807.1,9.083427031653235,2.70805020110221,-0.7755169999233482,1.4312993642702228,1.6190845249302173
17397,22,3,1233.18,7.118162060926628,1.3862943611198906,-0.8567320151502801,-0.20175138038774237,0.2029280341522861
17398,115,3,653.38,6.483688222474311,1.3862943611198906,-0.41243810832059374,-0.20175138038774237,-0.254269472513105
17400,126,8,4677.05,8.45063663541535,2.1972245773362196,-0.3598872161149319,0.8001660338568091,1.1631000952057622
17401,541,1,114.85,4.752296250878385,0.6931471805599453,1.6227146261895826,-1.058145946714099,-1.5018986803699133
17402,5,23,5096.18,8.536442724607598,3.1780538303479458,-0.937947030377212,2.0119964593872464,1.2249313759581715
17403,36,2,400.57,5.995381864392027,1.0986122886681098,-0.7898490614339833,-0.5571872395918231,-0.6061396929601154
17404,4,23,47781.12,10.77440678992478,3.1780538303479458,-0.9427243842140904,2.0119964593872464,2.837592968381977
17405,1,3,1031.41,6.9396511539657,1.3862943611198906,-0.9570564457247255,-0.20175138038774237,0.07429429603914647
17406,333,13,4905.05,8.49822441636862,2.6390573296152584,0.6290250281188862,1.3460575542855853,1.1973915245460895
17407,412,1,552.9,6.316984165039059,0.6931471805599453,1.0064359812322756,-1.058145946714099,-0.3743952756452218
17408,163,3,316.09000000000003,5.759185645253913,1.3862943611198906,-0.18312512415043303,-0.20175138038774237,-0.7763410723221958
17409,185,10,7793.51,8.961174918707844,2.3978952727983707,-0.07802333973910935,1.0480979277381186,1.5309904888395405
17410,16,5,1214.72,7.1030917728535865,1.791759469228055,-0.8853961381715503,0.2992073267345332,0.19206848768378093
17411,12,5,1425.38,7.262895045138237,1.791759469228055,-0.9045055535190636,0.2992073267345332,0.3072216322543012
17412,3,16,4417.52,8.39356007737081,2.833213344056216,-0.9475017380509687,1.5859404542672264,1.121971118019467
17413,405,2,560.14,6.329970428756386,1.0986122886681098,0.9729945043741273,-0.5571872395918231,-0.3650374628677172
17414,44,6,2249.52,7.7189165796075185,1.9459101490553132,-0.7516302307389565,0.48966298795922886,0.6358276297114371
17415,80,1,507.84,6.23213362528801,0.6931471805599453,-0.5796454926113359,-1.058145946714099,-0.43553799400855353
17416,30,22,17298.45,9.758429988072983,3.1354942159291497,-0.8185131844552533,1.9594133665673954,2.105487036686531
17417,549,1,164.18,5.1070357883825706,0.6931471805599453,1.6609334568846095,-1.058145946714099,-1.2462757969139604
17418,42,3,670.0600000000001,6.508858551752005,1.3862943611198906,-0.7611849384127132,-0.20175138038774237,-0.23613190546104207
17419,11,18,6500.52,8.779791274699825,2.9444389791664403,-0.909282907355942,1.7233615276208618,1.4002866760666812
17420,50,6,1084.43,6.989731500827217,1.9459101490553132,-0.7229661077176863,0.48966298795922886,0.11038185131782509
17421,386,3,1059.41,6.966410904774026,1.3862943611198906,0.8822247814734386,-0.20175138038774237,0.09357718937072591
17422,16,11,3594.76,8.187510652541107,2.4849066497880004,-0.8853961381715503,1.15560189306089,0.973493312359624
17423,46,3,1118.95,7.0210393204354755,1.3862943611198906,-0.7420755230651997,-0.20175138038774237,0.1329420519069332
17425,19,2,759.17,6.63354209247732,1.0986122886681098,-0.8710640766609151,-0.5571872395918231,-0.14628579914895176
17426,8,13,8077.77,8.996994912204553,2.6390573296152584,-0.923614968866577,1.3460575542855853,1.5568021310585705
17427,72,1,100.8,4.623010104116422,0.6931471805599453,-0.6178643233063628,-1.058145946714099,-1.5950613930991435
17428,1,45,31819.760000000002,10.367874185956017,3.828641396489095,-0.9570564457247255,2.8158079328937515,2.5446483556204917
17429,128,5,1357.46,7.2141069841929415,1.791759469228055,-0.3503325084411752,0.2992073267345332,0.2720652893645157
17430,33,4,735.17,6.601461070318374,1.6094379124341003,-0.8041811229446183,0.07394609082159041,-0.169403164205525
17431,313,1,403.3,6.002157176646725,0.6931471805599453,0.5334779513813193,-1.058145946714099,-0.6012574493087719
17432,18,9,1751.39,7.468735849463749,2.302585092994046,-0.8758414304977935,0.9303406571479473,0.45554910740628973
17433,88,2,569.96,6.347319154662812,1.0986122886681098,-0.5414266619163092,-0.5571872395918231,-0.35253608968645683
17434,2,7,2373.82,7.77267692412289,2.0794415416798357,-0.9522790918878471,0.654643185938614,0.67456696611947
17435,411,1,331.35,5.806188630487591,0.6931471805599453,1.0016586273953973,-1.058145946714099,-0.742471042776001
17436,2,5,534.06,6.282378890140428,1.791759469228055,-0.9522790918878471,0.2992073267345332,-0.3993315999540665
17437,530,1,373.17,5.924710239594586,0.6931471805599453,1.5701637339839207,-1.058145946714099,-0.6570651822256754
17438,254,5,1422.77,7.261063562072737,1.791759469228055,0.25161407500549665,0.2992073267345332,0.30590187808904057
17439,656,1,325.74,5.789164747598362,0.6931471805599453,2.1721103174305925,-1.058145946714099,-0.7547383363017747
17440,157,4,323.58,5.7825320388877355,1.6094379124341003,-0.2117892471717031,0.07394609082159041,-0.7595178208150108
17441,732,1,293.35,5.68476953547427,0.6931471805599453,2.535189209033347,-1.058145946714099,-0.8299648118446687
17442,37,15,4620.3,8.438431329775756,2.772588722239781,-0.7850717075971049,1.5110377522649707,1.1543050354754458
17443,220,1,534.24,6.282715244436788,0.6931471805599453,0.08918404455163283,-1.058145946714099,-0.39908922534957975
17444,148,3,2940.04,7.9865185392775535,1.3862943611198906,-0.25478543170360823,-0.20175138038774237,0.8286597708102026
17446,177,2,120.9,4.803201036487226,1.0986122886681098,-0.11624217043413615,-0.5571872395918231,-1.4652170401710518
17447,40,2,541.53,6.296243383424822,1.0986122886681098,-0.7707396460864698,-0.5571872395918231,-0.38934094095973093
17448,497,46,14556.97,9.585893888953454,3.8501476017100584,1.4125110573669353,2.842379197713229,1.9811587042218817
17449,2,13,4951.15,8.507577104697274,2.6390573296152584,-0.9522790918878471,1.3460575542855853,1.2041310077608898
17450,8,51,246973.09,12.417038711322427,3.9512437185814275,-0.923614968866577,2.9672850872465237,4.02126229139761
17451,1,7,1721.4,7.451473946050153,2.0794415416798357,-0.9570564457247255,0.654643185938614,0.44311029791928835
17453,18,2,486.71999999999997,6.189741470692064,1.0986122886681098,-0.8758414304977935,-0.5571872395918231,-0.4660854905463434
17454,192,10,1547.94,7.345326104999135,2.3978952727983707,-0.04458186288096092,1.0480979277381186,0.36662088996383807
17455,204,1,131.7,4.888090941338162,0.6931471805599453,0.012746383161579257,-1.058145946714099,-1.404045955586093
17456,365,2,1225.42,7.111854635317653,1.0986122886681098,0.7819003508989933,-0.5571872395918231,0.19838294641638313
17457,127,14,5984.8099999999995,8.69714694718053,2.70805020110221,-0.3551098622780536,1.4312993642702228,1.3407337391417657
17458,15,2,529.58,6.2739707478156985,1.0986122886681098,-0.8901734920084285,-0.5571872395918231,-0.4053904497813991
17459,43,2,657.3,6.489660754473831,1.0986122886681098,-0.7564075845758348,-0.5571872395918231,-0.2499657068206998
17460,94,16,2228.27,7.709429456601973,2.833213344056216,-0.5127625388950391,1.5859404542672264,0.628991273788325
17461,23,3,757.46,6.6312900617355215,1.3862943611198906,-0.8519546613134018,-0.20175138038774237,-0.14790859709219842
17462,60,2,675.69,6.517213265531828,1.0986122886681098,-0.6751925693489029,-0.5571872395918231,-0.23011155587758966
17463,16,7,2557.91,7.847336665553033,2.0794415416798357,-0.8853961381715503,0.654643185938614,0.7283662649422689
17464,158,3,1000.94,6.909693399612396,1.3862943611198906,-0.20701189333482475,-0.20175138038774237,0.05270694323507317
17465,426,7,2542.79,7.841410373882996,2.0794415416798357,1.0733189349485726,0.654643185938614,0.7240958197148941
17466,10,2,763.28,6.638934214171274,1.0986122886681098,-0.9140602611928204,-0.5571872395918231,-0.14240027315133816
17467,395,1,102.6,4.640537329825382,0.6931471805599453,0.9252209660053438,-1.058145946714099,-1.5824313941815438
17468,10,3,194.8,5.27709373009641,1.3862943611198906,-0.9140602611928204,-0.20175138038774237,-1.1237332077193094
17469,16,17,5051.25,8.527588967598358,2.8903717578961645,-0.8853961381715503,1.6565606001831652,1.2185514192382543
17470,45,11,2804.87,7.939468930294802,2.4849066497880004,-0.7468528769020781,1.15560189306089,0.7947561445094433
17471,475,1,321.65000000000003,5.776568144381849,0.6931471805599453,1.3074092729556117,-1.058145946714099,-0.7638153623886051
17472,191,4,935.1,6.841722308377699,1.6094379124341003,-0.04935921671783927,0.07394609082159041,0.0037274399766975613
17473,409,2,607.0,6.410174881966167,1.0986122886681098,0.9921039197216407,-0.5571872395918231,-0.30724268267564364
17474,600,1,1047.0,6.954638864880987,0.6931471805599453,1.9045785025654052,-1.058145946714099,0.08509433797279972
17475,79,1,194.37,5.274895196603544,0.6931471805599453,-0.5844228464482143,-1.058145946714099,-1.1253174559110244
17476,396,2,489.86,6.1961589547536615,1.0986122886681098,0.9299983198422221,-0.5571872395918231,-0.4614610954425445
17477,613,2,1144.3,7.04342189040367,1.0986122886681098,1.9666841024448236,-0.5571872395918231,0.14907077867553326
17478,408,2,1272.8,7.149759837937266,1.0986122886681098,0.9873265658847623,-0.5571872395918231,0.2256971760615443
17479,633,1,389.26000000000005,5.9668131836668525,0.6931471805599453,2.062231179182391,-1.058145946714099,-0.6267260888123554
17480,78,2,902.03,6.80575577545649,1.0986122886681098,-0.5892002002850927,-0.5571872395918231,-0.022189797548946323
17481,4,4,1255.59,7.136156981955326,1.6094379124341003,-0.9427243842140904,0.07394609082159041,0.21589505111713053
17482,487,2,778.19,6.6582549185704085,1.0986122886681098,1.3647375189981519,-0.5571872395918231,-0.12847790576129636
17483,65,4,591.73,6.384738983338736,1.6094379124341003,-0.6513058001645111,0.07394609082159041,-0.3255716171839954
17484,576,2,209.57,5.34981813941044,1.0986122886681098,1.7899220104803248,-0.5571872395918231,-1.071328495977067
17486,261,1,396.87,5.986125318762377,0.6931471805599453,0.2850555518636451,-1.058145946714099,-0.6128098964038602
17487,728,1,160.55,5.084814692270507,0.6931471805599453,2.516079793685834,-1.058145946714099,-1.2622881667267007
17488,641,1,336.5,5.821565510312585,0.6931471805599453,2.1004500098774175,-1.058145946714099,-0.7313905683888621
17489,59,2,376.64,5.933941360864316,1.0986122886681098,-0.6799699231857812,-0.5571872395918231,-0.6504132994017257
17490,1,9,2750.5,7.919901496499813,2.302585092994046,-0.9570564457247255,0.9303406571479473,0.7806559856049698
17491,1,17,5981.07,8.69652194089341,2.8903717578961645,-0.9570564457247255,1.6565606001831652,1.34028336388781
17492,248,3,1122.42,7.024132883037598,1.3862943611198906,0.22294995198422657,-0.20175138038774237,0.1351712519506324
17493,385,1,100.91000000000001,4.6240900708406025,0.6931471805599453,0.8774474276365603,-1.058145946714099,-1.5942831764672627
17494,502,1,54.699999999999996,4.019980146933238,0.6931471805599453,1.436397826551327,-1.058145946714099,-2.029600654073588
17495,8,3,806.72,6.694215463810622,1.3862943611198906,-0.923614968866577,-0.20175138038774237,-0.10256498291760836
17496,359,4,1412.89,7.254100049936812,1.6094379124341003,0.7532362278777233,0.07394609082159041,0.30088401889102384
17497,390,2,287.25,5.663828159149168,1.0986122886681098,0.9013341968209521,-0.5571872395918231,-0.8450550243352788
17498,76,1,272.22,5.610277331459341,0.6931471805599453,-0.5987549079588493,-1.058145946714099,-0.8836433843524224
17499,290,2,1341.39,7.202206886340738,1.0986122886681098,0.4235988131331172,-0.5571872395918231,0.2634901602774391
17500,17,3,1138.0,7.037905963447182,1.3862943611198906,-0.8806187843346719,-0.20175138038774237,0.14509603945286248
17501,221,2,288.6,5.668500660511562,1.0986122886681098,0.09396139838851118,-0.5571872395918231,-0.841688051824658
17502,9,4,689.1,6.536836514626557,1.6094379124341003,-0.9188376150296986,0.07394609082159041,-0.21597117685003384
17503,3,2,558.96,6.327865352606625,1.0986122886681098,-0.9475017380509687,-0.5571872395918231,-0.3665543663374637
17504,206,18,9565.12,9.165982968589745,2.9444389791664403,0.022301090835335952,1.7233615276208618,1.6785737682059811
17505,162,5,2435.48,7.798309653754078,1.791759469228055,-0.18790247798731138,0.2992073267345332,0.693037735702333
17506,76,1,302.2,5.714392653768217,0.6931471805599453,-0.5987549079588493,-1.058145946714099,-0.808618595495255
17507,262,2,605.58,6.407836624054821,1.0986122886681098,0.28983290570052345,-0.5571872395918231,-0.3089276153272656
17508,281,8,4579.23,8.429504494187944,2.1972245773362196,0.3806026286012121,0.8001660338568091,1.1478724188318414
17509,58,8,6115.14,8.71868645756525,2.1972245773362196,-0.6847472770226596,0.8001660338568091,1.3562549629430642
17510,25,2,514.56,6.245253688536579,1.0986122886681098,-0.842399953639645,-0.5571872395918231,-0.4260837662043464
17511,3,60,175603.55,12.075989871009195,4.110873864173311,-0.9475017380509687,3.164510717157243,3.7755048306602426
17512,29,18,5467.820000000001,8.606818150024006,2.9444389791664403,-0.8232905382921317,1.7233615276208618,1.2756434259764735
17513,72,3,1158.8,7.05600285544234,1.3862943611198906,-0.6178643233063628,-0.20175138038774237,0.15813653599841257
17514,128,2,542.83,6.298636698017643,1.0986122886681098,-0.3503325084411752,-0.5571872395918231,-0.3876163348401584
17515,31,9,1617.46,7.389230358819315,2.302585092994046,-0.813735830618375,0.9303406571479473,0.3982579948562244
17516,15,6,957.55,6.865421725966058,1.9459101490553132,-0.8901734920084285,0.48966298795922886,0.020805078129990818
17517,309,1,153.94,5.043037945203756,0.6931471805599453,0.5143685360338058,-1.058145946714099,-1.2923922048098166
17518,426,2,329.42,5.8003645725024455,1.0986122886681098,1.0733189349485726,-0.5571872395918231,-0.7466678191095664
17519,17,15,5109.47,8.539046655484803,2.772588722239781,-0.8806187843346719,1.5110377522649707,1.2268077507311508
17520,54,1,546.81,6.305928511499892,0.6931471805599453,-0.703856692370173,-1.058145946714099,-0.3823619039383492
17521,30,5,1278.06,7.153880712128252,1.791759469228055,-0.8185131844552533,0.2992073267345332,0.22866664980690257
17522,2,5,1070.71,6.977010782644906,1.791759469228055,-0.9522790918878471,0.2992073267345332,0.10121538883588511
17523,11,4,652.74,6.48270971889503,1.6094379124341003,-0.909282907355942,0.07394609082159041,-0.2549745754970229
17524,361,3,539.14,6.291828365215705,1.3862943611198906,0.7627909355514799,-0.20175138038774237,-0.39252237287190295
17525,360,3,1161.9,7.058672164298998,1.3862943611198906,0.7580135817146015,-0.20175138038774237,0.16006002169604297
17526,5,12,4166.04,8.334961230608442,2.5649493574615367,-0.937947030377212,1.2544959545938104,1.0797451899992137
17527,54,4,939.37,6.8462734148384685,1.6094379124341003,-0.703856692370173,0.07394609082159041,0.007006936151840241
17528,1,8,3628.5,8.196850176724896,2.1972245773362196,-0.9570564457247255,0.8001660338568091,0.9802233095817082
17529,610,2,1240.25,7.123874215359383,1.0986122886681098,1.9523520409341886,-0.5571872395918231,0.2070441735516875
17530,1,12,3141.51,8.052777122639133,2.5649493574615367,-0.9570564457247255,1.2544959545938104,0.8764052526128726
17531,190,3,1266.82,7.145054169084526,1.3862943611198906,-0.05413657055471762,-0.20175138038774237,0.22230630328432527
17532,386,1,65.34,4.1947930335189065,0.6931471805599453,0.8822247814734386,-1.058145946714099,-1.9036316841395287
17533,435,1,34.8,3.5779478934066544,0.6931471805599453,1.1163151194804777,-1.058145946714099,-2.3481260714036623
17534,54,5,1668.83,7.42047710382201,1.791759469228055,-0.703856692370173,0.2992073267345332,0.42077418550245993
17535,280,1,164.4,5.108366782589591,0.6931471805599453,0.37582527476433375,-1.058145946714099,-1.2453166915955756
17536,177,3,364.83,5.902168744622394,1.3862943611198906,-0.11624217043413615,-0.20175138038774237,-0.6733084292647279
17537,30,2,897.62,6.80086025323236,1.0986122886681098,-0.8185131844552533,-0.5571872395918231,-0.02571747736653658
17538,26,1,98.42,4.599353300666526,0.6931471805599453,-0.8376225998027668,-1.058145946714099,-1.6121083237958431
17539,618,4,1226.57,7.112791884519306,1.6094379124341003,1.9905708716292154,0.07394609082159041,0.19905832177806135
17540,25,6,1590.6000000000001,7.372495078552774,1.9459101490553132,-0.842399953639645,0.48966298795922886,0.3861986664056248
17541,510,1,124.46,4.831986982668597,0.6931471805599453,1.474616657246354,-1.058145946714099,-1.444474084317694
17542,270,3,341.7,5.836855428880563,1.3862943611198906,0.32805173639555024,-0.20175138038774237,-0.7203727576885051
17543,550,1,120.05,4.796203683384068,0.6931471805599453,1.6657108107214877,-1.058145946714099,-1.4702592849385037
17544,390,3,960.69,6.86869215341128,1.3862943611198906,0.9013341968209521,-0.20175138038774237,0.02316172576944732
17545,43,6,1448.54,7.279001543703618,1.9459101490553132,-0.7564075845758348,0.48966298795922886,0.3188278649134207
17547,376,2,727.85,6.5914679495200215,1.0986122886681098,0.8344512431046551,-0.5571872395918231,-0.17660413867589494
17548,234,4,731.26,6.596135642152661,1.6094379124341003,0.15606699826792972,0.07394609082159041,-0.1732406313030316
17549,24,2,148.86,5.0097015249361645,1.0986122886681098,-0.8471773074765234,-0.5571872395918231,-1.3164142011535445
17550,197,9,2547.64,7.843315162546328,2.302585092994046,-0.020695093696569182,0.9303406571479473,0.7254683973923663
17551,359,1,306.84,5.729580167477342,0.6931471805599453,0.7532362278777233,-1.058145946714099,-0.7976745770354927
17552,60,12,3085.29,8.034725001288239,2.5649493574615367,-0.6751925693489029,1.2544959545938104,0.8633970174872404
17553,130,4,3757.6,8.231801826622501,1.6094379124341003,-0.34077780076741854,0.07394609082159041,1.0054092293447778
17554,1,5,1952.45,7.577352319081822,1.791759469228055,-0.9570564457247255,0.2992073267345332,0.5338173922158173
17555,20,5,1057.74,6.964834800821305,1.791759469228055,-0.8662867228240368,0.2992073267345332,0.09244145964672766
17556,206,2,300.67,5.709333704694526,1.0986122886681098,0.022301090835335952,-0.5571872395918231,-0.812264039582407
17557,14,4,575.46,6.356905953086827,1.6094379124341003,-0.8949508458453069,0.07394609082159041,-0.34562790833881474
17558,393,1,259.17,5.561335263505108,0.6931471805599453,0.9156662583315871,-1.058145946714099,-0.9189107036390709
17559,513,1,167.62,5.12764766249453,0.6931471805599453,1.488948718756989,-1.058145946714099,-1.2314230214635555
17560,95,8,1895.8,7.547923534751195,2.1972245773362196,-0.5079851850581607,0.8001660338568091,0.5126112115906611
17561,19,4,722.34,6.583879374413785,1.6094379124341003,-0.8710640766609151,0.07394609082159041,-0.18207241397338803
17562,14,7,1122.38,7.024097276842117,2.0794415416798357,-0.8949508458453069,0.654643185938614,0.1351455943698
17563,578,2,392.38,5.974776065821747,1.0986122886681098,1.7994767181540816,-0.5571872395918231,-0.620988090416758
17564,24,3,454.01,6.120319396731415,1.3862943611198906,-0.8471773074765234,-0.20175138038774237,-0.5161105620288364
17565,587,1,131.83,4.8890701151444125,0.6931471805599453,1.8424729026859867,-1.058145946714099,-1.403340369641207
17566,8,2,901.21,6.804847308929716,1.0986122886681098,-0.923614968866577,-0.5571872395918231,-0.022844432312048628
17567,7,9,5356.03,8.586164996014617,2.302585092994046,-0.9283923227034554,0.9303406571479473,1.260760904514434
17568,633,1,382.79,5.950095527997053,0.6931471805599453,2.062231179182391,-1.058145946714099,-0.6387727170991372
17569,332,1,344.14,5.843950131819433,0.6931471805599453,0.6242476742820079,-1.058145946714099,-0.7152603632955457
17570,382,1,100.0,4.61512051684126,0.6931471805599453,0.8631153661259252,-1.058145946714099,-1.600746575705919
17571,50,5,1703.75,7.441173751400762,1.791759469228055,-0.7229661077176863,0.2992073267345332,0.435688048132982
17572,71,10,723.01,6.584805204445026,2.3978952727983707,-0.622641677143241,1.0480979277381186,-0.18140526718777472
17573,29,3,380.6,5.944372939574132,1.3862943611198906,-0.8232905382921317,-0.20175138038774237,-0.6428963751604594
17574,243,1,185.65,5.229235205360593,0.6931471805599453,0.19906318279983484,-1.058145946714099,-1.1582197331768032
17575,667,1,171.7,5.1515559851526325,0.6931471805599453,2.2246612096362544,-1.058145946714099,-1.214194847746417
17576,8,41,9056.81,9.111382647963284,3.7376696182833684,-0.923614968866577,2.703410827734218,1.639229150759749
17577,645,2,348.75,5.857218613545591,1.0986122886681098,2.119559425224931,-0.5571872395918231,-0.7056991861519265
17578,218,7,1047.33,6.954953700811138,2.0794415416798357,0.07962933687787613,0.654643185938614,0.08532120658983292
17579,5,4,753.28,6.625763651858722,1.6094379124341003,-0.937947030377212,0.07394609082159041,-0.15189089023551725
17580,253,5,545.27,6.303113359011862,1.791759469228055,0.24683672116861832,0.2992073267345332,-0.3843904835588263
17581,1,43,18757.75,9.8394155892102,3.784189633918261,-0.9570564457247255,2.7608870603908318,2.1638447067301882
17582,236,5,1450.7,7.280490562467382,1.791759469228055,0.1656217059416864,0.2992073267345332,0.3199008416461282
17583,560,1,135.95,4.919615895709087,0.6931471805599453,1.7134843490902711,-1.058145946714099,-1.3813292891727302
17584,7,6,5309.42,8.577426207153255,1.9459101490553132,-0.9283923227034554,0.48966298795922886,1.2544637930552198
17585,109,7,2093.3,7.646974647644465,2.0794415416798357,-0.4411022313418638,0.654643185938614,0.583986765794286
17586,619,1,167.4,5.126342101808226,0.6931471805599453,1.9953482254660937,-1.058145946714099,-1.2323637995609387
17587,628,1,181.66,5.207626501263533,0.6931471805599453,2.038344409997999,-1.058145946714099,-1.1737908174937624
17588,100,7,2939.55,7.986351917666346,2.0794415416798357,-0.48409841587376895,0.654643185938614,0.8285397044172578
17589,60,18,14049.87,9.550439594553007,2.9444389791664403,-0.6751925693489029,1.7233615276208618,1.955610582269359
17590,2,3,1479.22,7.299946004359694,1.3862943611198906,-0.9522790918878471,-0.20175138038774237,0.3339202999518261
17591,73,8,2776.67,7.929367725761379,2.1972245773362196,-0.6130869694694844,0.8001660338568091,0.7874772856391338
17592,739,1,148.3,5.005957704545144,0.6931471805599453,2.568630685891496,-1.058145946714099,-1.3191119725105995
17593,4,11,8095.8,8.999224200874691,2.4849066497880004,-0.9427243842140904,1.15560189306089,1.558408541220589
17594,85,4,2497.88,7.8235979104743105,1.6094379124341003,-0.5557587234269442,0.07394609082159041,0.7112602804625823
17595,12,2,388.79,5.965608132562755,1.0986122886681098,-0.9045055535190636,-0.5571872395918231,-0.6275944403925272
17596,23,13,4920.67,8.50140318278703,2.6390573296152584,-0.8519546613134018,1.3460575542855853,1.1996821218768063
17597,214,5,3484.09,8.156249147825298,1.791759469228055,0.06051992153036274,0.2992073267345332,0.9509664859651098
17598,381,1,409.98,6.018544551511725,0.6931471805599453,0.8583380122890469,-1.058145946714099,-0.5894488191100157
17599,478,1,52.05,3.971234865059992,0.6931471805599453,1.3217413344662468,-1.058145946714099,-2.064726170656767
17600,18,1,161.67000000000002,5.091723608778362,0.6931471805599453,-0.8758414304977935,-1.058145946714099,-1.2573096487647062
17601,239,2,421.48,6.046142108398678,1.0986122886681098,0.17995376745232144,-0.5571872395918231,-0.5695622084507809
17602,2,14,7451.13,8.91625517655053,2.70805020110221,-0.9522790918878471,1.4312993642702228,1.4986216299997928
17603,78,4,1793.48,7.49247056535977,1.6094379124341003,-0.5892002002850927,0.07394609082159041,0.47265218127855885
17604,217,6,945.9300000000001,6.8532251728194,1.9459101490553132,0.07485198304099779,0.48966298795922886,0.012016325386195376
17605,590,1,160.75,5.08605193338101,0.6931471805599453,1.8568049641966218,-1.058145946714099,-1.2613966192481703
17606,737,1,87.30000000000001,4.480740107609915,0.6931471805599453,2.559075978217739,-1.058145946714099,-1.697580179113608
17607,376,1,333.81,5.813563206747519,0.6931471805599453,0.8344512431046551,-1.058145946714099,-0.7371569735828922
17608,33,4,498.53,6.213667656345135,1.6094379124341003,-0.8041811229446183,0.07394609082159041,-0.44884444487725644
17609,41,11,1894.34,7.547153520947835,2.4849066497880004,-0.7659622922495916,1.15560189306089,0.5120563449127016
17610,540,5,1529.49,7.333343224551642,1.791759469228055,1.6179372723527043,0.2992073267345332,0.3579861083050278
17611,7,28,8371.98,9.03276513357146,3.367295829986474,-0.9283923227034554,2.245808014503504,1.5825779078214257
17612,53,18,5394.86,8.593387271846513,2.9444389791664403,-0.7086340462070513,1.7233615276208618,1.2659652270612034
17613,23,14,4559.150000000001,8.425110796704255,2.70805020110221,-0.8519546613134018,1.4312993642702228,1.1447063504885278
17614,57,1,390.07,5.968886572094735,0.6931471805599453,-0.689524630859538,-1.058145946714099,-0.6252320192981751
17615,130,6,733.2,6.598781471062734,1.9459101490553132,-0.34077780076741854,0.48966298795922886,-0.17133406509425073
17616,174,4,1060.8,6.967720860149571,1.6094379124341003,-0.1305742319447712,0.07394609082159041,0.09452113425110582
17617,559,1,395.33,5.982247197558372,0.6931471805599453,1.7087069952533929,-1.058145946714099,-0.615604444007812
17618,6,11,4073.2400000000002,8.312439505213618,2.4849066497880004,-0.9331696765403337,1.15560189306089,1.0635161887823412
17619,312,1,218.52,5.39144334453752,0.6931471805599453,0.5287005975444409,-1.058145946714099,-1.0413336579787673
17620,60,1,81.44,4.412070756022258,0.6931471805599453,-0.6751925693489029,-1.058145946714099,-1.7470628440045501
17621,21,6,3175.12,8.063415605028567,1.9459101490553132,-0.8615093689871585,0.48966298795922886,0.8840712702299538
17622,598,2,1130.21,7.031043135272966,1.0986122886681098,1.8950237948916484,-0.5571872395918231,0.14015073242873294
17623,33,7,2383.67,7.776816028969278,2.0794415416798357,-0.8041811229446183,0.654643185938614,0.6775495767503691
17624,15,4,1568.63,7.358595201778292,1.6094379124341003,-0.8901734920084285,0.07394609082159041,0.3761825103104403
17625,18,8,6067.8,8.710916170934635,2.1972245773362196,-0.8758414304977935,0.8001660338568091,1.3506557475644467
17626,603,1,254.0,5.541263545158426,0.6931471805599453,1.9189105640760402,-1.058145946714099,-0.9333742465409786
17627,479,1,296.36,5.694943525988997,0.6931471805599453,1.326518688303125,-1.058145946714099,-0.8226335038942626
17628,81,1,75.75,4.340553386467307,0.6931471805599453,-0.5748681387744575,-1.058145946714099,-1.7985977711554484
17629,6,10,2455.52,7.8065009932405305,2.3978952727983707,-0.9331696765403337,1.0480979277381186,0.698940358887855
17630,170,2,503.59999999999997,6.223766036206957,1.0986122886681098,-0.1496836472922846,-0.5571872395918231,-0.44156762144597467
17631,2,7,998.49,6.907245148887903,2.0794415416798357,-0.9522790918878471,0.654643185938614,0.050942750514912594
17633,31,7,2057.39,7.629679402813487,2.0794415416798357,-0.813735830618375,0.654643185938614,0.571523930710054
17634,36,9,2361.9700000000003,7.767674581380544,2.302585092994046,-0.7898490614339833,0.9303406571479473,0.6709623121673621
17635,424,3,1265.58,7.144075633652909,1.3862943611198906,1.0637642272748158,-0.20175138038774237,0.22160117734783208
17636,19,1,285.56,5.657947938312402,0.6931471805599453,-0.8710640766609151,-1.058145946714099,-0.8492922712354335
17637,31,2,547.0600000000001,6.3063847700056215,1.0986122886681098,-0.813735830618375,-0.5571872395918231,-0.3820331271810234
17638,647,2,842.4,6.73744134131246,1.0986122886681098,2.1291141328986876,-0.5571872395918231,-0.07141671135849795
17639,276,6,615.17,6.423522899485667,1.9459101490553132,0.3567158594168203,0.48966298795922886,-0.29762419258355816
17640,87,6,3168.94,8.061467939247406,1.9459101490553132,-0.5462040157531874,0.48966298795922886,0.882667795594756
17642,120,5,1824.49,7.509603723129441,1.791759469228055,-0.388551339136202,0.2992073267345332,0.48499821753547734
17643,373,2,541.25,6.295727149706984,1.0986122886681098,0.8201191815940201,-0.5571872395918231,-0.3897129354445279
17644,1,20,6028.6,8.704435952529261,3.044522437723423,-0.9570564457247255,1.8470162614078611,1.3459861465217764
17646,219,12,4149.79,8.331053956554086,2.5649493574615367,0.08440669071475448,1.2544959545938104,1.076929635050774
17647,65,3,331.65999999999997,5.807120947362389,1.3862943611198906,-0.6513058001645111,-0.20175138038774237,-0.7417992216153059
17648,61,5,2216.37,7.70407708788802,1.791759469228055,-0.6704152155120245,0.2992073267345332,0.6251343935160945
17649,138,3,1578.89,7.365110503344246,1.3862943611198906,-0.30255897007239174,-0.20175138038774237,0.38087739203857174
17650,21,1,166.08,5.118472739628975,0.6931471805599453,-0.8615093689871585,-1.058145946714099,-1.238034408101989
17651,12,16,5703.52,8.64901412203431,2.833213344056216,-0.9045055535190636,1.5859404542672264,1.3060495546854096
17652,25,12,4867.72,8.490586347854247,2.5649493574615367,-0.842399953639645,1.2544959545938104,1.1918875846373471
17653,37,4,1207.56,7.09718484723547,1.6094379124341003,-0.7850717075971049,0.07394609082159041,0.18781199750090968
17654,277,1,117.55,4.775334812511415,0.6931471805599453,0.3614932132536987,-1.058145946714099,-1.48529725049619
17655,11,9,3652.48,8.20343541701347,2.302585092994046,-0.909282907355942,0.9303406571479473,0.9849685886748113
17656,73,5,1674.69,7.4239802997335635,1.791759469228055,-0.6130869694694844,0.2992073267345332,0.4232985645060604
17657,430,1,126.0,4.844187086458591,0.6931471805599453,1.0924283502960859,-1.058145946714099,-1.4356827730046058
17658,26,2,595.42,6.39094511686889,1.0986122886681098,-0.8376225998027668,-0.5571872395918231,-0.32109951982701035
17659,17,14,3834.79,8.252130689979245,2.70805020110221,-0.8806187843346719,1.4312993642702228,1.020058069181447
17660,141,2,359.47,5.887408735509094,1.0986122886681098,-0.2882269085617567,-0.5571872395918231,-0.6839443908378954
17662,662,2,412.92,6.025672718437719,1.0986122886681098,2.200774440451863,-0.5571872395918231,-0.5843123107969084
17663,26,17,5175.83,8.551948178812031,2.8903717578961645,-0.8376225998027668,1.6565606001831652,1.236104500163377
17664,19,4,1166.23,7.062388699414255,1.6094379124341003,-0.8710640766609151,0.07394609082159041,0.1627381314700798
17665,493,1,563.1,6.33523154074593,0.6931471805599453,1.393401642019422,-1.058145946714099,-0.36124634156668095
17666,4,5,2047.8,7.625009534885315,1.791759469228055,-0.9427243842140904,0.2992073267345332,0.5681588558341145
17667,66,9,3950.7,8.281901145055203,2.302585092994046,-0.6465284463276328,0.9303406571479473,1.0415104554078416
17668,1,2,347.75,5.854355333135575,1.0986122886681098,-0.9570564457247255,-0.5571872395918231,-0.707762446423676
17669,43,10,6142.35,8.723125474960066,2.3978952727983707,-0.7564075845758348,1.0480979277381186,1.359453688504239
17670,228,1,205.7,5.331268466687723,0.6931471805599453,0.1274028752466596,-1.058145946714099,-1.084695263216789
17671,16,5,2403.34,7.785030716603104,1.791759469228055,-0.8853961381715503,0.2992073267345332,0.6834690244511312
17672,50,7,5778.63,8.66209494577662,2.0794415416798357,-0.7229661077176863,0.654643185938614,1.315475506769898
17673,2,13,4233.58,8.351039428614413,2.6390573296152584,-0.9522790918878471,1.3460575542855853,1.0913310294688654
17674,74,2,851.7,6.748407785748004,1.0986122886681098,-0.608309615632606,-0.5571872395918231,-0.06351436653503656
17675,1,70,38259.6,10.552175925045875,4.2626798770413155,-0.9570564457247255,3.352069504384517,2.677454927742552
17676,4,10,2765.84,7.9254611537565225,2.3978952727983707,-0.9427243842140904,1.0480979277381186,0.7846622365827597
17677,2,54,36692.91,10.510366080218592,4.007333185232471,-0.9522790918878471,3.0365845316001647,2.6473270396396655
17678,264,2,599.76,6.39819552033738,1.0986122886681098,0.29938761337428016,-0.5571872395918231,-0.3158749286977723
17679,53,7,3577.61,8.182729735842724,2.0794415416798357,-0.7086340462070513,0.654643185938614,0.9700482164997101
17680,24,3,497.45,6.211503283468713,1.3862943611198906,-0.8471773074765234,-0.20175138038774237,-0.4504040771625025
17681,597,5,731.2,6.596053700686136,1.791759469228055,1.8902464410547701,0.2992073267345332,-0.17329967776313326
17682,10,11,4456.78,8.402406163244015,2.4849066497880004,-0.9140602611928204,1.15560189306089,1.1283455469712471
17683,386,3,819.01,6.70931653530589,1.3862943611198906,0.8822247814734386,-0.20175138038774237,-0.0916832541256793
17684,44,1,239.41,5.482345799133678,0.6931471805599453,-0.7516302307389565,-1.058145946714099,-0.9758299711876677
17685,17,12,5943.17,8.690166186257795,2.5649493574615367,-0.8806187843346719,1.2544959545938104,1.3357034505859966
17686,7,9,8296.81,9.023746903547035,2.302585092994046,-0.9283923227034554,0.9303406571479473,1.5760794329721568
17687,421,1,432.68,6.072306934952083,0.6931471805599453,1.0494321657641807,-1.058145946714099,-0.5507080134665883
17688,394,1,304.2,5.720967299410302,0.6931471805599453,0.9204436121684655,-1.058145946714099,-0.8038809508319192
17689,388,2,317.08,5.7623029234682095,1.0986122886681098,0.8917794891471953,-0.5571872395918231,-0.774094782970636
17690,30,20,7448.1,8.915848498706922,3.044522437723423,-0.8185131844552533,1.8470162614078611,1.4983285807283404
17691,358,4,780.0500000000001,6.660639168277018,1.6094379124341003,0.7484588740408449,0.07394609082159041,-0.12675983173670222
17692,127,12,2975.8,7.998604177032413,2.5649493574615367,-0.3551098622780536,1.2544959545938104,0.837368598681595
17693,137,1,200.47,5.305640486927818,0.6931471805599453,-0.30733632390927007,-1.058145946714099,-1.1031626100749055
17694,142,3,1695.97,7.4365995868222186,1.3862943611198906,-0.2834495547248783,-0.20175138038774237,0.43239193643594404
17695,132,5,1746.04,7.465678206265756,1.791759469228055,-0.3312230930936618,0.2992073267345332,0.4533457906394318
17696,38,27,7679.59,8.946451646107656,3.332204510175204,-0.7802943537602266,2.202452120611942,1.5203809993463553
17697,236,1,338.95,5.828798547972468,0.6931471805599453,0.1656217059416864,-1.058145946714099,-0.7261784909424819
17698,261,1,154.95,5.049535443053812,0.6931471805599453,0.2850555518636451,-1.058145946714099,-1.2877101523175412
17699,477,2,442.0,6.093569770045136,1.0986122886681098,1.3169639806293683,-0.5571872395918231,-0.5353861599873425
17700,17,14,6679.97,8.807018465569639,2.70805020110221,-0.8806187843346719,1.4312993642702228,1.4199064035081574
17701,253,1,417.95,6.037751581059295,0.6931471805599453,0.24683672116861832,-1.058145946714099,-0.575608365040202
17702,30,6,3144.04,8.053581887654614,1.9459101490553132,-0.8185131844552533,0.48966298795922886,0.8769851607765045
17703,35,4,1094.84,6.999276471449595,1.6094379124341003,-0.7946264152708616,0.07394609082159041,0.11725989183781038
17704,169,2,885.19,6.786931374567216,1.0986122886681098,-0.15446100112916294,-0.5571872395918231,-0.03575453202568917
17705,3,11,2083.9,7.642476171452011,2.4849066497880004,-0.9475017380509687,1.15560189306089,0.5807451946303738
17706,4,31,20749.98,9.940348753459256,3.4657359027997265,-0.9427243842140904,2.3674323185913275,2.2365764542630457
17707,185,8,609.3000000000001,6.41395063955045,2.1972245773362196,-0.07802333973910935,0.8001660338568091,-0.3045218975956507
17708,188,4,887.9300000000001,6.790018492256255,1.6094379124341003,-0.06369127822847431,0.07394609082159041,-0.03352997614225973
17709,170,5,671.01,6.51027322136481,1.791759469228055,-0.1496836472922846,0.2992073267345332,-0.23511250421778931
17710,424,1,293.5,5.685279003091641,0.6931471805599453,1.0637642272748158,-1.058145946714099,-0.8295976929655723
17711,11,2,385.1,5.956096403270191,1.0986122886681098,-0.909282907355942,-0.5571872395918231,-0.6344485274376989
17712,45,1,522.91,6.261319913844147,0.6931471805599453,-0.7468528769020781,-1.058145946714099,-0.41450655417924137
17713,382,4,1198.09,7.089318214762589,1.6094379124341003,0.8631153661259252,0.07394609082159041,0.1821433559675921
17714,321,5,1410.18,7.252181512816498,1.791759469228055,0.571696782076346,0.2992073267345332,0.2995015341695224
17715,201,2,489.59999999999997,6.195629131824389,1.0986122886681098,-0.0015856783490557876,-0.5571872395918231,-0.4618428822201182
17716,23,24,15956.97,9.67771366993163,3.2188758248682006,-0.8519546613134018,2.062432694683636,2.047323410127151
17717,421,1,376.92,5.934682533008997,0.6931471805599453,1.0494321657641807,-1.058145946714099,-0.6498792158256641
17718,232,2,439.18,6.087183734166526,1.0986122886681098,0.146512290594173,-0.5571872395918231,-0.539987893745661
17719,38,15,5396.04,8.593605934116098,2.772588722239781,-0.7802943537602266,1.5110377522649707,1.266122793596492
17720,26,10,2768.91,7.9265701076788115,2.3978952727983707,-0.8376225998027668,1.0480979277381186,0.7854613411912555
17721,659,1,307.21000000000004,5.730781368822976,0.6931471805599453,2.1864423789412277,-1.058145946714099,-0.7968089995649278
17722,96,5,4430.36,8.39646181366768,1.791759469228055,-0.5032078312212823,0.2992073267345332,1.1240620893401532
17723,127,7,3378.4000000000005,8.12545345792655,2.0794415416798357,-0.3551098622780536,0.654643185938614,0.9287753225404795
17724,71,3,1033.0,6.9411900550683745,1.3862943611198906,-0.622641677143241,-0.20175138038774237,0.07540321764395774
17725,16,11,3439.08,8.143250005910986,2.4849066497880004,-0.8853961381715503,1.15560189306089,0.9415993932469761
17726,395,7,1092.06,6.996736381454871,2.0794415416798357,0.9252209660053438,0.654643185938614,0.11542952036792203
17727,15,1,1060.25,6.967202737625557,0.6931471805599453,-0.8901734920084285,-1.058145946714099,0.09414777870550281
17728,4,5,4238.76,8.352261942850365,1.791759469228055,-0.9427243842140904,0.2992073267345332,1.0922119648623618
17729,596,1,438.65000000000003,6.085978955825011,0.6931471805599453,1.8854690872178919,-1.058145946714099,-0.5408560487749824
17730,3,20,7773.8,8.958643013243911,3.044522437723423,-0.9475017380509687,1.8470162614078611,1.529166015086539
17731,79,6,1708.99,7.44424280152639,1.9459101490553132,-0.5844228464482143,0.48966298795922886,0.43789958465384315
17732,373,8,2470.39,7.812536024372351,2.1972245773362196,0.8201191815940201,0.8001660338568091,0.703289161027352
17733,39,2,692.19,6.541304131886272,1.0986122886681098,-0.7755169999233482,-0.5571872395918231,-0.21275184242190417
17734,54,6,1442.32,7.274701294410468,1.9459101490553132,-0.703856692370173,0.48966298795922886,0.3157291346967993
17735,2,26,17244.93,9.75533145259182,3.295836866004329,-0.9522790918878471,2.1575193073054413,2.1032542532202214
17736,9,3,377.44,5.936057539836243,1.3862943611198906,-0.9188376150296986,-0.20175138038774237,-0.6488883953142965
17737,9,2,168.24,5.131317825851867,1.0986122886681098,-0.9188376150296986,-0.5571872395918231,-1.2287783268609818
17738,19,13,4183.56,8.339156840000792,2.6390573296152584,-0.8710640766609151,1.3460575542855853,1.0827685174193056
17739,12,18,7730.59,8.953069812538414,2.9444389791664403,-0.9045055535190636,1.7233615276208618,1.5251500047922226
17740,389,6,426.9,6.0588895234227715,1.9459101490553132,0.8965568429840737,0.48966298795922886,-0.5603765084073229
17741,407,2,101.1,4.625952725170619,1.0986122886681098,0.9825492120478839,-0.5571872395918231,-1.5929409605020772
17742,113,11,2098.48,7.649444974001237,2.4849066497880004,-0.42199281599435046,1.15560189306089,0.5857668660640163
17743,448,1,229.2,5.438948496287782,0.6931471805599453,1.1784207193598963,-1.058145946714099,-1.0071017706767453
17744,4,7,2649.14,7.882367747773482,2.0794415416798357,-0.9427243842140904,0.654643185938614,0.7536094230936714
17745,478,2,600.34,6.399160498367506,1.0986122886681098,1.3217413344662468,-0.5571872395918231,-0.3151795721320285
17746,240,4,904.1800000000001,6.808133818950557,1.6094379124341003,0.1847311212891998,0.07394609082159041,-0.020476195678644622
17747,113,1,71.4,4.282206299391671,0.6931471805599453,-0.42199281599435046,-1.058145946714099,-1.840642282868084
17748,527,1,358.15,5.88374012852081,0.6931471805599453,1.5558316724732857,-1.058145946714099,-0.6865879639315788
17749,178,3,1026.18,6.934572462341162,1.3862943611198906,-0.1114648165972578,-0.20175138038774237,0.07063462560494024
17750,5,9,1797.57,7.494747183701588,2.302585092994046,-0.937947030377212,0.9303406571479473,0.47429269687814174
17751,421,1,157.85999999999999,5.0680233112049855,0.6931471805599453,1.0494321657641807,-1.058145946714099,-1.2743879210291817
17752,359,1,80.64,4.402319337941644,0.6931471805599453,0.7532362278777233,-1.058145946714099,-1.7540896491503444
17753,464,4,390.56,5.97013876039323,1.6094379124341003,1.2548583807499498,0.07394609082159041,-0.6243297009782518
17754,1,13,4577.53,8.429133264890632,2.6390573296152584,-0.9570564457247255,1.3460575542855853,1.1476049135402981
17756,376,3,733.7,6.599462252626232,1.3862943611198906,0.8344512431046551,-0.20175138038774237,-0.17084349855777373
17757,1,56,9422.45,9.150956542558381,4.04305126783455,-0.9570564457247255,3.0807148010694942,1.6677458284245874
17758,19,12,5012.53,8.519895536789699,2.5649493574615367,-0.8710640766609151,1.2544959545938104,1.2130075856390596
17759,17,5,1276.91,7.152981209922486,1.791759469228055,-0.8806187843346719,0.2992073267345332,0.22801847467218064
17760,22,6,918.93,6.824297580191805,1.9459101490553132,-0.8567320151502801,0.48966298795922886,-0.008828699927109634
17761,33,1,712.78,6.570574791610563,0.6931471805599453,-0.8041811229446183,-1.058145946714099,-0.19165960530612194
17762,456,1,129.75,4.873287102945032,0.6931471805599453,1.216639550054923,-1.058145946714099,-1.4147135002384086
17763,263,4,86.15,4.46763077196603,1.6094379124341003,0.29461025953740183,0.07394609082159041,-1.707026676679282
17764,51,5,1623.64,7.39304153175903,1.791759469228055,-0.718188753880808,0.2992073267345332,0.4010042999990158
17765,159,4,530.8,6.276267478808919,1.6094379124341003,-0.20223453949794643,0.07394609082159041,-0.40373544114283466
17766,381,2,299.61,5.7058137435652805,1.0986122886681098,0.8583380122890469,-0.5571872395918231,-0.8148004994871617
17767,15,2,413.05,6.025986739479709,1.0986122886681098,-0.8901734920084285,-0.5571872395918231,-0.5840860293827078
17768,8,7,3509.51,8.163516605050312,2.0794415416798357,-0.923614968866577,0.654643185938614,0.9562033659146106
17769,13,17,7103.08,8.86842454586986,2.8903717578961645,-0.8997281996821853,1.6565606001831652,1.464155204807576
17770,199,5,1143.27,7.042522158078838,1.791759469228055,-0.011140386022812485,0.2992073267345332,0.14842243771858693
17771,57,4,387.41,5.962061482738665,1.6094379124341003,-0.689524630859538,0.07394609082159041,-0.6301501319881719
17772,11,3,384.77,5.955241336950457,1.3862943611198906,-0.909282907355942,-0.20175138038774237,-0.6350646823769941
17773,514,2,585.27,6.373780434317173,1.0986122886681098,1.4937260725938672,-0.5571872395918231,-0.33346827262616546
17774,97,9,3328.05,8.110442256987616,2.302585092994046,-0.498430477384404,0.9303406571479473,0.9179583538565143
17775,255,1,56.4,4.050044303325521,0.6931471805599453,0.25639142884237504,-1.058145946714099,-2.007936628688272
17776,387,2,338.56,5.827650661869767,1.0986122886681098,0.887002135310317,-0.5571872395918231,-0.7270056498137931
17777,25,3,665.86,6.502580128832101,1.3862943611198906,-0.842399953639645,-0.20175138038774237,-0.24065609405764862
17778,662,1,197.70000000000002,5.291796149557771,0.6931471805599453,2.200774440451863,-1.058145946714099,-1.113138744855277
17779,21,3,658.57,6.491588107540731,1.3862943611198906,-0.8615093689871585,-0.20175138038774237,-0.24857686938841064
17780,667,3,352.91,5.869042643521861,1.3862943611198906,2.2246612096362544,-0.20175138038774237,-0.6971788710557607
17781,159,2,188.02,5.24185282956691,1.0986122886681098,-0.20223453949794643,-0.5571872395918231,-1.149127559508554
17782,383,2,679.02,6.52212220950234,1.0986122886681098,0.8678927199628036,-0.5571872395918231,-0.22657420444139295
17783,72,3,379.91,5.94256312674981,1.3862943611198906,-0.6178643233063628,-0.20175138038774237,-0.644200513898204
17784,550,1,112.86,4.734969623522936,0.6931471805599453,1.6657108107214877,-1.058145946714099,-1.514384129486547
17785,53,3,403.38,6.002355029939155,1.3862943611198906,-0.7086340462070513,-0.20175138038774237,-0.6011148775800383
17786,85,2,278.74,5.6338606003511575,1.0986122886681098,-0.5557587234269442,-0.5571872395918231,-0.8666494421551219
17787,153,4,2601.4700000000003,7.8642162730451615,1.6094379124341003,-0.2308986625192165,0.07394609082159041,0.7405295946040819
17788,74,2,1117.9,7.020101338813675,1.0986122886681098,-0.608309615632606,-0.5571872395918231,0.13226614876830875
17789,281,2,397.15,5.9868288187034535,1.0986122886681098,0.3806026286012121,-0.5571872395918231,-0.6123029591599478
17790,27,20,2783.61,7.931863106648799,3.044522437723423,-0.8328452459658884,1.8470162614078611,0.7892754400322161
17791,30,1,106.1,4.673762977453703,0.6931471805599453,-0.8185131844552533,-1.058145946714099,-1.558489219843724
17792,467,2,370.05,5.916336824416143,1.0986122886681098,1.2691904422605849,-0.5571872395918231,-0.6630990079090116
17793,25,1,323.04,5.78086696496229,0.6931471805599453,-0.842399953639645,-1.058145946714099,-0.7607176616925861
17794,687,2,147.3,4.999237249143887,1.0986122886681098,2.3202082863738216,-0.5571872395918231,-1.3239546866887064
17795,180,2,350.39,5.861896717749893,1.0986122886681098,-0.10191010892350111,-0.5571872395918231,-0.7023281762717632
17796,40,7,1361.99,7.217436094912465,2.0794415416798357,-0.7707396460864698,0.654643185938614,0.27446422376989926
17797,22,8,1985.87,7.594315815147273,2.1972245773362196,-0.8567320151502801,0.8001660338568091,0.546041171409568
17798,582,1,183.09,5.215424768458471,0.6931471805599453,1.818586133501595,-1.058145946714099,-1.1681714395119485
17799,22,20,6341.89,8.755089779531765,3.044522437723423,-0.8567320151502801,1.8470162614078611,1.3824869476660706
17800,37,9,1199.01,7.090085169074703,2.302585092994046,-0.7850717075971049,0.9303406571479473,0.18269601799709398
17801,451,3,798.3299999999999,6.6837738767688695,1.3862943611198906,1.1927527808705314,-0.20175138038774237,-0.11008911909438715
17802,82,10,5053.12,8.527959031235715,2.3978952727983707,-0.5700907849375793,1.0480979277381186,1.2188180845632104
17803,392,1,184.66,5.223917043971786,0.6931471805599453,0.9108889044947087,-1.058145946714099,-1.1620519638845932
17804,376,3,385.23,5.956433046936053,1.3862943611198906,0.8344512431046551,-0.20175138038774237,-0.6342059443155292
17805,74,2,927.03,6.833064059849883,1.0986122886681098,-0.608309615632606,-0.5571872395918231,-0.0025116346692534096
17806,11,1,546.04,6.304521925890991,0.6931471805599453,-0.909282907355942,-1.058145946714099,-0.38337547990370296
17807,395,3,437.87,6.084203241658105,1.3862943611198906,0.9252209660053438,-0.20175138038774237,-0.5421356162535098
17808,549,4,262.64,5.574584536184519,1.6094379124341003,1.6609334568846095,0.07394609082159041,-0.9093633684031017
17809,16,20,11337.39,9.335949591893653,3.044522437723423,-0.8853961381715503,1.8470162614078611,1.8010505539792732
17810,669,2,374.81,5.92908369652421,1.0986122886681098,2.2342159173100113,-0.5571872395918231,-0.6539136990871269
17811,4,47,9609.8,9.170642745117636,3.871201010907891,-0.9427243842140904,2.8683910257136036,1.681931571287928
17812,13,7,1165.8899999999999,7.062097369060713,2.0794415416798357,-0.8997281996821853,0.654643185938614,0.16252820081071626
17813,14,5,1770.8799999999999,7.479796408781624,1.791759469228055,-0.8949508458453069,0.2992073267345332,0.4635192707699872
17814,375,2,1617.32,7.389143853094436,1.0986122886681098,0.8296738892677769,-0.5571872395918231,0.39819565942278307
17815,393,1,591.96,6.385126943096995,0.6931471805599453,0.9156662583315871,-1.058145946714099,-0.32529205603676986
17816,37,6,112.32,4.730215674962316,1.9459101490553132,-0.7850717075971049,0.48966298795922886,-1.5178097922909155
17817,4,6,807.85,6.695613485775703,1.9459101490553132,-0.9427243842140904,0.48966298795922886,-0.10155757785539528
17818,738,1,130.18,4.876570425865589,0.6931471805599453,2.563853332054617,-1.058145946714099,-1.412347560207662
17819,72,12,6612.5199999999995,8.796871317578866,2.5649493574615367,-0.6178643233063628,1.2544959545938104,1.4125944380968445
17820,374,1,183.56,5.217974613865498,0.6931471805599453,0.8248965354308985,-1.058145946714099,-1.166334038358705
17821,406,1,334.62,5.815979567573016,0.6931471805599453,0.9777718582110057,-1.058145946714099,-0.7354157605057449
17822,420,5,2188.5,7.6914284862414535,1.791759469228055,1.0446548119273025,0.2992073267345332,0.6160198977163615
17823,421,2,494.25,6.20506268557866,1.0986122886681098,1.0494321657641807,-0.5571872395918231,-0.4550451279329319
17824,51,1,298.4,5.701780471985528,0.6931471805599453,-0.718188753880808,-1.058145946714099,-0.8177068473902764
17825,599,4,731.96,6.597091130138432,1.6094379124341003,1.899801148728527,0.07394609082159041,-0.17255211319831523
17826,374,1,134.59,4.909635626474218,0.6931471805599453,0.8248965354308985,-1.058145946714099,-1.3885210028943895
17827,5,6,2388.05,7.7786510763659,1.9459101490553132,-0.937947030377212,0.48966298795922886,0.6788718993482482
17828,23,4,1820.09,7.507190501900052,1.6094379124341003,-0.8519546613134018,0.07394609082159041,0.4832592668298027
17829,299,5,4756.74,8.467528044561078,1.791759469228055,0.4665949976650223,0.2992073267345332,1.1752719290584077
17830,2,3,398.7,5.990714265717278,1.3862943611198906,-0.9522790918878471,-0.20175138038774237,-0.6095031326275658
17831,33,1,35.400000000000006,3.594568774642695,0.6931471805599453,-0.8041811229446183,-1.058145946714099,-2.336149178111677
17832,50,1,155.37,5.052224993855419,0.6931471805599453,-0.7229661077176863,-1.058145946714099,-1.2857720804128836
17833,723,1,342.36,5.838779459442334,0.6931471805599453,2.492193024501442,-1.058145946714099,-0.7189863144306785
17834,415,2,730.47,6.595056207999221,1.0986122886681098,1.0207680427429107,-0.5571872395918231,-0.1740184641680811
17835,3,3,350.64,5.862607924982978,1.3862943611198906,-0.9475017380509687,-0.20175138038774237,-0.7018156852059663
17836,47,1,110.21000000000001,4.71142030583075,0.6931471805599453,-0.7372981692283215,-1.058145946714099,-1.5313536066817008
17837,42,8,1593.38,7.374240224916247,2.1972245773362196,-0.7611849384127132,0.8001660338568091,0.38745620693415517
17838,27,13,6722.900000000001,8.813423622317975,2.6390573296152584,-0.8328452459658884,1.3460575542855853,1.4245219156343683
17839,42,1,338.8,5.828357209237832,0.6931471805599453,-0.7611849384127132,-1.058145946714099,-0.7264965166148449
17840,444,1,185.72,5.229610168538246,0.6931471805599453,1.1593113040123828,-1.058145946714099,-1.1579495372766342
17841,2,211,70884.07,11.168815112066234,5.356586274672012,-0.9522790918878471,4.703608573249776,3.121800906617881
17842,602,1,430.69,6.067707738058715,0.6931471805599453,1.914133210239162,-1.058145946714099,-0.5540221632784077
17843,303,2,326.23,5.790663287567157,1.0986122886681098,0.48570441301253575,-0.5571872395918231,-0.7536584986538699
17844,107,1,51.559999999999995,3.961955374176355,0.6931471805599453,-0.45065693901562054,-1.058145946714099,-2.0714129082935338
17845,555,4,598.19,6.39557874314519,1.6094379124341003,1.6895975799058796,0.07394609082159041,-0.31776056043742956
17846,85,1,2033.1,7.617808739608441,0.6931471805599453,-0.5557587234269442,-1.058145946714099,0.5629700120283158
17847,516,2,129.69,4.872828106608945,1.0986122886681098,1.503280780267624,-0.5571872395918231,-1.415044249857557
17848,81,30,3650.9,8.20300285908366,3.4339872044851463,-0.5748681387744575,2.3282062876889484,0.984656890390325
17849,218,8,1063.76,6.970504700635247,2.1972245773362196,0.07962933687787613,0.8001660338568091,0.09652715065693554
17850,372,155,56600.08,10.943783345281314,5.049856007249537,0.8153418277571418,4.324638360695156,2.959644555229872
17851,422,6,1563.34,7.355219288783538,1.9459101490553132,1.0542095196010592,0.48966298795922886,0.3737498505057655
17852,12,5,663.21,6.498598364535423,1.791759469228055,-0.9045055535190636,0.2992073267345332,-0.24352532616501352
17853,407,3,1608.19,7.383486225788365,1.3862943611198906,0.9825492120478839,-0.20175138038774237,0.3941188118977738
17854,185,6,1071.45,6.977701029668804,1.9459101490553132,-0.07802333973910935,0.48966298795922886,0.10171277611836016
17855,373,1,417.94,6.03772771157762,0.6931471805599453,0.8201191815940201,-1.058145946714099,-0.5756255652253723
17856,2,4,1418.03,7.25772881858561,1.6094379124341003,-0.9522790918878471,0.07394609082159041,0.30349888474986353
17857,4,24,28682.24,10.264068259044144,3.2188758248682006,-0.9427243842140904,2.062432694683636,2.4698465149693978
17858,6,30,12797.65,9.457094975595489,3.4339872044851463,-0.9331696765403337,2.3282062876889484,1.8883470885497269
17859,305,1,148.21,5.00535470965233,0.6931471805599453,0.4952591206862924,-1.058145946714099,-1.3195464865044295
17860,369,4,1015.54,6.924159983007414,1.6094379124341003,0.8010097662465068,0.07394609082159041,0.0631314642433825
17861,3,18,5127.69,8.542605544930957,2.9444389791664403,-0.9475017380509687,1.7233615276208618,1.2293722621147065
17862,324,4,1279.09,7.154685666941855,1.6094379124341003,0.586028843586981,0.07394609082159041,0.22924669473776255
17863,59,12,5745.2,8.65629404575563,2.5649493574615367,-0.6799699231857812,1.2544959545938104,1.3112954179068468
17864,13,5,924.32,6.83013962363287,1.791759469228055,-0.8997281996821853,0.2992073267345332,-0.004618963397072566
17865,31,46,26374.39,10.180186657398902,3.8501476017100584,-0.813735830618375,2.842379197713229,2.409402006775249
17866,143,3,1134.95,7.035224584227941,1.3862943611198906,-0.278672200888,-0.20175138038774237,0.1431638559345448
17867,30,15,1621.2800000000002,7.391587846164314,2.772588722239781,-0.8185131844552533,1.5110377522649707,0.39995678410616087
17868,386,1,234.65,5.46234765336974,0.6931471805599453,0.8822247814734386,-1.058145946714099,-0.9902404981898628
17869,107,7,1036.16,6.9442414875525476,2.0794415416798357,-0.45065693901562054,0.654643185938614,0.07760205901293335
17870,2,13,3108.15,8.04210465591967,2.6390573296152584,-0.9522790918878471,1.3460575542855853,0.8687147461201066
17871,205,5,1118.99,7.0210750356778515,1.791759469228055,0.017523736998457606,0.2992073267345332,0.1329677880662114
17872,382,1,235.87,5.46751146743449,0.6931471805599453,0.8631153661259252,-1.058145946714099,-0.9865194891076815
17873,80,18,6515.88,8.782151012782462,2.9444389791664403,-0.5796454926113359,1.7233615276208618,1.401987087182759
17874,185,6,683.46,6.528630206205813,1.9459101490553132,-0.07802333973910935,0.48966298795922886,-0.22188458654718263
17875,688,1,167.1,5.12455904041457,0.6931471805599453,2.3249856402107,-1.058145946714099,-1.233648661400789
17876,400,3,3424.02,8.138862590095334,1.3862943611198906,0.9491077351897356,-0.20175138038774237,0.9384378514306684
17877,170,1,237.61,5.474830419933934,0.6931471805599453,-0.1496836472922846,-1.058145946714099,-0.981245502015778
17878,44,3,1412.33,7.253703901064546,1.3862943611198906,-0.7516302307389565,-0.20175138038774237,0.3005985567242778
17879,174,1,178.51999999999998,5.190286622334331,0.6931471805599453,-0.1305742319447712,-1.058145946714099,-1.1862858156037699
17880,365,3,824.9200000000001,6.716497916530249,1.3862943611198906,0.7819003508989933,-0.20175138038774237,-0.08650839995328355
17881,304,1,133.35000000000002,4.9004483350615,0.6931471805599453,0.4904817668494141,-1.058145946714099,-1.3951413022232777
17882,379,2,313.46,5.75085688204213,1.0986122886681098,0.8487833046152902,-0.5571872395918231,-0.7823427221038833
17883,3,7,995.85,6.904600307288836,2.0794415416798357,-0.9475017380509687,0.654643185938614,0.04903689575568661
17884,4,20,3072.89,8.030699139463483,3.044522437723423,-0.9427243842140904,1.8470162614078611,0.8604960090028754
17885,12,1,190.19,5.253267697994312,0.6931471805599453,-0.9045055535190636,-1.058145946714099,-1.1409020834248556
17886,32,6,1608.38,7.383604290643391,1.9459101490553132,-0.8089584767814967,0.48966298795922886,0.39420388862445854
17887,129,1,111.35,4.721618998631338,0.6931471805599453,-0.34555515460429687,-1.058145946714099,-1.524004498433126
17888,21,25,1820.44,7.507382676021378,3.258096538021482,-0.8615093689871585,2.110890520920167,0.48339774618669845
17889,212,7,774.87,6.653984980376013,2.0794415416798357,0.050965213856606045,0.654643185938614,-0.13155479400755588
17890,323,2,602.09,6.402066439321299,1.0986122886681098,0.5812514897501027,-0.5571872395918231,-0.3130855709643334
17891,162,1,203.85999999999999,5.3223268190083886,0.6931471805599453,-0.18790247798731138,-1.058145946714099,-1.0911385533521936
17892,56,3,244.1,5.501666290534067,1.3862943611198906,-0.6943019846964162,-0.20175138038774237,-0.9619077572830641
17893,225,1,112.25,4.7295977643631435,0.6931471805599453,0.11307081373602457,-1.058145946714099,-1.5182550544406879
17894,72,18,2453.38,7.805629462508707,2.9444389791664403,-0.6178643233063628,1.7233615276208618,0.6983123398058639
17895,44,1,98.0,4.59511985013459,0.6931471805599453,-0.7516302307389565,-1.058145946714099,-1.6151589192821976
17896,23,1,256.32,5.550320446542799,0.6931471805599453,-0.8519546613134018,-1.058145946714099,-0.9268479053743347
17897,173,9,2585.0,7.857867559331803,2.302585092994046,-0.13535158578164955,0.9303406571479473,0.7359547549426699
17898,85,4,299.18,5.704382294728169,1.6094379124341003,-0.5557587234269442,0.07394609082159041,-0.8158319917246398
17899,159,1,155.8,5.054971107916307,0.6931471805599453,-0.20223453949794643,-1.058145946714099,-1.2837932494106168
17900,190,2,112.19999999999999,4.729156165769083,1.0986122886681098,-0.05413657055471762,-0.5571872395918231,-1.5185732673659744
17901,29,3,260.08,5.564826873767017,1.3862943611198906,-0.8232905382921317,-0.20175138038774237,-0.916394673175331
17902,547,1,216.39999999999998,5.381738974687109,0.6931471805599453,1.6513787492108527,-1.058145946714099,-1.0483265604918
17903,394,1,381.09000000000003,5.9456561829510015,0.6931471805599453,0.9204436121684655,-1.058145946714099,-0.6419716787635507
17904,21,1,191.67,5.260978880892669,0.6931471805599453,-0.8615093689871585,-1.058145946714099,-1.1353454577912923
17905,71,13,2383.52,7.776753125205725,2.6390573296152584,-0.622641677143241,1.3460575542855853,0.6775042487287657
17906,247,1,72.9,4.302712827954156,0.6931471805599453,0.21817259814734824,-1.058145946714099,-1.8258654186998136
17907,641,1,291.76,5.679353160733027,0.6931471805599453,2.1004500098774175,-1.058145946714099,-0.8338678144222103
17908,374,5,1411.54,7.253144781203703,1.791759469228055,0.8248965354308985,0.2992073267345332,0.3001956587782757
17909,737,1,132.55,4.89447593955597,0.6931471805599453,2.559075978217739,-1.058145946714099,-1.399444969559048
17910,726,1,261.7,5.571012696691494,0.6931471805599453,2.506525086012077,-1.058145946714099,-0.911937211501823
17911,9,1,366.23,5.9059883547555305,0.6931471805599453,-0.9188376150296986,-1.058145946714099,-0.6705560443380871
17912,310,6,375.5,5.930918047239948,1.9459101490553132,0.5191458898706842,0.48966298795922886,-0.6525918785127263
17913,59,14,3479.64,8.154971463905486,2.70805020110221,-0.6799699231857812,1.4312993642702228,0.9500457956749172
17914,4,1,336.43,5.821358081393286,0.6931471805599453,-0.9427243842140904,-1.058145946714099,-0.7315400402487973
17915,551,1,242.13,5.493596279713942,0.6931471805599453,1.670488164558366,-1.058145946714099,-0.9677229518618099
17916,629,2,43.87,3.803769419987892,1.0986122886681098,2.0431217638348773,-0.5571872395918231,-2.1854006245102777
17917,45,3,341.28,5.835629115549854,1.3862943611198906,-0.7468528769020781,-0.20175138038774237,-0.7212564306836884
17918,501,3,396.39,5.984918166237948,1.3862943611198906,1.4316204727144486,-0.20175138038774237,-0.6136797622531438
17919,88,2,1840.32,7.51823798470524,1.0986122886681098,-0.5414266619163092,-0.5571872395918231,0.49122000734793275
17920,4,54,24516.46,10.10714079577743,4.007333185232471,-0.9427243842140904,3.0365845316001647,2.3567656586997687
17921,64,10,2423.5,7.793380596545407,2.3978952727983707,-0.6560831540013895,1.0480979277381186,0.689485890804342
17922,543,1,170.4,5.1440000061636795,0.6931471805599453,1.6322693338633394,-1.058145946714099,-1.2196396345048313
17923,282,3,497.0,6.210600077024653,1.3862943611198906,0.3853799824380904,-0.20175138038774237,-0.45105492154599314
17924,12,8,3536.7000000000003,8.171232077455805,2.1972245773362196,-0.9045055535190636,0.8001660338568091,0.9617630825376662
17925,373,1,488.16,6.1926896343211695,0.6931471805599453,0.8201191815940201,-1.058145946714099,-0.4639610640077226
17926,133,5,1035.49,6.943595283975941,1.791759469228055,-0.3264457392567835,0.2992073267345332,0.07713640913721337
17927,722,1,294.0,5.68697535633982,0.6931471805599453,2.487415670664564,-1.058145946714099,-0.8283753124220607
17928,45,3,341.24,5.835512245334096,1.3862943611198906,-0.7468528769020781,-0.20175138038774237,-0.7213406465614912
17929,11,12,3082.1,8.033690863299137,2.5649493574615367,-0.909282907355942,1.2544959545938104,0.8626518247282788
17930,36,13,4275.22,8.36082472077466,2.6390573296152584,-0.7898490614339833,1.3460575542855853,1.0983822440446633
17931,134,14,3437.29,8.142729533752492,2.70805020110221,-0.3216683854199051,1.4312993642702228,0.9412243445708439
17932,29,3,1331.57,7.19486468749322,1.3862943611198906,-0.8232905382921317,-0.20175138038774237,0.2581994220261736
17933,632,1,114.69,4.750914200040797,0.6931471805599453,2.057453825345512,-1.058145946714099,-1.5028945767469353
17934,52,3,1049.15,6.956688290091316,1.3862943611198906,-0.7134114000439297,-0.20175138038774237,0.08657113975637694
17935,138,7,686.14,6.532538056031691,2.0794415416798357,-0.30255897007239174,0.654643185938614,-0.21906861670172387
17936,5,1,389.84,5.968298269076143,0.6931471805599453,-0.937947030377212,-1.058145946714099,-0.6256559464279683
17937,9,7,4301.22,8.366886447525236,2.0794415416798357,-0.9188376150296986,0.654643185938614,1.102750282864373
17938,420,1,144.29,4.978731745083247,0.6931471805599453,1.0446548119273025,-1.058145946714099,-1.3387308126079567
17939,160,1,99.14,4.606569206901798,0.6931471805599453,-0.19745718566106807,-1.058145946714099,-1.6069085911368177
17940,49,16,30393.19,10.322006750707807,2.833213344056216,-0.7277434615545647,1.5859404542672264,2.511596595623938
17941,131,4,1433.28,7.268418260118725,1.6094379124341003,-0.33600044693054015,0.07394609082159041,0.311201623177199
17942,8,1,77.50000000000001,4.363098624788363,0.6931471805599453,-0.923614968866577,-1.058145946714099,-1.7823518266848182
17944,423,1,75.41,4.336113577659475,0.6931471805599453,1.0589868734379375,-1.058145946714099,-1.8017970670034276
17945,697,3,360.35,5.88984701772899,1.3862943611198906,2.3679818247426048,-0.20175138038774237,-0.6821873813539389
17946,233,2,149.57999999999998,5.014494504421976,1.0986122886681098,0.15128964443105136,-0.5571872395918231,-1.3129604129315482
17947,37,1,176.68,5.179984179586172,0.6931471805599453,-0.7850717075971049,-1.058145946714099,-1.1937096853546665
17948,147,1,358.56000000000006,5.884881061705198,0.6931471805599453,-0.2595627855404866,-1.058145946714099,-0.6857658152856293
17949,1,118,118628.08,11.683756929419816,4.77912349311153,-0.9570564457247255,3.9901439552669107,3.4928644567653415
17950,72,7,1432.81,7.268090515867877,2.0794415416798357,-0.6178643233063628,0.654643185938614,0.310965452912595
17951,40,4,1636.0800000000002,7.400669446060975,1.6094379124341003,-0.7707396460864698,0.07394609082159041,0.40650092285176226
17952,378,4,819.61,6.71004796613905,1.6094379124341003,0.8440059507784119,0.07394609082159041,-0.09115619007204583
17953,540,1,160.82,5.086484606379694,0.6931471805599453,1.6179372723527043,-1.058145946714099,-1.2610848380458404
17954,5,19,3966.05,8.285778024417759,2.995732273553991,-0.937947030377212,1.7867352234743035,1.0443041081493427
17955,199,6,949.9,6.857408904545399,1.9459101490553132,-0.011140386022812485,0.48966298795922886,0.015031093841187343
17956,249,1,12.75,2.6210388241125804,0.6931471805599453,0.22772730582110493,-1.058145946714099,-3.037668199183025
17957,66,1,111.68,4.724551943008172,0.6931471805599453,-0.6465284463276328,-1.058145946714099,-1.521891038783556
17958,117,2,973.88,6.882314386500184,1.0986122886681098,-0.40288340064683703,-0.5571872395918231,0.032977813724553044
17959,592,1,140.75,4.954064942607862,0.6931471805599453,1.8663596718703783,-1.058145946714099,-1.3565055416916074
17960,171,3,135.08,4.913242948087606,1.3862943611198906,-0.14490629345540623,-0.20175138038774237,-1.385921591622517
17961,21,100,2995.54,8.005213568716202,4.61512051684126,-0.8615093689871585,3.7875156222399355,0.8421312811048367
17962,142,4,687.42,6.534399116791592,1.6094379124341003,-0.2834495547248783,0.07394609082159041,-0.21772754905226005
17963,471,4,651.51,6.48082646474991,1.6094379124341003,1.2882998576080982,0.07394609082159041,-0.2563316355480192
17964,32,2,733.46,6.599135535315476,1.0986122886681098,-0.8089584767814967,-0.5571872395918231,-0.17107892881637415
17965,38,29,7240.9800000000005,8.887649928653726,3.4011973816621555,-0.7802943537602266,2.2876939305965793,1.4780088840938839
17966,38,10,1974.42,7.588536312954514,2.3978952727983707,-0.7802943537602266,1.0480979277381186,0.5418765016751277
17967,372,2,357.28999999999996,5.881342714348445,1.0986122886681098,0.8153418277571418,-0.5571872395918231,-0.68831552418012
17968,374,4,888.04,6.790142228877391,1.6094379124341003,0.8248965354308985,0.07394609082159041,-0.03344081237972452
17969,166,20,2369.94,7.771041779967057,3.044522437723423,-0.16879306263979799,1.8470162614078611,0.6733886924290857
17970,211,1,582.59,6.369198681477835,0.6931471805599453,0.046187860019727696,-1.058145946714099,-0.3367698523720103
17971,548,1,161.94,5.093382034882496,0.6931471805599453,1.656156103047731,-1.058145946714099,-1.2561145982616808
17972,242,1,136.04,4.920272854015864,0.6931471805599453,0.19428582896295649,-1.058145946714099,-1.3808558895120377
17973,52,1,337.04,5.823164231676282,0.6931471805599453,-0.7134114000439297,-1.058145946714099,-0.7302385407132718
17974,25,6,1858.06,7.527826262617495,1.9459101490553132,-0.842399953639645,0.48966298795922886,0.49812925480467757
17975,15,24,7028.83,8.857917802435505,3.2188758248682006,-0.8901734920084285,2.062432694683636,1.4565841173801135
17976,372,1,706.38,6.561568003824347,0.6931471805599453,0.8153418277571418,-1.058145946714099,-0.1981498349568302
17977,29,2,1565.6299999999999,7.3566820945008375,1.0986122886681098,-0.8232905382921317,-0.5571872395918231,0.37480393829655045
17978,365,4,1461.76,7.288080341083193,1.6094379124341003,0.7819003508989933,0.07394609082159041,0.32536998418438523
17979,36,4,757.71,6.631619622697395,1.6094379124341003,-0.7898490614339833,0.07394609082159041,-0.1476711177180603
17980,166,4,1033.42,6.941596162150855,1.6094379124341003,-0.16879306263979799,0.07394609082159041,0.07569585562884641
17981,411,1,239.12,5.481138798383642,0.6931471805599453,1.0016586273953973,-1.058145946714099,-0.9766997276693622
17982,681,1,138.18,4.935768059416704,0.6931471805599453,2.2915441633525515,-1.058145946714099,-1.369690150524575
17983,395,1,171.71,5.151613887355828,0.6931471805599453,0.9252209660053438,-1.058145946714099,-1.2141531238149843
17984,145,5,1191.27,7.0836143320428775,1.791759469228055,-0.2691174932142433,0.2992073267345332,0.1780331771080114
17985,22,1,634.95,6.455119943897493,0.6931471805599453,-0.8567320151502801,-1.058145946714099,-0.2748555785799904
17986,56,1,20.8,3.0819099697950434,0.6931471805599453,-0.6943019846964162,-1.058145946714099,-2.7055676050686475
17987,185,5,1003.64,6.912384547365799,1.791759469228055,-0.07802333973910935,0.2992073267345332,0.054646165892267756
17988,12,14,489.54,6.19550682511979,2.70805020110221,-0.9045055535190636,1.4312993642702228,-0.46193101559458083
17989,379,1,228.82999999999998,5.437339905196839,0.6931471805599453,0.8487833046152902,-1.058145946714099,-1.0082609104102567
17990,237,6,1527.6100000000001,7.332114104721181,1.9459101490553132,0.17039905977856476,0.48966298795922886,0.35710041296532596
17991,225,3,320.55,5.773153052580872,1.3862943611198906,0.11307081373602457,-0.20175138038774237,-0.7662762541729674
17992,389,1,254.13,5.541773219174124,0.6931471805599453,0.8965568429840737,-1.058145946714099,-0.9330069789326594
17993,617,1,235.19,5.4646365658644855,0.6931471805599453,1.9857935177923371,-1.058145946714099,-0.9885911235078024
17994,122,11,2313.32,7.746871186870239,2.4849066497880004,-0.3789966314624453,1.15560189306089,0.6559715284283683
17995,282,3,495.48,6.20754320070007,1.3862943611198906,0.3853799824380904,-0.20175138038774237,-0.45325768570911895
17996,380,3,482.33,6.180699650171005,1.3862943611198906,0.8535606584521686,-0.20175138038774237,-0.4726009645460721
17997,74,8,1970.6699999999998,7.586636178360023,2.1972245773362196,-0.608309615632606,0.8001660338568091,0.5405072776878169
17998,380,3,639.24,6.461843106058791,1.3862943611198906,0.8535606584521686,-0.20175138038774237,-0.2700109139291193
17999,37,3,730.9,6.595643892607181,1.3862943611198906,-0.7850717075971049,-0.20175138038774237,-0.17359498266075787
18000,564,1,124.25,4.830311739964974,0.6931471805599453,1.7325937644377847,-1.058145946714099,-1.4456812527472453
18001,12,6,953.84,6.861543787177443,1.9459101490553132,-0.9045055535190636,0.48966298795922886,0.018010661973320522
18002,376,4,249.92,5.525134163228542,1.6094379124341003,0.8344512431046551,0.07394609082159041,-0.944996968795981
18003,376,1,358.61,5.885020110887118,0.6931471805599453,0.8344512431046551,-1.058145946714099,-0.685665617396568
18004,362,1,169.47,5.138559328162834,0.6931471805599453,0.7675682893883583,-1.058145946714099,-1.2235601498449495
18005,4,2,249.72,5.524336778607711,1.0986122886681098,-0.9427243842140904,-0.5571872395918231,-0.9455715586977284
18006,23,4,997.86,6.9066146286878665,1.6094379124341003,-0.8519546613134018,0.07394609082159041,0.050488401973036945
18007,393,1,220.32,5.399609618029909,0.6931471805599453,0.9156662583315871,-1.058145946714099,-1.035449097177056
18008,70,23,19787.13,9.892837541964184,3.1780538303479458,-0.6274190309801194,2.0119964593872464,2.202340200350377
18009,235,8,2155.83,7.6763948301168,2.1972245773362196,0.16084435210480805,0.8001660338568091,0.6051867479792146
18010,257,1,174.8,5.169346985251076,0.6931471805599453,0.2659461365161317,-1.058145946714099,-1.2013747748086052
18011,373,2,527.03,6.2691531002739875,1.0986122886681098,0.8201191815940201,-0.5571872395918231,-0.40886201363568786
18012,723,1,115.3,4.7561730595246186,0.6931471805599453,2.492193024501442,-1.058145946714099,-1.49910507858611
18013,155,2,187.29,5.237983327508337,1.0986122886681098,-0.2213439548454598,-0.5571872395918231,-1.1519158962152836
18014,28,1,166.42,5.12050562523191,0.6931471805599453,-0.82806789212901,-1.058145946714099,-1.2365695246463284
18015,4,1,120.03,4.7960384487505126,0.6931471805599453,-0.9427243842140904,-1.058145946714099,-1.4703783518848423
18016,32,7,1960.46,7.58144437288496,2.0794415416798357,-0.8089584767814967,0.654643185938614,0.5367660981868924
18017,81,4,688.0,6.535241271013659,1.6094379124341003,-0.5748681387744575,0.07394609082159041,-0.21712069848219426
18018,108,4,297.99,5.700410128015343,1.6094379124341003,-0.44587958517874215,0.07394609082159041,-0.8186943078787514
18019,52,1,38.45,3.6750340472918834,0.6931471805599453,-0.7134114000439297,-1.058145946714099,-2.2781664532161976
18020,544,1,190.48000000000002,5.254783364524308,0.6931471805599453,1.6370466877002177,-1.058145946714099,-1.139809904494136
18021,510,2,227.06,5.429608752229212,1.0986122886681098,1.474616657246354,-0.5571872395918231,-1.013831926339093
18022,36,5,1651.79,7.410220048008251,1.791759469228055,-0.7898490614339833,0.2992073267345332,0.41338302126593723
18024,153,2,389.78,5.968144741786365,1.0986122886681098,-0.2308986625192165,-0.5571872395918231,-0.6257665771424867
18025,380,6,1177.72,7.072184382934504,1.9459101490553132,0.8535606584521686,0.48966298795922886,0.16979683398879303
18026,501,2,2074.07,7.637750167035548,1.0986122886681098,1.4316204727144486,-0.5571872395918231,0.5773396681850795
18027,99,1,115.31,4.7562590403509475,0.6931471805599453,-0.48887576971064733,-1.058145946714099,-1.4990431213909725
18028,583,1,192.05,5.262949222710246,0.6931471805599453,1.8233634873384732,-1.058145946714099,-1.1339256429594118
18029,642,1,433.77,6.0748171556265245,0.6931471805599453,2.1052273637142958,-1.058145946714099,-0.5488991656245179
18030,4,2,230.64999999999998,5.4452276118626575,1.0986122886681098,-0.9427243842140904,-0.5571872395918231,-1.0025770829577063
18031,379,1,462.09999999999997,6.137943013486706,0.6931471805599453,0.8487833046152902,-1.058145946714099,-0.5034111043827969
18032,334,1,73.5,4.310799125385514,0.6931471805599453,0.6338023819557645,-1.058145946714099,-1.8200384881004534
18033,65,1,97.97,4.5948167739086,0.6931471805599453,-0.6513058001645111,-1.058145946714099,-1.615377313936877
18034,22,3,793.7,6.677964684946134,1.3862943611198906,-0.8567320151502801,-0.20175138038774237,-0.11427518297304039
18035,36,5,1276.74,7.152848171360671,1.791759469228055,-0.7898490614339833,0.2992073267345332,0.2279226079948397
18036,32,11,1563.6399999999999,7.355411044563965,2.4849066497880004,-0.8089584767814967,1.15560189306089,0.37388802840907137
18037,154,15,167.42,5.126460859601846,2.772588722239781,-0.22612130868233815,1.5110377522649707,-1.232278223507444
18038,556,1,149.41,5.013364898667122,0.6931471805599453,1.6943749337427578,-1.058145946714099,-1.3137743991092823
18039,374,4,579.17,6.363321164042317,1.6094379124341003,0.8248965354308985,0.07394609082159041,-0.34100515121972363
18040,19,2,357.20000000000005,5.881091489626612,1.0986122886681098,-0.8710640766609151,-0.5571872395918231,-0.6884965549956934
18041,12,38,8752.38,9.077195190476827,3.6635616461296463,-0.9045055535190636,2.611849228042442,1.6145939028192433
18042,54,2,281.15,5.642438844415149,1.0986122886681098,-0.703856692370173,-0.5571872395918231,-0.8604680181783809
18043,25,3,875.97,6.776472784261436,1.3862943611198906,-0.842399953639645,-0.20175138038774237,-0.04329092063818332
18044,4,18,3505.61,8.162405037797205,2.9444389791664403,-0.9427243842140904,1.7233615276208618,0.955402378157809
18045,45,1,189.4,5.249127122357265,0.6931471805599453,-0.7468528769020781,-1.058145946714099,-1.1438857538974396
18046,650,1,189.63,5.250334376525886,0.6931471805599453,2.1434461944093224,-1.058145946714099,-1.143015814804047
18047,381,2,342.69,5.839740088291405,1.0986122886681098,0.8583380122890469,-0.5571872395918231,-0.7182940918550437
18048,203,3,401.73,5.99826636222691,1.3862943611198906,0.00796902932470091,-0.20175138038774237,-0.604061143557185
18049,437,2,556.52,6.323498377130264,1.0986122886681098,1.1258698271542344,-0.5571872395918231,-0.3697011789851396
18050,359,2,412.06,6.0235928608595035,1.0986122886681098,0.7532362278777233,-0.5571872395918231,-0.5858110419365545
18051,634,7,2282.28,7.733368284651133,2.0794415416798357,2.067008533019269,0.654643185938614,0.6462414294815295
18052,565,1,10877.18,9.294514227005408,0.6931471805599453,1.737371118274663,-1.058145946714099,1.771192513558115
18053,71,3,571.07,6.349261361514645,1.3862943611198906,-0.622641677143241,-0.20175138038774237,-0.3511365487183807
18054,393,1,176.5,5.178970608915471,0.6931471805599453,0.9156662583315871,-1.058145946714099,-1.1944400574447185
18055,7,14,11195.57,9.323362760379078,2.70805020110221,-0.9283923227034554,1.4312993642702228,1.7919805693139974
18056,288,2,554.6,6.320048610880189,1.0986122886681098,0.4140441054593605,-0.5571872395918231,-0.37218705694026527
18057,393,3,1203.56,7.093869634014788,1.3862943611198906,0.9156662583315871,-0.20175138038774237,0.18542307753809906
18058,10,3,774.06,6.6529404457114625,1.3862943611198906,-0.9140602611928204,-0.20175138038774237,-0.1323074785397075
18059,23,3,306.46,5.728344997484453,1.3862943611198906,-0.8519546613134018,-0.20175138038774237,-0.7985646320808419
18060,408,2,1185.46,7.078729362707452,1.0986122886681098,0.9873265658847623,-0.5571872395918231,0.17451310162981432
18061,22,28,6488.97,8.778013187191304,3.367295829986474,-0.8567320151502801,2.245808014503504,1.3990053983744255
18062,173,6,1632.67,7.3985842966392745,1.9459101490553132,-0.13535158578164955,0.48966298795922886,0.4049983784459095
18063,391,2,186.60000000000002,5.234312036572124,1.0986122886681098,0.9061115506578303,-0.5571872395918231,-1.15456140334348
18064,133,11,4495.03,8.41095006414913,2.4849066497880004,-0.3264457392567835,1.15560189306089,1.1345022235026916
18065,6,29,5866.63,8.677206083423497,3.4011973816621555,-0.9331696765403337,2.2876939305965793,1.3263644891618005
18066,75,3,1440.4,7.27337014249034,1.3862943611198906,-0.6035322617957277,-0.20175138038774237,0.3147699157314284
18067,40,1,396.33,5.98476716966025,0.6931471805599453,-0.7707396460864698,-1.058145946714099,-0.6137885693538543
18068,289,1,101.69999999999999,4.631812116934513,0.6931471805599453,0.4188214592962389,-1.058145946714099,-1.5887187228893136
18069,26,11,4540.56,8.421025844348996,2.4849066497880004,-0.8376225998027668,1.15560189306089,1.1417627617722037
18070,669,1,314.1,5.752890048763229,0.6931471805599453,2.2342159173100113,-1.058145946714099,-0.7808776360763978
18071,258,6,1428.63,7.265170948515917,1.9459101490553132,0.2707234903530101,0.48966298795922886,0.3088616326556179
18072,186,1,247.44,5.515201367691102,0.6931471805599453,-0.07324598590223101,-1.058145946714099,-0.9521544732961074
18073,114,12,3877.5200000000004,8.263208916550349,2.5649493574615367,-0.4172154621574721,1.2544959545938104,1.028040963446935
18074,374,2,1509.04,7.31989141952434,1.0986122886681098,0.8248965354308985,-0.5571872395918231,0.348292829644975
18075,23,20,5783.29,8.662900900894304,3.044522437723423,-0.8519546613134018,1.8470162614078611,1.3160562725130345
18076,380,1,151.49,5.027099020126921,0.6931471805599453,0.8535606584521686,-1.058145946714099,-1.3038776851596943
18077,8,18,4338.56,8.37552823946642,2.9444389791664403,-0.923614968866577,1.7233615276208618,1.1089774990065986
18078,217,4,844.6,6.740046434556028,1.6094379124341003,0.07485198304099779,0.07394609082159041,-0.06953949899227076
18079,45,5,4242.75,8.353202591307006,1.791759469228055,-0.7468528769020781,0.2992073267345332,1.0928897897039251
18080,19,2,1231.5,7.116799905916845,1.0986122886681098,-0.8710640766609151,-0.5571872395918231,0.2019464745726449
18081,36,3,343.45,5.841948942039205,1.3862943611198906,-0.7898490614339833,-0.20175138038774237,-0.7167024069582384
18082,26,1,703.37,6.557303786277275,0.6931471805599453,-0.8376225998027668,-1.058145946714099,-0.2012226009437711
18083,398,1,470.72999999999996,6.156406788013439,0.6931471805599453,0.9395530275159788,-1.058145946714099,-0.4901062347953509
18084,16,3,812.93,6.701874367218756,1.3862943611198906,-0.8853961381715503,-0.20175138038774237,-0.09704602952698214
18085,330,4,1645.75,7.406558927520802,1.6094379124341003,0.6146929666082511,0.07394609082159041,0.4107448428935294
18086,274,1,101.34,4.628300603376946,0.6931471805599453,0.3471611517430636,-1.058145946714099,-1.5912490955317184
18087,98,17,14761.519999999999,9.599846815288782,2.8903717578961645,-0.49365312354752566,1.6565606001831652,1.9912130874676257
18088,61,1,167.67000000000002,5.127944143269923,0.6931471805599453,-0.6704152155120245,-1.058145946714099,-1.231209379445447
18089,447,1,428.45,6.062505320212233,0.6931471805599453,1.1736433655230178,-1.058145946714099,-0.557770989981562
18090,422,1,349.4,5.859075359062237,0.6931471805599453,1.0542095196010592,-1.058145946714099,-0.7043612280372258
18091,593,1,360.85,5.891229761312137,0.6931471805599453,1.8711370257072568,-1.058145946714099,-0.6811909857892071
18092,2,18,16179.44,9.691558384309479,2.9444389791664403,-0.9522790918878471,1.7233615276208618,2.0572998165767644
18093,93,8,4452.71,8.401492735684092,2.1972245773362196,-0.5175398927319174,0.8001660338568091,1.1276873373216032
18094,82,13,6391.52,8.762883835826853,2.6390573296152584,-0.5700907849375793,1.3460575542855853,1.3881032913022657
18095,313,5,2303.09,7.742441083552863,1.791759469228055,0.5334779513813193,0.2992073267345332,0.6527792262904029
18096,12,6,1805.28,7.4990247607193545,1.9459101490553132,-0.9045055535190636,0.48966298795922886,0.477375089608254
18097,8,11,4663.32,8.447697336311375,2.4849066497880004,-0.923614968866577,1.15560189306089,1.160982056383296
18098,396,1,550.84,6.313258149188531,0.6931471805599453,0.9299983198422221,-1.058145946714099,-0.3770802171722236
18099,127,1,168.31,5.131731354140141,0.6931471805599453,-0.3551098622780536,-1.058145946714099,-1.2284803412059775
18100,550,1,451.56,6.1149203510349,0.6931471805599453,1.6657108107214877,-1.058145946714099,-0.5200010774153185
18101,11,5,629.16,6.445973755395069,1.791759469228055,-0.909282907355942,0.2992073267345332,-0.28144625943296375
18102,1,145,608821.65,13.319282289173948,4.983606621708336,-0.9570564457247255,4.242786172024185,4.671412840086591
18103,549,1,105.8,4.6709579265260945,0.6931471805599453,1.6609334568846095,-1.058145946714099,-1.56051052034888
18104,37,1,754.64,6.627565072288651,0.6931471805599453,-0.7850717075971049,-1.058145946714099,-0.15059279899974795
18105,38,1,113.48000000000002,4.740400135248196,0.6931471805599453,-0.7802943537602266,-1.058145946714099,-1.5104709398950542
18106,330,6,1461.46,7.287875228304632,1.9459101490553132,0.6146929666082511,0.48966298795922886,0.3252221813196177
18107,442,1,167.13,5.124737489690837,0.6931471805599453,1.1497565963386263,-1.058145946714099,-1.2335200720733324
18108,254,3,848.8100000000001,6.745012795086175,1.3862943611198906,0.25161407500549665,-0.20175138038774237,-0.0659607735760689
18109,2,38,9893.96,9.199780815582816,3.6635616461296463,-0.9522790918878471,2.611849228042442,1.7029282654908235
18110,20,2,435.43,6.078627995867447,1.0986122886681098,-0.8662867228240368,-0.5571872395918231,-0.5461531002221997
18111,589,1,405.85,6.008444567142666,0.6931471805599453,1.8520276103597433,-1.058145946714099,-0.5967267987382333
18112,12,4,775.96,6.655388868991024,1.6094379124341003,-0.9045055535190636,0.07394609082159041,-0.130543161477545
18113,369,1,152.64000000000001,5.034612203477704,0.6931471805599453,0.8010097662465068,-1.058145946714099,-1.2984637366453204
18114,290,1,220.1,5.3986150878634005,0.6931471805599453,0.4235988131331172,-1.058145946714099,-1.0361657488100693
18115,698,1,9.700000000000001,2.3702437414678608,0.6931471805599453,2.3727591785794835,-1.058145946714099,-3.2183894196967118
18116,68,13,2154.3,7.675685203985768,2.6390573296152584,-0.6369737386538761,1.3460575542855853,0.6046753962447383
18117,26,1,320.72,5.773681602035868,0.6931471805599453,-0.8376225998027668,-1.058145946714099,-0.7658953850522435
18118,11,29,6733.22,8.814957269220036,3.4011973816621555,-0.909282907355942,2.2876939305965793,1.425627051098169
18119,368,1,362.24,5.8950637728216275,0.6931471805599453,0.7962324124096284,-1.058145946714099,-0.6784282233293059
18120,214,1,111.15,4.719837260966218,0.6931471805599453,0.06051992153036274,-1.058145946714099,-1.5252884064032513
18121,149,2,673.1,6.513378467859393,1.0986122886681098,-0.2500080778667299,-0.5571872395918231,-0.23287488484112887
18122,8,6,1826.21,7.510545492301356,1.9459101490553132,-0.923614968866577,0.48966298795922886,0.48567684995679833
18123,24,3,684.59,6.5302797814129026,1.3862943611198906,-0.8471773074765234,-0.20175138038774237,-0.22069591394000615
18124,472,1,111.53,4.723219852761906,0.6931471805599453,1.2930772114449767,-1.058145946714099,-1.522850933900322
18125,30,4,1142.99,7.042277430642797,1.6094379124341003,-0.8185131844552533,0.07394609082159041,0.14824608880269888
18126,61,1,206.82999999999998,5.336720437830982,0.6931471805599453,-0.6704152155120245,-1.058145946714099,-1.0807666101155202
18127,19,4,561.53,6.332444465989737,1.6094379124341003,-0.8710640766609151,0.07394609082159041,-0.3632546885657152
18128,537,1,420.04,6.042727841045523,0.6931471805599453,1.6036052108420693,-1.058145946714099,-0.5720225061436838
18129,243,1,112.55000000000001,4.732243268551567,0.6931471805599453,0.19906318279983484,-1.058145946714099,-1.5163487222241059
18130,15,3,1059.39,6.966392043966783,1.3862943611198906,-0.8901734920084285,-0.20175138038774237,0.0935635984020797
18131,632,1,222.95999999999998,5.411467464480692,0.6931471805599453,2.057453825345512,-1.058145946714099,-1.0269044141607417
18132,504,1,226.9,5.4289069362516384,0.6931471805599453,1.4459525342250839,-1.058145946714099,-1.0143376501304273
18133,212,1,931.4999999999999,6.83786915151797,0.6931471805599453,0.050965213856606045,-1.058145946714099,0.0009508815084145821
18134,598,2,445.0,6.100318952020064,1.0986122886681098,1.8950237948916484,-0.5571872395918231,-0.530522745636807
18135,29,10,1249.6200000000001,7.131394707329006,2.3978952727983707,-0.8232905382921317,1.0480979277381186,0.21246338860678934
18136,63,5,1631.3600000000001,7.397782099433339,1.791759469228055,-0.6608605078382679,0.2992073267345332,0.40442032062826616
18137,551,2,145.99,4.990364557253896,1.0986122886681098,1.670488164558366,-0.5571872395918231,-1.330348287754133
18138,295,1,152.65,5.034677288576494,0.6931471805599453,0.44748558231750896,-1.058145946714099,-1.298416836768471
18139,18,6,8438.34,9.040659385480165,1.9459101490553132,-0.8758414304977935,0.48966298795922886,1.5882664517312153
18140,474,1,536.41,6.286761304121399,0.6931471805599453,1.3026319191187332,-1.058145946714099,-0.39617366242560453
18141,402,2,882.47,6.783857335325853,1.0986122886681098,0.9586624428634922,-0.5571872395918231,-0.03796966366921192
18142,157,2,1019.52,6.928067580294015,1.0986122886681098,-0.2117892471717031,-0.5571872395918231,0.06594725211076653
18143,117,2,1000.16,6.908914606701983,1.0986122886681098,-0.40288340064683703,-0.5571872395918231,0.05214575039264143
18144,8,19,5058.0,8.528924114291936,2.995732273553991,-0.923614968866577,1.7867352234743035,1.2195135168100393
18145,13,11,5617.79,8.633871617215725,2.4849066497880004,-0.8997281996821853,1.15560189306089,1.2951379693242009
18146,141,2,160.35000000000002,5.083575918497971,1.0986122886681098,-0.2882269085617567,-0.5571872395918231,-1.2631808186310058
18147,46,2,179.33999999999997,5.19484395807176,1.0986122886681098,-0.7420755230651997,-0.5571872395918231,-1.1830018306544894
18148,647,1,114.10000000000001,4.745801315727837,0.6931471805599453,2.1291141328986876,-1.058145946714099,-1.5065788861984584
18149,51,7,1624.71,7.393699922417667,2.0794415416798357,-0.718188753880808,0.654643185938614,0.4014787318026582
18150,32,3,566.58,6.341381708583334,1.3862943611198906,-0.8089584767814967,-0.20175138038774237,-0.35681457270495154
18151,135,6,1879.44,7.539261070993501,1.9459101490553132,-0.3168910315830268,0.48966298795922886,0.5063690994789024
18152,646,1,426.69,6.058398634085082,0.6931471805599453,2.1243367790618093,-1.058145946714099,-0.5607302399052013
18153,659,1,246.22,5.510278628459677,0.6931471805599453,2.1864423789412277,-1.058145946714099,-0.9557017655029248
18154,3,5,932.6,6.839048080972346,1.791759469228055,-0.9475017380509687,0.2992073267345332,0.0018004100065318765
18155,75,3,371.62,5.920559133592207,1.3862943611198906,-0.6035322617957277,-0.20175138038774237,-0.6600564408074647
18156,13,2,941.1700000000001,6.848185725385432,1.0986122886681098,-0.8997281996821853,-0.5571872395918231,0.008384934047189551
18157,571,1,215.35,5.3768974666708935,0.6931471805599453,1.766035241295933,-1.058145946714099,-1.051815318040754
18158,9,2,453.4,6.118977867406942,1.0986122886681098,-0.9188376150296986,-0.5571872395918231,-0.5170772588807725
18159,301,1,530.15,6.275044467226023,0.6931471805599453,0.47614970533877904,-1.058145946714099,-0.4046167349211365
18160,57,3,1003.88,6.912623410378997,1.3862943611198906,-0.689524630859538,-0.20175138038774237,0.054818288945182266
18161,15,6,1803.1000000000001,7.497817131458757,1.9459101490553132,-0.8901734920084285,0.48966298795922886,0.4765048802261491
18162,732,1,379.16,5.940592216734226,0.6931471805599453,2.535189209033347,-1.058145946714099,-0.6456207381696804
18163,584,1,728.84,6.5928253320372185,0.6931471805599453,1.8281408411753517,-1.058145946714099,-0.17562601812175593
18164,37,1,399.65000000000003,5.99308822822408,0.6931471805599453,-0.7850717075971049,-1.058145946714099,-0.6077924714887638
18165,177,1,302.46000000000004,5.715249806097095,0.6931471805599453,-0.11624217043413615,-1.058145946714099,-0.8080009373920439
18166,624,1,175.5,5.173320876373351,0.6931471805599453,2.0192349946504855,-1.058145946714099,-1.1985112160568436
18167,23,3,1384.8600000000001,7.234076164546975,1.3862943611198906,-0.8519546613134018,-0.20175138038774237,0.28645494409052663
18168,176,16,3770.27,8.235167093740614,2.833213344056216,-0.12101952427101449,1.5859404542672264,1.0078342178035888
18169,61,1,202.65,5.316402834094422,0.6931471805599453,-0.6704152155120245,-1.058145946714099,-1.0954073363469274
18170,33,9,2878.0,7.965198290612176,2.302585092994046,-0.8041811229446183,0.9303406571479473,0.8132965455035862
18171,59,9,2437.31,7.799060455362338,2.302585092994046,-0.6799699231857812,0.9303406571479473,0.6935787582039605
18172,15,52,17479.84,9.768860702974834,3.970291913552122,-0.8901734920084285,2.990819440597063,2.113003338473688
18173,87,5,2696.36,7.9000287958781215,1.791759469228055,-0.5462040157531874,0.2992073267345332,0.7663358535139316
18174,7,2,162.5,5.096812990337308,1.0986122886681098,-0.9283923227034554,-0.5571872395918231,-1.2536422752369105
18175,676,1,176.1,5.176714544788788,0.6931471805599453,2.2676573941681597,-1.058145946714099,-1.1960657618175143
18176,358,1,476.35,6.168249974444042,0.6931471805599453,0.7484588740408449,-1.058145946714099,-0.48157211568926883
18177,31,9,2216.87,7.7043025548310125,2.302585092994046,-0.813735830618375,0.9303406571479473,0.6252968634524798
18178,129,11,6103.74,8.71682079759532,2.4849066497880004,-0.34555515460429687,1.15560189306089,1.3549105811343232
18179,9,8,2547.55,7.84327984897159,2.1972245773362196,-0.9188376150296986,0.8001660338568091,0.7254429506720396
18180,5,6,1843.75,7.520099045938476,1.9459101490553132,-0.937947030377212,0.48966298795922886,0.49256107533847865
18181,24,5,1205.94,7.095843509837092,1.791759469228055,-0.8471773074765234,0.2992073267345332,0.1868454389496048
18182,463,1,291.13,5.677198908673179,0.6931471805599453,1.2500810269130715,-1.058145946714099,-0.8354201537162836
18183,227,2,632.07,6.450581000548326,1.0986122886681098,0.12262552140978127,-0.5571872395918231,-0.2781263101001373
18184,15,1,49.8,3.927896354584436,0.6931471805599453,-0.8901734920084285,-1.058145946714099,-2.0959556047660586
18185,249,1,304.25,5.721131112990814,0.6931471805599453,0.22772730582110493,-1.058145946714099,-0.8037629078866803
18186,723,1,329.58,5.800848687489207,0.6931471805599453,2.492193024501442,-1.058145946714099,-0.746318969162614
18187,632,1,724.89,6.587398488193701,0.6931471805599453,2.057453825345512,-1.058145946714099,-0.17953656466276222
18188,15,6,3280.59,8.09608334001947,1.9459101490553132,-0.8901734920084285,0.48966298795922886,0.907611416538712
18189,78,3,1403.73,7.2476003924821635,1.3862943611198906,-0.5892002002850927,-0.20175138038774237,0.2962004102024556
18190,192,5,745.62,6.6155563542277696,1.791759469228055,-0.04458186288096092,0.2992073267345332,-0.1592461990659752
18191,262,2,529.4,6.273631438871653,1.0986122886681098,0.28983290570052345,-0.5571872395918231,-0.40563495348479117
18192,72,1,957.97,6.865859791808101,0.6931471805599453,-0.6178643233063628,-1.058145946714099,0.021120745378345497
18193,165,3,1207.35,7.09701107162899,1.3862943611198906,-0.17357041647667631,-0.20175138038774237,0.18768677598792252
18194,82,6,4162.04,8.334000855604256,1.9459101490553132,-0.5700907849375793,0.48966298795922886,1.0790531503424658
18195,387,1,101.16,4.626540211724284,0.6931471805599453,0.887002135310317,-1.058145946714099,-1.5925176217113242
18196,95,4,1464.31,7.289822103161742,1.6094379124341003,-0.5079851850581607,0.07394609082159041,0.32662508602035645
18197,576,1,230.1,5.442850517280335,0.6931471805599453,1.7899220104803248,-1.058145946714099,-1.0042900010486977
18198,4,17,5425.56,8.599060694675584,2.8903717578961645,-0.9427243842140904,1.6565606001831652,1.2700534567320076
18199,684,1,344.75,5.845715970544868,0.6931471805599453,2.3058762248631863,-1.058145946714099,-0.7139879119925711
18200,106,1,163.8,5.1047326174753715,0.6931471805599453,-0.45543429285249887,-1.058145946714099,-1.247935446110473
18201,723,1,447.53000000000003,6.105975568893946,0.6931471805599453,2.492193024501442,-1.058145946714099,-0.5264466262223191
18202,200,3,1396.99,7.242790769692349,1.3862943611198906,-0.0063630321859341355,-0.20175138038774237,0.29273462892947505
18203,157,4,504.42,6.2253897667868685,1.6094379124341003,-0.2117892471717031,0.07394609082159041,-0.44039757230030335
18204,71,3,1993.7,7.598248942076519,1.3862943611198906,-0.622641677143241,-0.20175138038774237,0.5488753557627575
18205,36,2,517.36,6.2506699815672135,1.0986122886681098,-0.7898490614339833,-0.5571872395918231,-0.4221808225069107
18206,553,1,314.65999999999997,5.754665684970771,0.6931471805599453,1.6800428722321228,-1.058145946714099,-0.779598124774855
18207,499,1,544.47,6.301647808343773,0.6931471805599453,1.422065765040692,-1.058145946714099,-0.38544654934236805
18208,566,1,360.08,5.889099540429954,0.6931471805599453,1.7421484721115414,-1.058145946714099,-0.6827260083810862
18209,29,1,139.10000000000002,4.942356453342962,0.6931471805599453,-0.8232905382921317,-1.058145946714099,-1.3649425989417359
18210,2,7,2768.83,7.9265412254569005,2.0794415416798357,-0.9522790918878471,0.654643185938614,0.7854405288597702
18211,26,5,600.07,6.3987114002985646,1.791759469228055,-0.8376225998027668,0.2992073267345332,-0.31550318912759917
18212,326,2,546.72,6.3057642074640325,1.0986122886681098,0.5955835512607377,-0.5571872395918231,-0.38248030030235564
18213,237,1,232.48000000000002,5.453096420335591,0.6931471805599453,0.17039905977856476,-1.058145946714099,-0.9969068734136403
18214,531,4,1780.34,7.485121169056339,1.6094379124341003,1.5749410878207992,0.07394609082159041,0.46735625658981095
18215,89,5,2247.4900000000002,7.7180141587914886,1.791759469228055,-0.5366493080794308,0.2992073267345332,0.6351773514461295
18216,31,1,481.75,6.179498921308624,0.6931471805599453,-0.813735830618375,-1.058145946714099,-0.4734662015484375
18217,29,4,945.04,6.852284851456062,1.6094379124341003,-0.8232905382921317,0.07394609082159041,0.011338736245828497
18218,211,4,1142.0,7.04141166379481,1.6094379124341003,0.046187860019727696,0.07394609082159041,0.1476222231359619
18219,3,17,3562.89,8.17860792391686,2.8903717578961645,-0.9475017380509687,1.6565606001831652,0.9670780670290162
18220,227,6,1921.76,7.561516932807789,1.9459101490553132,0.12262552140978127,0.48966298795922886,0.5224065212187855
18221,22,6,1424.94,7.262586524352708,1.9459101490553132,-0.8567320151502801,0.48966298795922886,0.3069993142872715
18222,93,1,443.0,6.095824562432225,0.6931471805599453,-0.5175398927319174,-1.058145946714099,-0.533761372021396
18223,5,26,14000.85,9.54694474272444,3.295836866004329,-0.937947030377212,2.1575193073054413,1.9530922159548656
18224,264,1,158.95000000000002,5.074861266395527,0.6931471805599453,0.29938761337428016,-1.058145946714099,-1.2694605373068972
18225,3,26,13054.26,9.47694639667601,3.295836866004329,-0.9475017380509687,2.1575193073054413,1.9026518867490003
18226,44,26,11878.88,9.38260149185552,3.295836866004329,-0.7516302307389565,2.1575193073054413,1.8346675938808659
18227,218,2,388.75,5.965505507937886,1.0986122886681098,0.07962933687787613,-0.5571872395918231,-0.6276683909950093
18228,57,2,779.9,6.660447100668629,1.0986122886681098,-0.689524630859538,-0.5571872395918231,-0.12689823434110364
18229,12,28,10803.710000000001,9.28773742915461,3.367295829986474,-0.9045055535190636,2.245808014503504,1.7663091993963873
18230,9,9,4291.06,8.364522083149614,2.302585092994046,-0.9188376150296986,0.9303406571479473,1.1010465380732253
18231,192,28,6880.97,8.836660227150016,3.367295829986474,-0.04458186288096092,2.245808014503504,1.4412660540822086
18232,82,4,592.97,6.386828813036717,1.6094379124341003,-0.5700907849375793,0.07394609082159041,-0.32406570020308006
18233,326,1,440.0,6.089044875446846,0.6931471805599453,0.5955835512607377,-1.058145946714099,-0.5386467680737343
18234,552,1,179.6,5.196284640982885,0.6931471805599453,1.6752655183952445,-1.058145946714099,-1.1819636844064607
18235,72,3,1796.48,7.494140962968628,1.3862943611198906,-0.6178643233063628,-0.20175138038774237,0.47385585836597494
18236,30,12,1795.3500000000001,7.493512107381559,2.5649493574615367,-0.8185131844552533,1.2544959545938104,0.4734027093328137
18237,3,5,987.1,6.895783907200917,1.791759469228055,-0.9475017380509687,0.2992073267345332,0.04268385817766217
18238,515,1,270.92,5.605507905387861,0.6931471805599453,1.4985034264307455,-1.058145946714099,-0.8870802001452132
18239,219,6,2150.36,7.673855479280672,1.9459101490553132,0.08440669071475448,0.48966298795922886,0.6033569091419527
18240,46,1,422.58,6.0487423982594555,0.6931471805599453,-0.7420755230651997,-1.058145946714099,-0.5676884573693263
18241,10,21,2986.9900000000002,8.002356199526893,3.091042453358316,-0.9140602611928204,1.9044924940644754,0.8400722804182815
18242,72,8,3605.21,8.190412638340476,2.1972245773362196,-0.6178643233063628,0.8001660338568091,0.9755844634701035
18243,414,1,515.78,6.247617252029137,0.6931471805599453,1.0159906889060324,-1.058145946714099,-0.42438059852405413
18244,431,2,568.64,6.345004582351227,1.0986122886681098,1.0972057041329644,-0.5571872395918231,-0.354203954656957
18245,7,20,6324.9800000000005,8.752420242305112,3.044522437723423,-0.9283923227034554,1.8470162614078611,1.3805632974065838
18246,24,3,758.8199999999999,6.633081563123593,1.3862943611198906,-0.8471773074765234,-0.20175138038774237,-0.146617653450122
18247,415,3,839.73,6.7342705620531635,1.3862943611198906,1.0207680427429107,-0.20175138038774237,-0.07370155319700893
18248,123,2,804.02,6.690867121830435,1.0986122886681098,-0.37421927762556695,-0.5571872395918231,-0.10497777523783779
18249,17,1,95.34,4.567883601202075,0.6931471805599453,-0.8806187843346719,-1.058145946714099,-1.634785173901677
18250,310,1,349.27,5.858704285656805,0.6931471805599453,0.5191458898706842,-1.058145946714099,-0.7046286209941472
18251,87,9,26278.86,10.176558145339303,2.302585092994046,-0.5462040157531874,0.9303406571479473,2.40678732581283
18252,51,7,1542.09,7.341542178594752,2.0794415416798357,-0.718188753880808,0.654643185938614,0.36389421848797515
18253,643,1,317.88,5.7648148564644845,0.6931471805599453,2.110004717551174,-1.058145946714099,-0.7722847012411689
18254,581,1,267.9,5.5943395632748185,0.6931471805599453,1.8138087796647167,-1.058145946714099,-0.8951280310536153
18255,89,2,303.15,5.717521000766714,1.0986122886681098,-0.5366493080794308,-0.5571872395918231,-0.8063643300535369
18256,388,1,110.7,4.715816706075155,0.6931471805599453,0.8917794891471953,-1.058145946714099,-1.5281855907475088
18257,39,12,4600.15,8.434061551232393,2.5649493574615367,-0.7755169999233482,1.2544959545938104,1.1511562029568678
18258,464,6,2059.67,7.630786451622126,1.9459101490553132,1.2548583807499498,0.48966298795922886,0.5723216625066894
18259,25,7,4318.200000000001,8.370825478904077,2.0794415416798357,-0.842399953639645,0.654643185938614,1.1055887219235405
18260,173,23,9962.11,9.206644550835057,3.1780538303479458,-0.13535158578164955,2.0119964593872464,1.7078742261491708
18261,43,2,324.24,5.784563371339637,1.0986122886681098,-0.7564075845758348,-0.5571872395918231,-0.7580540565493585
18262,140,3,577.54,6.360507688582179,1.3862943611198906,-0.29300426239863503,-0.20175138038774237,-0.3430325223853763
18263,26,3,1213.1599999999999,7.10180775865179,1.3862943611198906,-0.8376225998027668,-0.20175138038774237,0.19114323583570442
18264,499,1,603.25,6.4039880195835925,0.6931471805599453,1.422065765040692,-1.058145946714099,-0.31170089337554413
18265,72,2,801.51,6.687744315985722,1.0986122886681098,-0.6178643233063628,-0.5571872395918231,-0.10722804776205346
18266,434,1,251.1,5.529825834193874,0.6931471805599453,1.1115377656435994,-1.058145946714099,-0.9416161828006493
18267,673,1,269.37,5.599791391268202,0.6931471805599453,2.2533253326575244,-1.058145946714099,-0.8911994811051674
18268,134,6,1490.23,7.307356561754713,1.9459101490553132,-0.3216683854199051,0.48966298795922886,0.3392602969046842
18269,366,1,337.2,5.82363743646448,0.6931471805599453,0.7866777047358717,-1.058145946714099,-0.7298975525807522
18270,38,3,444.55,6.099309474058729,1.3862943611198906,-0.7802943537602266,-0.20175138038774237,-0.5312501685484938
18271,610,2,680.85,6.524809692303843,1.0986122886681098,1.9523520409341886,-0.5571872395918231,-0.22463762272346058
18272,3,9,4385.9800000000005,8.386396342231729,2.302585092994046,-0.9475017380509687,0.9303406571479473,1.116808979495382
18273,2,4,357.0,5.8805329864007,1.6094379124341003,-0.9522790918878471,0.07394609082159041,-0.6888990085987832
18274,30,1,175.92,5.1756976530001255,0.6931471805599453,-0.8185131844552533,-1.058145946714099,-1.1967985270824448
18275,578,2,741.85,6.610494140083362,1.0986122886681098,1.7994767181540816,-0.5571872395918231,-0.16289399594074486
18276,44,6,1656.52,7.413077788352227,1.9459101490553132,-0.7516302307389565,0.48966298795922886,0.41544228940400585
18277,58,5,1180.05,7.074159152303717,1.791759469228055,-0.6847472770226596,0.2992073267345332,0.17121983928408763
18278,74,2,414.20000000000005,6.028760331851679,1.0986122886681098,-0.608309615632606,-0.5571872395918231,-0.582087397697493
18279,519,1,231.33999999999997,5.448201816085328,0.6931471805599453,1.517612841778259,-1.058145946714099,-1.0004338917455426
18280,278,2,488.15000000000003,6.1926691909034375,1.0986122886681098,0.36627056709057704,-0.5571872395918231,-0.4639757953946582
18281,181,2,201.14,5.3089605266465165,1.0986122886681098,-0.09713275508662275,-0.5571872395918231,-1.100770212170649
18282,8,2,178.05,5.187665096444442,1.0986122886681098,-0.923614968866577,-0.5571872395918231,-1.1881748692224972
18283,4,22,2736.65,7.91485516714414,3.1354942159291497,-0.9427243842140904,1.9594133665673954,0.777019635200272
18284,432,1,461.68,6.137035670427201,0.6931471805599453,1.1019830579698426,-1.058145946714099,-0.5040649295830727
18285,661,1,427.0,6.059123195581797,0.6931471805599453,2.1959970866149843,-1.058145946714099,-0.5602081258484076
18286,477,2,1296.43,7.168140663681035,1.0986122886681098,1.3169639806293683,-0.5571872395918231,0.238942273323555
18287,43,7,4182.99,8.339020615684541,2.0794415416798357,-0.7564075845758348,0.654643185938614,1.0826703551091168
